[0m13:26:25.590645 [debug] [MainThread]: Sending event: {'category': 'dbt', 'action': 'invocation', 'label': 'start', 'context': [<snowplow_tracker.self_describing_json.SelfDescribingJson object at 0x70e4b5d14050>, <snowplow_tracker.self_describing_json.SelfDescribingJson object at 0x70e4b3623cb0>, <snowplow_tracker.self_describing_json.SelfDescribingJson object at 0x70e4b3fad4c0>]}


============================== 13:26:25.596045 | abe25170-1ca8-4811-be4f-d79797dd375b ==============================
[0m13:26:25.596045 [info ] [MainThread]: Running with dbt=1.12.3
[0m13:26:25.597080 [debug] [MainThread]: running dbt with arguments {'log_format': 'default', 'printer_width': '80', 'invocation_command': 'dbt debug --profiles-dir .', 'cache_selected_only': 'False', 'hints_enabled': 'True', 'log_path': '/home/hai/tiki-crawl/dbt/logs', 'static_parser': 'True', 'version_check': 'True', 'profiles_dir': '.', 'empty': 'None', 'warn_error_options': 'WarnErrorOptionsV2(error=[], warn=[], silence=[])', 'introspect': 'True', 'use_colors': 'True', 'quiet': 'False', 'debug': 'False', 'write_json': 'True', 'warn_error': 'None', 'fail_fast': 'False', 'use_experimental_parser': 'False', 'log_cache_events': 'False', 'target_path': 'None', 'send_anonymous_usage_stats': 'True', 'maximum_seed_size_mib': '1', 'indirect_selection': 'eager', 'partial_parse': 'True', 'no_print': 'None'}
[0m13:26:25.625257 [info ] [MainThread]: dbt version: 1.12.3
[0m13:26:25.625930 [info ] [MainThread]: python version: 3.12.3
[0m13:26:25.626353 [info ] [MainThread]: python path: /home/hai/tiki-crawl/.venv/bin/python3
[0m13:26:25.626851 [info ] [MainThread]: os info: Linux-6.6.87.2-microsoft-standard-WSL2-x86_64-with-glibc2.39
[0m13:26:25.705769 [info ] [MainThread]: Using profiles dir at .
[0m13:26:25.706515 [info ] [MainThread]: Using profiles.yml file at ./profiles.yml
[0m13:26:25.707179 [info ] [MainThread]: Using dbt_project.yml file at /home/hai/tiki-crawl/dbt/dbt_project.yml
[0m13:26:25.707896 [info ] [MainThread]: adapter type: postgres
[0m13:26:25.708418 [info ] [MainThread]: adapter version: 1.11.0
[0m13:26:25.871069 [info ] [MainThread]: Configuration:
[0m13:26:25.872276 [info ] [MainThread]:   profiles.yml file [[32mOK found and valid[0m]
[0m13:26:25.873059 [info ] [MainThread]:   dbt_project.yml file [[32mOK found and valid[0m]
[0m13:26:25.873737 [info ] [MainThread]: Required dependencies:
[0m13:26:25.874344 [debug] [MainThread]: Executing "git --help"
[0m13:26:25.879717 [debug] [MainThread]: STDOUT: "b"usage: git [-v | --version] [-h | --help] [-C <path>] [-c <name>=<value>]\n           [--exec-path[=<path>]] [--html-path] [--man-path] [--info-path]\n           [-p | --paginate | -P | --no-pager] [--no-replace-objects] [--bare]\n           [--git-dir=<path>] [--work-tree=<path>] [--namespace=<name>]\n           [--config-env=<name>=<envvar>] <command> [<args>]\n\nThese are common Git commands used in various situations:\n\nstart a working area (see also: git help tutorial)\n   clone     Clone a repository into a new directory\n   init      Create an empty Git repository or reinitialize an existing one\n\nwork on the current change (see also: git help everyday)\n   add       Add file contents to the index\n   mv        Move or rename a file, a directory, or a symlink\n   restore   Restore working tree files\n   rm        Remove files from the working tree and from the index\n\nexamine the history and state (see also: git help revisions)\n   bisect    Use binary search to find the commit that introduced a bug\n   diff      Show changes between commits, commit and working tree, etc\n   grep      Print lines matching a pattern\n   log       Show commit logs\n   show      Show various types of objects\n   status    Show the working tree status\n\ngrow, mark and tweak your common history\n   branch    List, create, or delete branches\n   commit    Record changes to the repository\n   merge     Join two or more development histories together\n   rebase    Reapply commits on top of another base tip\n   reset     Reset current HEAD to the specified state\n   switch    Switch branches\n   tag       Create, list, delete or verify a tag object signed with GPG\n\ncollaborate (see also: git help workflows)\n   fetch     Download objects and refs from another repository\n   pull      Fetch from and integrate with another repository or a local branch\n   push      Update remote refs along with associated objects\n\n'git help -a' and 'git help -g' list available subcommands and some\nconcept guides. See 'git help <command>' or 'git help <concept>'\nto read about a specific subcommand or concept.\nSee 'git help git' for an overview of the system.\n""
[0m13:26:25.880468 [debug] [MainThread]: STDERR: "b''"
[0m13:26:25.880968 [info ] [MainThread]:  - git [[32mOK found[0m]

[0m13:26:25.881658 [info ] [MainThread]: Connection:
[0m13:26:25.882260 [info ] [MainThread]:   host: localhost
[0m13:26:25.882801 [info ] [MainThread]:   port: 5433
[0m13:26:25.883312 [info ] [MainThread]:   user: tiki
[0m13:26:25.883724 [info ] [MainThread]:   database: tiki
[0m13:26:25.884126 [info ] [MainThread]:   schema: staging
[0m13:26:25.884706 [info ] [MainThread]:   connect_timeout: 10
[0m13:26:25.885265 [info ] [MainThread]:   role: None
[0m13:26:25.885795 [info ] [MainThread]:   search_path: None
[0m13:26:25.886228 [info ] [MainThread]:   keepalives_idle: 0
[0m13:26:25.886648 [info ] [MainThread]:   sslmode: None
[0m13:26:25.887041 [info ] [MainThread]:   sslcert: None
[0m13:26:25.887437 [info ] [MainThread]:   sslkey: None
[0m13:26:25.887836 [info ] [MainThread]:   sslrootcert: None
[0m13:26:25.888344 [info ] [MainThread]:   application_name: dbt
[0m13:26:25.888883 [info ] [MainThread]:   autocommit: False
[0m13:26:25.889361 [info ] [MainThread]:   retries: 1
[0m13:26:25.890139 [info ] [MainThread]: Registered adapter: postgres=1.11.0
[0m13:26:26.029501 [debug] [MainThread]: Acquiring new postgres connection 'debug'
[0m13:26:26.080862 [debug] [MainThread]: Using postgres connection "debug"
[0m13:26:26.081429 [debug] [MainThread]: On debug: select 1 as id
[0m13:26:26.081861 [debug] [MainThread]: Opening a new connection, currently in state init
[0m13:26:26.131172 [debug] [MainThread]: SQL status: SELECT 1 in 0.049 seconds
[0m13:26:26.132835 [debug] [MainThread]: On debug: Close
[0m13:26:26.133505 [info ] [MainThread]:   Connection test: [[32mOK connection ok[0m]

[0m13:26:26.134148 [info ] [MainThread]: [32mAll checks passed![0m
[0m13:26:26.136909 [debug] [MainThread]: Resource report: {"command_name": "debug", "command_success": true, "command_wall_clock_time": 0.6895648, "process_in_blocks": "4384", "process_kernel_time": 0.585381, "process_mem_max_rss": "124176", "process_out_blocks": "24", "process_user_time": 2.174275}
[0m13:26:26.137876 [debug] [MainThread]: Command `dbt debug` succeeded at 13:26:26.137748 after 0.69 seconds
[0m13:26:26.138476 [debug] [MainThread]: Connection 'debug' was properly closed.
[0m13:26:26.138969 [debug] [MainThread]: Sending event: {'category': 'dbt', 'action': 'invocation', 'label': 'end', 'context': [<snowplow_tracker.self_describing_json.SelfDescribingJson object at 0x70e4b73b36e0>, <snowplow_tracker.self_describing_json.SelfDescribingJson object at 0x70e4b258d4c0>, <snowplow_tracker.self_describing_json.SelfDescribingJson object at 0x70e4b258c620>]}
[0m13:26:26.139452 [debug] [MainThread]: Flushing usage events
[0m13:26:27.305076 [debug] [MainThread]: An error was encountered while trying to flush usage events
[0m13:26:35.103509 [debug] [MainThread]: Sending event: {'category': 'dbt', 'action': 'invocation', 'label': 'start', 'context': [<snowplow_tracker.self_describing_json.SelfDescribingJson object at 0x770bb3badfd0>, <snowplow_tracker.self_describing_json.SelfDescribingJson object at 0x770bb4518b90>, <snowplow_tracker.self_describing_json.SelfDescribingJson object at 0x770bb5ed4500>]}


============================== 13:26:35.107996 | cfd108d7-cbec-4784-8a49-eaa028422c8d ==============================
[0m13:26:35.107996 [info ] [MainThread]: Running with dbt=1.12.3
[0m13:26:35.108668 [debug] [MainThread]: running dbt with arguments {'static_parser': 'True', 'printer_width': '80', 'partial_parse': 'True', 'empty': 'False', 'write_json': 'True', 'target_path': 'None', 'introspect': 'True', 'use_experimental_parser': 'False', 'log_path': '/home/hai/tiki-crawl/dbt/logs', 'maximum_seed_size_mib': '1', 'use_colors': 'True', 'hints_enabled': 'True', 'cache_selected_only': 'False', 'debug': 'False', 'indirect_selection': 'eager', 'no_print': 'None', 'send_anonymous_usage_stats': 'True', 'fail_fast': 'False', 'quiet': 'False', 'profiles_dir': '.', 'version_check': 'True', 'log_format': 'default', 'warn_error_options': 'WarnErrorOptionsV2(error=[], warn=[], silence=[])', 'invocation_command': 'dbt run --profiles-dir . --select stg_listings', 'warn_error': 'None', 'log_cache_events': 'False'}
[0m13:26:35.326631 [debug] [MainThread]: Sending event: {'category': 'dbt', 'action': 'project_id', 'label': 'cfd108d7-cbec-4784-8a49-eaa028422c8d', 'context': [<snowplow_tracker.self_describing_json.SelfDescribingJson object at 0x770bb3a783b0>]}
[0m13:26:35.408700 [debug] [MainThread]: Sending event: {'category': 'dbt', 'action': 'adapter_info', 'label': 'cfd108d7-cbec-4784-8a49-eaa028422c8d', 'context': [<snowplow_tracker.self_describing_json.SelfDescribingJson object at 0x770bb39e9d30>]}
[0m13:26:35.410182 [info ] [MainThread]: Registered adapter: postgres=1.11.0
[0m13:26:35.525815 [debug] [MainThread]: checksum: b11284278684f540b15704c99909c8df3c16bdaf6844ccd0ae0d76372c1b52b6, vars: {}, profile: tiki, target: dev, version: 1.12.3
[0m13:26:35.526665 [info ] [MainThread]: Unable to do partial parsing because saved manifest not found. Starting full parse.
[0m13:26:35.527180 [debug] [MainThread]: Sending event: {'category': 'dbt', 'action': 'partial_parser', 'label': 'cfd108d7-cbec-4784-8a49-eaa028422c8d', 'context': [<snowplow_tracker.self_describing_json.SelfDescribingJson object at 0x770bb2f542f0>]}
[0m13:26:37.285431 [debug] [MainThread]: Sending event: {'category': 'dbt', 'action': 'load_project', 'label': 'cfd108d7-cbec-4784-8a49-eaa028422c8d', 'context': [<snowplow_tracker.self_describing_json.SelfDescribingJson object at 0x770bb17ba3f0>]}
[0m13:26:37.406734 [debug] [MainThread]: Wrote artifact WritableManifest to /home/hai/tiki-crawl/dbt/target/manifest.json
[0m13:26:37.421773 [debug] [MainThread]: Wrote artifact SemanticManifest to /home/hai/tiki-crawl/dbt/target/semantic_manifest.json
[0m13:26:37.471081 [debug] [MainThread]: Wrote artifact OsiDocument to /home/hai/tiki-crawl/dbt/target/osi_document.json
[0m13:26:37.484452 [debug] [MainThread]: Sending event: {'category': 'dbt', 'action': 'resource_counts', 'label': 'cfd108d7-cbec-4784-8a49-eaa028422c8d', 'context': [<snowplow_tracker.self_describing_json.SelfDescribingJson object at 0x770bb0185fa0>]}
[0m13:26:37.485179 [info ] [MainThread]: Found 2 models, 1 snapshot, 1 source, 477 macros
[0m13:26:37.485662 [debug] [MainThread]: Sending event: {'category': 'dbt', 'action': 'runnable_timing', 'label': 'cfd108d7-cbec-4784-8a49-eaa028422c8d', 'context': [<snowplow_tracker.self_describing_json.SelfDescribingJson object at 0x770bb0fffbf0>]}
[0m13:26:37.487633 [info ] [MainThread]: 
[0m13:26:37.488123 [info ] [MainThread]: Concurrency: 4 threads (target='dev')
[0m13:26:37.488541 [info ] [MainThread]: 
[0m13:26:37.489276 [debug] [MainThread]: Acquiring new postgres connection 'master'
[0m13:26:37.491106 [debug] [ThreadPool]: Acquiring new postgres connection 'list_tiki'
[0m13:26:37.533488 [debug] [ThreadPool]: Using postgres connection "list_tiki"
[0m13:26:37.534132 [debug] [ThreadPool]: On list_tiki: /* {"app": "dbt", "dbt_version": "1.12.3", "profile_name": "tiki", "target_name": "dev", "connection_name": "list_tiki"} */

    select distinct nspname from pg_namespace
  
[0m13:26:37.534536 [debug] [ThreadPool]: Opening a new connection, currently in state init
[0m13:26:37.551457 [debug] [ThreadPool]: SQL status: SELECT 5 in 0.017 seconds
[0m13:26:37.553142 [debug] [ThreadPool]: On list_tiki: Close
[0m13:26:37.554240 [debug] [ThreadPool]: Re-using an available connection from the pool (formerly list_tiki, now create_tiki_staging_staging)
[0m13:26:37.554848 [debug] [ThreadPool]: Creating schema "database: "tiki"
schema: "staging_staging"
"
[0m13:26:37.560296 [debug] [ThreadPool]: Using postgres connection "create_tiki_staging_staging"
[0m13:26:37.560959 [debug] [ThreadPool]: On create_tiki_staging_staging: /* {"app": "dbt", "dbt_version": "1.12.3", "profile_name": "tiki", "target_name": "dev", "connection_name": "create_tiki_staging_staging"} */
create schema if not exists "staging_staging"
[0m13:26:37.561632 [debug] [ThreadPool]: Opening a new connection, currently in state closed
[0m13:26:37.574808 [debug] [ThreadPool]: SQL status: CREATE SCHEMA in 0.013 seconds
[0m13:26:37.576102 [debug] [ThreadPool]: On create_tiki_staging_staging: COMMIT
[0m13:26:37.576522 [debug] [ThreadPool]: Using postgres connection "create_tiki_staging_staging"
[0m13:26:37.576893 [debug] [ThreadPool]: On create_tiki_staging_staging: COMMIT
[0m13:26:37.579118 [debug] [ThreadPool]: SQL status: COMMIT in 0.002 seconds
[0m13:26:37.579562 [debug] [ThreadPool]: On create_tiki_staging_staging: Close
[0m13:26:37.581441 [debug] [ThreadPool]: Re-using an available connection from the pool (formerly create_tiki_staging_staging, now list_tiki_staging_gold)
[0m13:26:37.582622 [debug] [ThreadPool]: Acquiring new postgres connection 'list_tiki_staging_staging'
[0m13:26:37.589267 [debug] [ThreadPool]: Acquiring new postgres connection 'list_tiki_gold'
[0m13:26:37.590079 [debug] [ThreadPool]: Using postgres connection "list_tiki_staging_gold"
[0m13:26:37.592028 [debug] [ThreadPool]: Using postgres connection "list_tiki_staging_staging"
[0m13:26:37.594208 [debug] [ThreadPool]: Using postgres connection "list_tiki_gold"
[0m13:26:37.594757 [debug] [ThreadPool]: On list_tiki_staging_gold: /* {"app": "dbt", "dbt_version": "1.12.3", "profile_name": "tiki", "target_name": "dev", "connection_name": "list_tiki_staging_gold"} */
select
      'tiki' as database,
      tablename as name,
      schemaname as schema,
      'table' as type
    from pg_tables
    where schemaname ilike 'staging_gold'
    union all
    select
      'tiki' as database,
      viewname as name,
      schemaname as schema,
      'view' as type
    from pg_views
    where schemaname ilike 'staging_gold'
    union all
    select
      'tiki' as database,
      matviewname as name,
      schemaname as schema,
      'materialized_view' as type
    from pg_matviews
    where schemaname ilike 'staging_gold'
    union all
    select distinct
     'tiki' as database,
     proname as name,
     ns.nspname as schema,
     'function' as type
    from pg_proc
     join pg_namespace as ns on pronamespace = ns.oid
    where ns.nspname ilike 'staging_gold'
  
[0m13:26:37.595286 [debug] [ThreadPool]: On list_tiki_staging_staging: /* {"app": "dbt", "dbt_version": "1.12.3", "profile_name": "tiki", "target_name": "dev", "connection_name": "list_tiki_staging_staging"} */
select
      'tiki' as database,
      tablename as name,
      schemaname as schema,
      'table' as type
    from pg_tables
    where schemaname ilike 'staging_staging'
    union all
    select
      'tiki' as database,
      viewname as name,
      schemaname as schema,
      'view' as type
    from pg_views
    where schemaname ilike 'staging_staging'
    union all
    select
      'tiki' as database,
      matviewname as name,
      schemaname as schema,
      'materialized_view' as type
    from pg_matviews
    where schemaname ilike 'staging_staging'
    union all
    select distinct
     'tiki' as database,
     proname as name,
     ns.nspname as schema,
     'function' as type
    from pg_proc
     join pg_namespace as ns on pronamespace = ns.oid
    where ns.nspname ilike 'staging_staging'
  
[0m13:26:37.596004 [debug] [ThreadPool]: On list_tiki_gold: /* {"app": "dbt", "dbt_version": "1.12.3", "profile_name": "tiki", "target_name": "dev", "connection_name": "list_tiki_gold"} */
select
      'tiki' as database,
      tablename as name,
      schemaname as schema,
      'table' as type
    from pg_tables
    where schemaname ilike 'gold'
    union all
    select
      'tiki' as database,
      viewname as name,
      schemaname as schema,
      'view' as type
    from pg_views
    where schemaname ilike 'gold'
    union all
    select
      'tiki' as database,
      matviewname as name,
      schemaname as schema,
      'materialized_view' as type
    from pg_matviews
    where schemaname ilike 'gold'
    union all
    select distinct
     'tiki' as database,
     proname as name,
     ns.nspname as schema,
     'function' as type
    from pg_proc
     join pg_namespace as ns on pronamespace = ns.oid
    where ns.nspname ilike 'gold'
  
[0m13:26:37.596530 [debug] [ThreadPool]: Opening a new connection, currently in state closed
[0m13:26:37.597174 [debug] [ThreadPool]: Opening a new connection, currently in state init
[0m13:26:37.597738 [debug] [ThreadPool]: Opening a new connection, currently in state init
[0m13:26:37.621951 [debug] [ThreadPool]: SQL status: SELECT 0 in 0.025 seconds
[0m13:26:37.623666 [debug] [ThreadPool]: On list_tiki_staging_gold: ROLLBACK
[0m13:26:37.624163 [debug] [ThreadPool]: SQL status: SELECT 0 in 0.026 seconds
[0m13:26:37.625883 [debug] [ThreadPool]: On list_tiki_gold: ROLLBACK
[0m13:26:37.626343 [debug] [ThreadPool]: SQL status: SELECT 0 in 0.029 seconds
[0m13:26:37.626779 [debug] [ThreadPool]: On list_tiki_staging_gold: Close
[0m13:26:37.628100 [debug] [ThreadPool]: On list_tiki_staging_staging: ROLLBACK
[0m13:26:37.628504 [debug] [ThreadPool]: On list_tiki_gold: Close
[0m13:26:37.630505 [debug] [ThreadPool]: On list_tiki_staging_staging: Close
[0m13:26:37.636024 [debug] [MainThread]: Using postgres connection "master"
[0m13:26:37.636648 [debug] [MainThread]: On master: /* {"app": "dbt", "dbt_version": "1.12.3", "profile_name": "tiki", "target_name": "dev", "connection_name": "master"} */
select distinct
        dependent_namespace.nspname as dependent_schema,
        dependent_class.relname as dependent_name,
        referenced_namespace.nspname as referenced_schema,
        referenced_class.relname as referenced_name

    -- Query for views: views are entries in pg_class with an entry in pg_rewrite, but we avoid
    -- a seq scan on pg_rewrite by leveraging the fact there is an "internal" row in pg_depend for
    -- the view...
    from pg_class as dependent_class
    join pg_namespace as dependent_namespace on dependent_namespace.oid = dependent_class.relnamespace
    join pg_depend as dependent_depend on dependent_depend.refobjid = dependent_class.oid
        and dependent_depend.classid = 'pg_rewrite'::regclass
        and dependent_depend.refclassid = 'pg_class'::regclass
        and dependent_depend.deptype = 'i'

    -- ... and via pg_depend (that has a row per column, hence the need for "distinct" above, and
    -- making sure to exclude the internal row to avoid a view appearing to depend on itself)...
    join pg_depend as joining_depend on joining_depend.objid = dependent_depend.objid
        and joining_depend.classid = 'pg_rewrite'::regclass
        and joining_depend.refclassid = 'pg_class'::regclass
        and joining_depend.refobjid != dependent_depend.refobjid

    -- ... we can find the tables they query from in pg_class, but excluding system tables. Note we
    -- don't need need to exclude _dependent_ system tables, because they only query from other
    -- system tables, and so are automatically excluded by excluding _referenced_ system tables
    join pg_class as referenced_class on referenced_class.oid = joining_depend.refobjid
    join pg_namespace as referenced_namespace on referenced_namespace.oid = referenced_class.relnamespace
        and referenced_namespace.nspname != 'information_schema'
        and referenced_namespace.nspname not like 'pg\_%'

    order by
        dependent_schema, dependent_name, referenced_schema, referenced_name;
[0m13:26:37.637114 [debug] [MainThread]: Opening a new connection, currently in state init
[0m13:26:37.659371 [debug] [MainThread]: SQL status: SELECT 0 in 0.022 seconds
[0m13:26:37.660939 [debug] [MainThread]: Sending event: {'category': 'dbt', 'action': 'runnable_timing', 'label': 'cfd108d7-cbec-4784-8a49-eaa028422c8d', 'context': [<snowplow_tracker.self_describing_json.SelfDescribingJson object at 0x770bb0f3d1f0>]}
[0m13:26:37.661626 [debug] [MainThread]: On master: ROLLBACK
[0m13:26:37.662555 [debug] [MainThread]: On master: COMMIT
[0m13:26:37.662960 [debug] [MainThread]: Using postgres connection "master"
[0m13:26:37.663353 [debug] [MainThread]: On master: COMMIT
[0m13:26:37.664555 [debug] [MainThread]: SQL status: COMMIT in 0.001 seconds
[0m13:26:37.665001 [debug] [MainThread]: On master: Close
[0m13:26:37.670200 [debug] [Thread-1 (]: Began running node model.tiki_gold.stg_listings
[0m13:26:37.670938 [info ] [Thread-1 (]: 1 of 1 START sql view model staging_staging.stg_listings ....................... [RUN]
[0m13:26:37.671933 [debug] [Thread-1 (]: Re-using an available connection from the pool (formerly list_tiki_staging_staging, now model.tiki_gold.stg_listings)
[0m13:26:37.672422 [debug] [Thread-1 (]: Began compiling node model.tiki_gold.stg_listings
[0m13:26:37.679710 [debug] [Thread-1 (]: Writing injected SQL for node "model.tiki_gold.stg_listings"
[0m13:26:37.683210 [debug] [Thread-1 (]: Began executing node model.tiki_gold.stg_listings
[0m13:26:37.726440 [debug] [Thread-1 (]: Writing runtime sql for node "model.tiki_gold.stg_listings"
[0m13:26:37.729634 [debug] [Thread-1 (]: Using postgres connection "model.tiki_gold.stg_listings"
[0m13:26:37.730309 [debug] [Thread-1 (]: On model.tiki_gold.stg_listings: /* {"app": "dbt", "dbt_version": "1.12.3", "profile_name": "tiki", "target_name": "dev", "node_id": "model.tiki_gold.stg_listings"} */

  create view "tiki"."staging_staging"."stg_listings__dbt_tmp"
    
    
  as (
    -- Chuan hoa kieu du lieu tu bang raw, chua gop/dedupe theo grain fact.
-- dt/hour/category la partition tu Hive (duckdb tu suy ra khi load_silver_to_postgres.py chay).

select
    product_id::bigint                as product_id,
    sku,
    name,
    url_key,
    url,
    price::bigint                     as price,
    list_price::bigint                as list_price,
    discount::bigint                  as discount,
    discount_rate::int                as discount_rate,
    rating_average::double precision  as rating_average,
    review_count::int                 as review_count,
    quantity_sold::int                as quantity_sold,
    brand_id::int                     as brand_id,
    brand_name,
    seller_id::bigint                 as seller_id,
    seller_name,
    category_id::bigint               as category_id,
    primary_category_name             as category_name,
    inventory_status,
    is_authentic::boolean             as is_authentic,
    thumbnail_url,
    badge_count::int                  as badge_count,
    page::int                         as page,
    crawled_at::timestamp             as crawled_at,
    dt::date                          as dt,
    hour::int                         as hour,
    category                          as category_slug

from "tiki"."raw"."listings"
  );
[0m13:26:37.730872 [debug] [Thread-1 (]: Opening a new connection, currently in state closed
[0m13:26:37.750776 [debug] [Thread-1 (]: SQL status: CREATE VIEW in 0.020 seconds
[0m13:26:37.757264 [debug] [Thread-1 (]: Using postgres connection "model.tiki_gold.stg_listings"
[0m13:26:37.757934 [debug] [Thread-1 (]: On model.tiki_gold.stg_listings: /* {"app": "dbt", "dbt_version": "1.12.3", "profile_name": "tiki", "target_name": "dev", "node_id": "model.tiki_gold.stg_listings"} */
alter table "tiki"."staging_staging"."stg_listings__dbt_tmp" rename to "stg_listings"
[0m13:26:37.760192 [debug] [Thread-1 (]: SQL status: ALTER TABLE in 0.002 seconds
[0m13:26:37.779087 [debug] [Thread-1 (]: On model.tiki_gold.stg_listings: COMMIT
[0m13:26:37.779760 [debug] [Thread-1 (]: Using postgres connection "model.tiki_gold.stg_listings"
[0m13:26:37.780187 [debug] [Thread-1 (]: On model.tiki_gold.stg_listings: COMMIT
[0m13:26:37.782880 [debug] [Thread-1 (]: SQL status: COMMIT in 0.002 seconds
[0m13:26:37.789832 [debug] [Thread-1 (]: Applying DROP to: "tiki"."staging_staging"."stg_listings__dbt_backup"
[0m13:26:37.800103 [debug] [Thread-1 (]: Using postgres connection "model.tiki_gold.stg_listings"
[0m13:26:37.800934 [debug] [Thread-1 (]: On model.tiki_gold.stg_listings: /* {"app": "dbt", "dbt_version": "1.12.3", "profile_name": "tiki", "target_name": "dev", "node_id": "model.tiki_gold.stg_listings"} */
drop view if exists "tiki"."staging_staging"."stg_listings__dbt_backup" cascade
[0m13:26:37.804032 [debug] [Thread-1 (]: SQL status: DROP VIEW in 0.002 seconds
[0m13:26:37.807898 [debug] [Thread-1 (]: On model.tiki_gold.stg_listings: Close
[0m13:26:37.810020 [debug] [Thread-1 (]: Sending event: {'category': 'dbt', 'action': 'run_model', 'label': 'cfd108d7-cbec-4784-8a49-eaa028422c8d', 'context': [<snowplow_tracker.self_describing_json.SelfDescribingJson object at 0x770ba2601d60>]}
[0m13:26:37.810824 [info ] [Thread-1 (]: 1 of 1 OK created sql view model staging_staging.stg_listings .................. [[32mCREATE VIEW[0m in 0.14s]
[0m13:26:37.811857 [debug] [Thread-1 (]: Finished running node model.tiki_gold.stg_listings
[0m13:26:37.814907 [debug] [MainThread]: On master: COMMIT
[0m13:26:37.815730 [debug] [MainThread]: Using postgres connection "master"
[0m13:26:37.816302 [debug] [MainThread]: On master: COMMIT
[0m13:26:37.816881 [debug] [MainThread]: Opening a new connection, currently in state closed
[0m13:26:37.829659 [debug] [MainThread]: SQL status: COMMIT in 0.013 seconds
[0m13:26:37.830442 [debug] [MainThread]: On master: Close
[0m13:26:37.831191 [debug] [MainThread]: Connection 'master' was properly closed.
[0m13:26:37.831690 [debug] [MainThread]: Connection 'list_tiki_staging_gold' was properly closed.
[0m13:26:37.832166 [debug] [MainThread]: Connection 'model.tiki_gold.stg_listings' was properly closed.
[0m13:26:37.832728 [debug] [MainThread]: Connection 'list_tiki_gold' was properly closed.
[0m13:26:37.833581 [info ] [MainThread]: 
[0m13:26:37.834101 [info ] [MainThread]: Finished running 1 view model in 0 hours 0 minutes and 0.34 seconds (0.34s).
[0m13:26:37.835036 [debug] [MainThread]: Command end result
[0m13:26:37.873971 [debug] [MainThread]: Wrote artifact WritableManifest to /home/hai/tiki-crawl/dbt/target/manifest.json
[0m13:26:37.876858 [debug] [MainThread]: Wrote artifact SemanticManifest to /home/hai/tiki-crawl/dbt/target/semantic_manifest.json
[0m13:26:37.880163 [debug] [MainThread]: Wrote artifact OsiDocument to /home/hai/tiki-crawl/dbt/target/osi_document.json
[0m13:26:37.887550 [debug] [MainThread]: Wrote artifact RunExecutionResult to /home/hai/tiki-crawl/dbt/target/run_results.json
[0m13:26:37.888078 [info ] [MainThread]: 
[0m13:26:37.888614 [info ] [MainThread]: [32mCompleted successfully[0m
[0m13:26:37.889094 [info ] [MainThread]: 
[0m13:26:37.889630 [info ] [MainThread]: Done. PASS=1 WARN=0 ERROR=0 SKIP=0 NO-OP=0 REUSED=0 TOTAL=1
[0m13:26:37.890729 [debug] [MainThread]: Resource report: {"command_name": "run", "command_success": true, "command_wall_clock_time": 2.897931, "process_in_blocks": "544", "process_kernel_time": 0.486841, "process_mem_max_rss": "141276", "process_out_blocks": "3272", "process_user_time": 3.898391}
[0m13:26:37.891277 [debug] [MainThread]: Command `dbt run` succeeded at 13:26:37.891163 after 2.90 seconds
[0m13:26:37.891733 [debug] [MainThread]: Sending event: {'category': 'dbt', 'action': 'invocation', 'label': 'end', 'context': [<snowplow_tracker.self_describing_json.SelfDescribingJson object at 0x770bb39a2cc0>, <snowplow_tracker.self_describing_json.SelfDescribingJson object at 0x770ba277aab0>, <snowplow_tracker.self_describing_json.SelfDescribingJson object at 0x770bb01402c0>]}
[0m13:26:37.892190 [debug] [MainThread]: Flushing usage events
[0m13:26:39.007925 [debug] [MainThread]: An error was encountered while trying to flush usage events
[0m13:26:58.475113 [debug] [MainThread]: Sending event: {'category': 'dbt', 'action': 'invocation', 'label': 'start', 'context': [<snowplow_tracker.self_describing_json.SelfDescribingJson object at 0x7e404ca4df70>, <snowplow_tracker.self_describing_json.SelfDescribingJson object at 0x7e404d8a30e0>, <snowplow_tracker.self_describing_json.SelfDescribingJson object at 0x7e404ca4dfa0>]}


============================== 13:26:58.478472 | e552c21c-cd91-4f58-83ee-ff0d49f34754 ==============================
[0m13:26:58.478472 [info ] [MainThread]: Running with dbt=1.12.3
[0m13:26:58.479042 [debug] [MainThread]: running dbt with arguments {'log_format': 'default', 'use_colors': 'True', 'quiet': 'False', 'use_experimental_parser': 'False', 'indirect_selection': 'eager', 'empty': 'False', 'warn_error': 'None', 'send_anonymous_usage_stats': 'True', 'invocation_command': 'dbt run --profiles-dir . --select stg_listings', 'write_json': 'True', 'static_parser': 'True', 'debug': 'False', 'version_check': 'True', 'cache_selected_only': 'False', 'introspect': 'True', 'no_print': 'None', 'printer_width': '80', 'fail_fast': 'False', 'partial_parse': 'True', 'log_path': '/home/hai/tiki-crawl/dbt/logs', 'warn_error_options': 'WarnErrorOptionsV2(error=[], warn=[], silence=[])', 'hints_enabled': 'True', 'maximum_seed_size_mib': '1', 'target_path': 'None', 'profiles_dir': '.', 'log_cache_events': 'False'}
[0m13:26:58.666538 [debug] [MainThread]: Sending event: {'category': 'dbt', 'action': 'project_id', 'label': 'e552c21c-cd91-4f58-83ee-ff0d49f34754', 'context': [<snowplow_tracker.self_describing_json.SelfDescribingJson object at 0x7e404f975400>]}
[0m13:26:58.740794 [debug] [MainThread]: Sending event: {'category': 'dbt', 'action': 'adapter_info', 'label': 'e552c21c-cd91-4f58-83ee-ff0d49f34754', 'context': [<snowplow_tracker.self_describing_json.SelfDescribingJson object at 0x7e404c747080>]}
[0m13:26:58.741850 [info ] [MainThread]: Registered adapter: postgres=1.11.0
[0m13:26:58.869034 [debug] [MainThread]: checksum: b11284278684f540b15704c99909c8df3c16bdaf6844ccd0ae0d76372c1b52b6, vars: {}, profile: tiki, target: dev, version: 1.12.3
[0m13:26:59.052229 [debug] [MainThread]: Partial parsing enabled: 0 files deleted, 1 files added, 0 files changed.
[0m13:26:59.053226 [debug] [MainThread]: Partial parsing: added file: tiki_gold://macros/generate_schema_name.sql
[0m13:26:59.056838 [info ] [MainThread]: Unable to do partial parsing because change detected to override macro. Starting full parse.
[0m13:27:00.064512 [debug] [MainThread]: Sending event: {'category': 'dbt', 'action': 'load_project', 'label': 'e552c21c-cd91-4f58-83ee-ff0d49f34754', 'context': [<snowplow_tracker.self_describing_json.SelfDescribingJson object at 0x7e4048361880>]}
[0m13:27:00.187360 [debug] [MainThread]: Wrote artifact WritableManifest to /home/hai/tiki-crawl/dbt/target/manifest.json
[0m13:27:00.190398 [debug] [MainThread]: Wrote artifact SemanticManifest to /home/hai/tiki-crawl/dbt/target/semantic_manifest.json
[0m13:27:00.206044 [debug] [MainThread]: Wrote artifact OsiDocument to /home/hai/tiki-crawl/dbt/target/osi_document.json
[0m13:27:00.214657 [debug] [MainThread]: Sending event: {'category': 'dbt', 'action': 'resource_counts', 'label': 'e552c21c-cd91-4f58-83ee-ff0d49f34754', 'context': [<snowplow_tracker.self_describing_json.SelfDescribingJson object at 0x7e404ad18470>]}
[0m13:27:00.215246 [info ] [MainThread]: Found 2 models, 1 snapshot, 1 source, 478 macros
[0m13:27:00.215802 [debug] [MainThread]: Sending event: {'category': 'dbt', 'action': 'runnable_timing', 'label': 'e552c21c-cd91-4f58-83ee-ff0d49f34754', 'context': [<snowplow_tracker.self_describing_json.SelfDescribingJson object at 0x7e404b9dc470>]}
[0m13:27:00.217532 [info ] [MainThread]: 
[0m13:27:00.218025 [info ] [MainThread]: Concurrency: 4 threads (target='dev')
[0m13:27:00.218511 [info ] [MainThread]: 
[0m13:27:00.219208 [debug] [MainThread]: Acquiring new postgres connection 'master'
[0m13:27:00.220334 [debug] [ThreadPool]: Acquiring new postgres connection 'list_tiki'
[0m13:27:00.258417 [debug] [ThreadPool]: Using postgres connection "list_tiki"
[0m13:27:00.259226 [debug] [ThreadPool]: On list_tiki: /* {"app": "dbt", "dbt_version": "1.12.3", "profile_name": "tiki", "target_name": "dev", "connection_name": "list_tiki"} */

    select distinct nspname from pg_namespace
  
[0m13:27:00.259642 [debug] [ThreadPool]: Opening a new connection, currently in state init
[0m13:27:00.275532 [debug] [ThreadPool]: SQL status: SELECT 5 in 0.016 seconds
[0m13:27:00.277524 [debug] [ThreadPool]: On list_tiki: Close
[0m13:27:00.279000 [debug] [ThreadPool]: Re-using an available connection from the pool (formerly list_tiki, now create_tiki_staging)
[0m13:27:00.279806 [debug] [ThreadPool]: Creating schema "database: "tiki"
schema: "staging"
"
[0m13:27:00.285582 [debug] [ThreadPool]: Using postgres connection "create_tiki_staging"
[0m13:27:00.286068 [debug] [ThreadPool]: On create_tiki_staging: /* {"app": "dbt", "dbt_version": "1.12.3", "profile_name": "tiki", "target_name": "dev", "connection_name": "create_tiki_staging"} */
create schema if not exists "staging"
[0m13:27:00.286703 [debug] [ThreadPool]: Opening a new connection, currently in state closed
[0m13:27:00.299410 [debug] [ThreadPool]: SQL status: CREATE SCHEMA in 0.013 seconds
[0m13:27:00.300744 [debug] [ThreadPool]: On create_tiki_staging: COMMIT
[0m13:27:00.301182 [debug] [ThreadPool]: Using postgres connection "create_tiki_staging"
[0m13:27:00.301710 [debug] [ThreadPool]: On create_tiki_staging: COMMIT
[0m13:27:00.305008 [debug] [ThreadPool]: SQL status: COMMIT in 0.003 seconds
[0m13:27:00.305426 [debug] [ThreadPool]: On create_tiki_staging: Close
[0m13:27:00.312674 [debug] [ThreadPool]: Re-using an available connection from the pool (formerly create_tiki_staging, now list_tiki_gold)
[0m13:27:00.313787 [debug] [ThreadPool]: Acquiring new postgres connection 'list_tiki_staging'
[0m13:27:00.320251 [debug] [ThreadPool]: Using postgres connection "list_tiki_gold"
[0m13:27:00.321862 [debug] [ThreadPool]: Using postgres connection "list_tiki_staging"
[0m13:27:00.322649 [debug] [ThreadPool]: On list_tiki_gold: /* {"app": "dbt", "dbt_version": "1.12.3", "profile_name": "tiki", "target_name": "dev", "connection_name": "list_tiki_gold"} */
select
      'tiki' as database,
      tablename as name,
      schemaname as schema,
      'table' as type
    from pg_tables
    where schemaname ilike 'gold'
    union all
    select
      'tiki' as database,
      viewname as name,
      schemaname as schema,
      'view' as type
    from pg_views
    where schemaname ilike 'gold'
    union all
    select
      'tiki' as database,
      matviewname as name,
      schemaname as schema,
      'materialized_view' as type
    from pg_matviews
    where schemaname ilike 'gold'
    union all
    select distinct
     'tiki' as database,
     proname as name,
     ns.nspname as schema,
     'function' as type
    from pg_proc
     join pg_namespace as ns on pronamespace = ns.oid
    where ns.nspname ilike 'gold'
  
[0m13:27:00.323455 [debug] [ThreadPool]: On list_tiki_staging: /* {"app": "dbt", "dbt_version": "1.12.3", "profile_name": "tiki", "target_name": "dev", "connection_name": "list_tiki_staging"} */
select
      'tiki' as database,
      tablename as name,
      schemaname as schema,
      'table' as type
    from pg_tables
    where schemaname ilike 'staging'
    union all
    select
      'tiki' as database,
      viewname as name,
      schemaname as schema,
      'view' as type
    from pg_views
    where schemaname ilike 'staging'
    union all
    select
      'tiki' as database,
      matviewname as name,
      schemaname as schema,
      'materialized_view' as type
    from pg_matviews
    where schemaname ilike 'staging'
    union all
    select distinct
     'tiki' as database,
     proname as name,
     ns.nspname as schema,
     'function' as type
    from pg_proc
     join pg_namespace as ns on pronamespace = ns.oid
    where ns.nspname ilike 'staging'
  
[0m13:27:00.324015 [debug] [ThreadPool]: Opening a new connection, currently in state closed
[0m13:27:00.324605 [debug] [ThreadPool]: Opening a new connection, currently in state init
[0m13:27:00.343461 [debug] [ThreadPool]: SQL status: SELECT 0 in 0.019 seconds
[0m13:27:00.344204 [debug] [ThreadPool]: SQL status: SELECT 0 in 0.020 seconds
[0m13:27:00.345751 [debug] [ThreadPool]: On list_tiki_gold: ROLLBACK
[0m13:27:00.347044 [debug] [ThreadPool]: On list_tiki_staging: ROLLBACK
[0m13:27:00.348044 [debug] [ThreadPool]: On list_tiki_staging: Close
[0m13:27:00.348496 [debug] [ThreadPool]: On list_tiki_gold: Close
[0m13:27:00.354430 [debug] [MainThread]: Using postgres connection "master"
[0m13:27:00.355264 [debug] [MainThread]: On master: /* {"app": "dbt", "dbt_version": "1.12.3", "profile_name": "tiki", "target_name": "dev", "connection_name": "master"} */
select distinct
        dependent_namespace.nspname as dependent_schema,
        dependent_class.relname as dependent_name,
        referenced_namespace.nspname as referenced_schema,
        referenced_class.relname as referenced_name

    -- Query for views: views are entries in pg_class with an entry in pg_rewrite, but we avoid
    -- a seq scan on pg_rewrite by leveraging the fact there is an "internal" row in pg_depend for
    -- the view...
    from pg_class as dependent_class
    join pg_namespace as dependent_namespace on dependent_namespace.oid = dependent_class.relnamespace
    join pg_depend as dependent_depend on dependent_depend.refobjid = dependent_class.oid
        and dependent_depend.classid = 'pg_rewrite'::regclass
        and dependent_depend.refclassid = 'pg_class'::regclass
        and dependent_depend.deptype = 'i'

    -- ... and via pg_depend (that has a row per column, hence the need for "distinct" above, and
    -- making sure to exclude the internal row to avoid a view appearing to depend on itself)...
    join pg_depend as joining_depend on joining_depend.objid = dependent_depend.objid
        and joining_depend.classid = 'pg_rewrite'::regclass
        and joining_depend.refclassid = 'pg_class'::regclass
        and joining_depend.refobjid != dependent_depend.refobjid

    -- ... we can find the tables they query from in pg_class, but excluding system tables. Note we
    -- don't need need to exclude _dependent_ system tables, because they only query from other
    -- system tables, and so are automatically excluded by excluding _referenced_ system tables
    join pg_class as referenced_class on referenced_class.oid = joining_depend.refobjid
    join pg_namespace as referenced_namespace on referenced_namespace.oid = referenced_class.relnamespace
        and referenced_namespace.nspname != 'information_schema'
        and referenced_namespace.nspname not like 'pg\_%'

    order by
        dependent_schema, dependent_name, referenced_schema, referenced_name;
[0m13:27:00.355723 [debug] [MainThread]: Opening a new connection, currently in state init
[0m13:27:00.375650 [debug] [MainThread]: SQL status: SELECT 0 in 0.020 seconds
[0m13:27:00.377701 [debug] [MainThread]: Sending event: {'category': 'dbt', 'action': 'runnable_timing', 'label': 'e552c21c-cd91-4f58-83ee-ff0d49f34754', 'context': [<snowplow_tracker.self_describing_json.SelfDescribingJson object at 0x7e4048370680>]}
[0m13:27:00.378649 [debug] [MainThread]: On master: ROLLBACK
[0m13:27:00.380060 [debug] [MainThread]: On master: COMMIT
[0m13:27:00.380717 [debug] [MainThread]: Using postgres connection "master"
[0m13:27:00.381295 [debug] [MainThread]: On master: COMMIT
[0m13:27:00.382733 [debug] [MainThread]: SQL status: COMMIT in 0.001 seconds
[0m13:27:00.383285 [debug] [MainThread]: On master: Close
[0m13:27:00.388219 [debug] [Thread-1 (]: Began running node model.tiki_gold.stg_listings
[0m13:27:00.389413 [info ] [Thread-1 (]: 1 of 1 START sql view model staging.stg_listings ............................... [RUN]
[0m13:27:00.390436 [debug] [Thread-1 (]: Re-using an available connection from the pool (formerly list_tiki_gold, now model.tiki_gold.stg_listings)
[0m13:27:00.391176 [debug] [Thread-1 (]: Began compiling node model.tiki_gold.stg_listings
[0m13:27:00.401905 [debug] [Thread-1 (]: Writing injected SQL for node "model.tiki_gold.stg_listings"
[0m13:27:00.403236 [debug] [Thread-1 (]: Began executing node model.tiki_gold.stg_listings
[0m13:27:00.451865 [debug] [Thread-1 (]: Writing runtime sql for node "model.tiki_gold.stg_listings"
[0m13:27:00.452991 [debug] [Thread-1 (]: Using postgres connection "model.tiki_gold.stg_listings"
[0m13:27:00.453841 [debug] [Thread-1 (]: On model.tiki_gold.stg_listings: /* {"app": "dbt", "dbt_version": "1.12.3", "profile_name": "tiki", "target_name": "dev", "node_id": "model.tiki_gold.stg_listings"} */

  create view "tiki"."staging"."stg_listings__dbt_tmp"
    
    
  as (
    -- Chuan hoa kieu du lieu tu bang raw, chua gop/dedupe theo grain fact.
-- dt/hour/category la partition tu Hive (duckdb tu suy ra khi load_silver_to_postgres.py chay).

select
    product_id::bigint                as product_id,
    sku,
    name,
    url_key,
    url,
    price::bigint                     as price,
    list_price::bigint                as list_price,
    discount::bigint                  as discount,
    discount_rate::int                as discount_rate,
    rating_average::double precision  as rating_average,
    review_count::int                 as review_count,
    quantity_sold::int                as quantity_sold,
    brand_id::int                     as brand_id,
    brand_name,
    seller_id::bigint                 as seller_id,
    seller_name,
    category_id::bigint               as category_id,
    primary_category_name             as category_name,
    inventory_status,
    is_authentic::boolean             as is_authentic,
    thumbnail_url,
    badge_count::int                  as badge_count,
    page::int                         as page,
    crawled_at::timestamp             as crawled_at,
    dt::date                          as dt,
    hour::int                         as hour,
    category                          as category_slug

from "tiki"."raw"."listings"
  );
[0m13:27:00.454606 [debug] [Thread-1 (]: Opening a new connection, currently in state closed
[0m13:27:00.470131 [debug] [Thread-1 (]: SQL status: CREATE VIEW in 0.015 seconds
[0m13:27:00.477484 [debug] [Thread-1 (]: Using postgres connection "model.tiki_gold.stg_listings"
[0m13:27:00.478091 [debug] [Thread-1 (]: On model.tiki_gold.stg_listings: /* {"app": "dbt", "dbt_version": "1.12.3", "profile_name": "tiki", "target_name": "dev", "node_id": "model.tiki_gold.stg_listings"} */
alter table "tiki"."staging"."stg_listings__dbt_tmp" rename to "stg_listings"
[0m13:27:00.479685 [debug] [Thread-1 (]: SQL status: ALTER TABLE in 0.001 seconds
[0m13:27:00.499532 [debug] [Thread-1 (]: On model.tiki_gold.stg_listings: COMMIT
[0m13:27:00.500209 [debug] [Thread-1 (]: Using postgres connection "model.tiki_gold.stg_listings"
[0m13:27:00.500794 [debug] [Thread-1 (]: On model.tiki_gold.stg_listings: COMMIT
[0m13:27:00.503224 [debug] [Thread-1 (]: SQL status: COMMIT in 0.002 seconds
[0m13:27:00.509313 [debug] [Thread-1 (]: Applying DROP to: "tiki"."staging"."stg_listings__dbt_backup"
[0m13:27:00.515951 [debug] [Thread-1 (]: Using postgres connection "model.tiki_gold.stg_listings"
[0m13:27:00.516467 [debug] [Thread-1 (]: On model.tiki_gold.stg_listings: /* {"app": "dbt", "dbt_version": "1.12.3", "profile_name": "tiki", "target_name": "dev", "node_id": "model.tiki_gold.stg_listings"} */
drop view if exists "tiki"."staging"."stg_listings__dbt_backup" cascade
[0m13:27:00.517741 [debug] [Thread-1 (]: SQL status: DROP VIEW in 0.001 seconds
[0m13:27:00.520646 [debug] [Thread-1 (]: On model.tiki_gold.stg_listings: Close
[0m13:27:00.523081 [debug] [Thread-1 (]: Sending event: {'category': 'dbt', 'action': 'run_model', 'label': 'e552c21c-cd91-4f58-83ee-ff0d49f34754', 'context': [<snowplow_tracker.self_describing_json.SelfDescribingJson object at 0x7e404353b560>]}
[0m13:27:00.523838 [info ] [Thread-1 (]: 1 of 1 OK created sql view model staging.stg_listings .......................... [[32mCREATE VIEW[0m in 0.13s]
[0m13:27:00.525291 [debug] [Thread-1 (]: Finished running node model.tiki_gold.stg_listings
[0m13:27:00.528299 [debug] [MainThread]: On master: COMMIT
[0m13:27:00.528784 [debug] [MainThread]: Using postgres connection "master"
[0m13:27:00.529247 [debug] [MainThread]: On master: COMMIT
[0m13:27:00.529666 [debug] [MainThread]: Opening a new connection, currently in state closed
[0m13:27:00.541883 [debug] [MainThread]: SQL status: COMMIT in 0.012 seconds
[0m13:27:00.542668 [debug] [MainThread]: On master: Close
[0m13:27:00.543573 [debug] [MainThread]: Connection 'master' was properly closed.
[0m13:27:00.544118 [debug] [MainThread]: Connection 'model.tiki_gold.stg_listings' was properly closed.
[0m13:27:00.544642 [debug] [MainThread]: Connection 'list_tiki_staging' was properly closed.
[0m13:27:00.545412 [info ] [MainThread]: 
[0m13:27:00.546008 [info ] [MainThread]: Finished running 1 view model in 0 hours 0 minutes and 0.33 seconds (0.33s).
[0m13:27:00.547149 [debug] [MainThread]: Command end result
[0m13:27:00.595342 [debug] [MainThread]: Wrote artifact WritableManifest to /home/hai/tiki-crawl/dbt/target/manifest.json
[0m13:27:00.599296 [debug] [MainThread]: Wrote artifact SemanticManifest to /home/hai/tiki-crawl/dbt/target/semantic_manifest.json
[0m13:27:00.602854 [debug] [MainThread]: Wrote artifact OsiDocument to /home/hai/tiki-crawl/dbt/target/osi_document.json
[0m13:27:00.612743 [debug] [MainThread]: Wrote artifact RunExecutionResult to /home/hai/tiki-crawl/dbt/target/run_results.json
[0m13:27:00.613209 [info ] [MainThread]: 
[0m13:27:00.613728 [info ] [MainThread]: [32mCompleted successfully[0m
[0m13:27:00.614188 [info ] [MainThread]: 
[0m13:27:00.614653 [info ] [MainThread]: Done. PASS=1 WARN=0 ERROR=0 SKIP=0 NO-OP=0 REUSED=0 TOTAL=1
[0m13:27:00.615774 [debug] [MainThread]: Resource report: {"command_name": "run", "command_success": true, "command_wall_clock_time": 2.7576888, "process_in_blocks": "88", "process_kernel_time": 0.565693, "process_mem_max_rss": "140192", "process_out_blocks": "3288", "process_user_time": 4.059033}
[0m13:27:00.616341 [debug] [MainThread]: Command `dbt run` succeeded at 13:27:00.616230 after 2.76 seconds
[0m13:27:00.616782 [debug] [MainThread]: Sending event: {'category': 'dbt', 'action': 'invocation', 'label': 'end', 'context': [<snowplow_tracker.self_describing_json.SelfDescribingJson object at 0x7e404812fd70>, <snowplow_tracker.self_describing_json.SelfDescribingJson object at 0x7e4043543920>, <snowplow_tracker.self_describing_json.SelfDescribingJson object at 0x7e404bd60470>]}
[0m13:27:00.617223 [debug] [MainThread]: Flushing usage events
[0m13:27:01.824707 [debug] [MainThread]: An error was encountered while trying to flush usage events
[0m13:27:04.619252 [debug] [MainThread]: Sending event: {'category': 'dbt', 'action': 'invocation', 'label': 'start', 'context': [<snowplow_tracker.self_describing_json.SelfDescribingJson object at 0x7a4906eef140>, <snowplow_tracker.self_describing_json.SelfDescribingJson object at 0x7a4908881eb0>, <snowplow_tracker.self_describing_json.SelfDescribingJson object at 0x7a4906eeef90>]}


============================== 13:27:04.622681 | 80002165-7123-41a6-b105-f38f7eba298b ==============================
[0m13:27:04.622681 [info ] [MainThread]: Running with dbt=1.12.3
[0m13:27:04.623467 [debug] [MainThread]: running dbt with arguments {'empty': 'False', 'printer_width': '80', 'send_anonymous_usage_stats': 'True', 'maximum_seed_size_mib': '1', 'no_print': 'None', 'cache_selected_only': 'False', 'warn_error_options': 'WarnErrorOptionsV2(error=[], warn=[], silence=[])', 'fail_fast': 'False', 'warn_error': 'None', 'write_json': 'True', 'profiles_dir': '.', 'use_colors': 'True', 'invocation_command': 'dbt snapshot --profiles-dir .', 'quiet': 'False', 'hints_enabled': 'True', 'target_path': 'None', 'partial_parse': 'True', 'debug': 'False', 'indirect_selection': 'eager', 'introspect': 'True', 'version_check': 'True', 'log_cache_events': 'False', 'use_experimental_parser': 'False', 'log_path': '/home/hai/tiki-crawl/dbt/logs', 'log_format': 'default', 'static_parser': 'True'}
[0m13:27:10.765174 [debug] [MainThread]: Sending event: {'category': 'dbt', 'action': 'project_id', 'label': '80002165-7123-41a6-b105-f38f7eba298b', 'context': [<snowplow_tracker.self_describing_json.SelfDescribingJson object at 0x7a49063e3c80>]}
[0m13:27:10.859545 [debug] [MainThread]: Sending event: {'category': 'dbt', 'action': 'adapter_info', 'label': '80002165-7123-41a6-b105-f38f7eba298b', 'context': [<snowplow_tracker.self_describing_json.SelfDescribingJson object at 0x7a49060b3d10>]}
[0m13:27:10.860659 [info ] [MainThread]: Registered adapter: postgres=1.11.0
[0m13:27:04.563213 [debug] [MainThread]: checksum: b11284278684f540b15704c99909c8df3c16bdaf6844ccd0ae0d76372c1b52b6, vars: {}, profile: tiki, target: dev, version: 1.12.3
[0m13:27:04.742844 [debug] [MainThread]: Partial parsing enabled: 0 files deleted, 0 files added, 0 files changed.
[0m13:27:04.743445 [debug] [MainThread]: Nothing changed, skipping partial parsing.
[0m13:27:04.743869 [debug] [MainThread]: Partial parsing enabled, no changes found, skipping parsing
[0m13:27:04.753965 [debug] [MainThread]: Sending event: {'category': 'dbt', 'action': 'load_project', 'label': '80002165-7123-41a6-b105-f38f7eba298b', 'context': [<snowplow_tracker.self_describing_json.SelfDescribingJson object at 0x7a4905328830>]}
[0m13:27:04.915035 [debug] [MainThread]: Wrote artifact WritableManifest to /home/hai/tiki-crawl/dbt/target/manifest.json
[0m13:27:04.918187 [debug] [MainThread]: Wrote artifact SemanticManifest to /home/hai/tiki-crawl/dbt/target/semantic_manifest.json
[0m13:27:04.933605 [debug] [MainThread]: Wrote artifact OsiDocument to /home/hai/tiki-crawl/dbt/target/osi_document.json
[0m13:27:04.943536 [debug] [MainThread]: Sending event: {'category': 'dbt', 'action': 'resource_counts', 'label': '80002165-7123-41a6-b105-f38f7eba298b', 'context': [<snowplow_tracker.self_describing_json.SelfDescribingJson object at 0x7a490435e900>]}
[0m13:27:04.944163 [info ] [MainThread]: Found 2 models, 1 snapshot, 1 source, 478 macros
[0m13:27:04.944610 [debug] [MainThread]: Sending event: {'category': 'dbt', 'action': 'runnable_timing', 'label': '80002165-7123-41a6-b105-f38f7eba298b', 'context': [<snowplow_tracker.self_describing_json.SelfDescribingJson object at 0x7a4906082ff0>]}
[0m13:27:04.946555 [info ] [MainThread]: 
[0m13:27:04.947010 [info ] [MainThread]: Concurrency: 4 threads (target='dev')
[0m13:27:04.947424 [info ] [MainThread]: 
[0m13:27:04.948213 [debug] [MainThread]: Acquiring new postgres connection 'master'
[0m13:27:04.949538 [debug] [ThreadPool]: Acquiring new postgres connection 'list_tiki'
[0m13:27:05.001215 [debug] [ThreadPool]: Using postgres connection "list_tiki"
[0m13:27:05.001780 [debug] [ThreadPool]: On list_tiki: /* {"app": "dbt", "dbt_version": "1.12.3", "profile_name": "tiki", "target_name": "dev", "connection_name": "list_tiki"} */

    select distinct nspname from pg_namespace
  
[0m13:27:05.002161 [debug] [ThreadPool]: Opening a new connection, currently in state init
[0m13:27:05.017631 [debug] [ThreadPool]: SQL status: SELECT 6 in 0.015 seconds
[0m13:27:05.019362 [debug] [ThreadPool]: On list_tiki: Close
[0m13:27:05.020829 [debug] [ThreadPool]: Re-using an available connection from the pool (formerly list_tiki, now create_tiki_gold)
[0m13:27:05.021651 [debug] [ThreadPool]: Creating schema "database: "tiki"
schema: "gold"
"
[0m13:27:05.027787 [debug] [ThreadPool]: Using postgres connection "create_tiki_gold"
[0m13:27:05.028637 [debug] [ThreadPool]: On create_tiki_gold: /* {"app": "dbt", "dbt_version": "1.12.3", "profile_name": "tiki", "target_name": "dev", "connection_name": "create_tiki_gold"} */
create schema if not exists "gold"
[0m13:27:05.029233 [debug] [ThreadPool]: Opening a new connection, currently in state closed
[0m13:27:05.041445 [debug] [ThreadPool]: SQL status: CREATE SCHEMA in 0.012 seconds
[0m13:27:05.042769 [debug] [ThreadPool]: On create_tiki_gold: COMMIT
[0m13:27:05.043215 [debug] [ThreadPool]: Using postgres connection "create_tiki_gold"
[0m13:27:05.043801 [debug] [ThreadPool]: On create_tiki_gold: COMMIT
[0m13:27:05.047803 [debug] [ThreadPool]: SQL status: COMMIT in 0.003 seconds
[0m13:27:05.048761 [debug] [ThreadPool]: On create_tiki_gold: Close
[0m13:27:05.056033 [debug] [ThreadPool]: Re-using an available connection from the pool (formerly create_tiki_gold, now list_tiki_staging)
[0m13:27:05.062889 [debug] [ThreadPool]: Acquiring new postgres connection 'list_tiki_gold'
[0m13:27:05.062261 [debug] [ThreadPool]: Using postgres connection "list_tiki_staging"
[0m13:27:05.065090 [debug] [ThreadPool]: Using postgres connection "list_tiki_gold"
[0m13:27:05.065613 [debug] [ThreadPool]: On list_tiki_staging: /* {"app": "dbt", "dbt_version": "1.12.3", "profile_name": "tiki", "target_name": "dev", "connection_name": "list_tiki_staging"} */
select
      'tiki' as database,
      tablename as name,
      schemaname as schema,
      'table' as type
    from pg_tables
    where schemaname ilike 'staging'
    union all
    select
      'tiki' as database,
      viewname as name,
      schemaname as schema,
      'view' as type
    from pg_views
    where schemaname ilike 'staging'
    union all
    select
      'tiki' as database,
      matviewname as name,
      schemaname as schema,
      'materialized_view' as type
    from pg_matviews
    where schemaname ilike 'staging'
    union all
    select distinct
     'tiki' as database,
     proname as name,
     ns.nspname as schema,
     'function' as type
    from pg_proc
     join pg_namespace as ns on pronamespace = ns.oid
    where ns.nspname ilike 'staging'
  
[0m13:27:05.066174 [debug] [ThreadPool]: On list_tiki_gold: /* {"app": "dbt", "dbt_version": "1.12.3", "profile_name": "tiki", "target_name": "dev", "connection_name": "list_tiki_gold"} */
select
      'tiki' as database,
      tablename as name,
      schemaname as schema,
      'table' as type
    from pg_tables
    where schemaname ilike 'gold'
    union all
    select
      'tiki' as database,
      viewname as name,
      schemaname as schema,
      'view' as type
    from pg_views
    where schemaname ilike 'gold'
    union all
    select
      'tiki' as database,
      matviewname as name,
      schemaname as schema,
      'materialized_view' as type
    from pg_matviews
    where schemaname ilike 'gold'
    union all
    select distinct
     'tiki' as database,
     proname as name,
     ns.nspname as schema,
     'function' as type
    from pg_proc
     join pg_namespace as ns on pronamespace = ns.oid
    where ns.nspname ilike 'gold'
  
[0m13:27:05.066752 [debug] [ThreadPool]: Opening a new connection, currently in state closed
[0m13:27:05.067250 [debug] [ThreadPool]: Opening a new connection, currently in state init
[0m13:27:05.085489 [debug] [ThreadPool]: SQL status: SELECT 1 in 0.019 seconds
[0m13:27:05.087767 [debug] [ThreadPool]: On list_tiki_staging: ROLLBACK
[0m13:27:05.088877 [debug] [ThreadPool]: SQL status: SELECT 0 in 0.022 seconds
[0m13:27:05.089588 [debug] [ThreadPool]: On list_tiki_staging: Close
[0m13:27:05.090964 [debug] [ThreadPool]: On list_tiki_gold: ROLLBACK
[0m13:27:05.093092 [debug] [ThreadPool]: On list_tiki_gold: Close
[0m13:27:05.098644 [debug] [MainThread]: Using postgres connection "master"
[0m13:27:05.099415 [debug] [MainThread]: On master: /* {"app": "dbt", "dbt_version": "1.12.3", "profile_name": "tiki", "target_name": "dev", "connection_name": "master"} */
select distinct
        dependent_namespace.nspname as dependent_schema,
        dependent_class.relname as dependent_name,
        referenced_namespace.nspname as referenced_schema,
        referenced_class.relname as referenced_name

    -- Query for views: views are entries in pg_class with an entry in pg_rewrite, but we avoid
    -- a seq scan on pg_rewrite by leveraging the fact there is an "internal" row in pg_depend for
    -- the view...
    from pg_class as dependent_class
    join pg_namespace as dependent_namespace on dependent_namespace.oid = dependent_class.relnamespace
    join pg_depend as dependent_depend on dependent_depend.refobjid = dependent_class.oid
        and dependent_depend.classid = 'pg_rewrite'::regclass
        and dependent_depend.refclassid = 'pg_class'::regclass
        and dependent_depend.deptype = 'i'

    -- ... and via pg_depend (that has a row per column, hence the need for "distinct" above, and
    -- making sure to exclude the internal row to avoid a view appearing to depend on itself)...
    join pg_depend as joining_depend on joining_depend.objid = dependent_depend.objid
        and joining_depend.classid = 'pg_rewrite'::regclass
        and joining_depend.refclassid = 'pg_class'::regclass
        and joining_depend.refobjid != dependent_depend.refobjid

    -- ... we can find the tables they query from in pg_class, but excluding system tables. Note we
    -- don't need need to exclude _dependent_ system tables, because they only query from other
    -- system tables, and so are automatically excluded by excluding _referenced_ system tables
    join pg_class as referenced_class on referenced_class.oid = joining_depend.refobjid
    join pg_namespace as referenced_namespace on referenced_namespace.oid = referenced_class.relnamespace
        and referenced_namespace.nspname != 'information_schema'
        and referenced_namespace.nspname not like 'pg\_%'

    order by
        dependent_schema, dependent_name, referenced_schema, referenced_name;
[0m13:27:05.100106 [debug] [MainThread]: Opening a new connection, currently in state init
[0m13:27:05.115198 [debug] [MainThread]: SQL status: SELECT 1 in 0.015 seconds
[0m13:27:05.117072 [debug] [MainThread]: Sending event: {'category': 'dbt', 'action': 'runnable_timing', 'label': '80002165-7123-41a6-b105-f38f7eba298b', 'context': [<snowplow_tracker.self_describing_json.SelfDescribingJson object at 0x7a4903712330>]}
[0m13:27:05.117621 [debug] [MainThread]: On master: ROLLBACK
[0m13:27:05.118708 [debug] [MainThread]: On master: COMMIT
[0m13:27:05.119193 [debug] [MainThread]: Using postgres connection "master"
[0m13:27:05.119568 [debug] [MainThread]: On master: COMMIT
[0m13:27:05.120748 [debug] [MainThread]: SQL status: COMMIT in 0.001 seconds
[0m13:27:05.121135 [debug] [MainThread]: On master: Close
[0m13:27:05.125637 [debug] [Thread-1 (]: Began running node snapshot.tiki_gold.dim_product_snapshot
[0m13:27:05.126556 [info ] [Thread-1 (]: 1 of 1 START snapshot gold.dim_product_snapshot ................................ [RUN]
[0m13:27:05.127188 [debug] [Thread-1 (]: Re-using an available connection from the pool (formerly list_tiki_gold, now snapshot.tiki_gold.dim_product_snapshot)
[0m13:27:05.127788 [debug] [Thread-1 (]: Began compiling node snapshot.tiki_gold.dim_product_snapshot
[0m13:27:05.136729 [debug] [Thread-1 (]: Writing injected SQL for node "snapshot.tiki_gold.dim_product_snapshot"
[0m13:27:05.138839 [debug] [Thread-1 (]: Began executing node snapshot.tiki_gold.dim_product_snapshot
[0m13:27:05.311638 [debug] [Thread-1 (]: Using postgres connection "snapshot.tiki_gold.dim_product_snapshot"
[0m13:27:05.312369 [debug] [Thread-1 (]: On snapshot.tiki_gold.dim_product_snapshot: /* {"app": "dbt", "dbt_version": "1.12.3", "profile_name": "tiki", "target_name": "dev", "node_id": "snapshot.tiki_gold.dim_product_snapshot"} */
select * from (
        
    

    select *,
        md5(coalesce(cast(product_id as varchar ), '')
         || '|' || coalesce(cast(now()::timestamp without time zone as varchar ), '')
        ) as dbt_scd_id,
        now()::timestamp without time zone as dbt_updated_at,
        now()::timestamp without time zone as dbt_valid_from,
        
  
  coalesce(nullif(now()::timestamp without time zone, now()::timestamp without time zone), null)
  as dbt_valid_to
from (
        



-- Moi lan snapshot chay: lay ban ghi MOI NHAT cua tung product_id trong lan
-- crawl vua nap (co the co nhieu dong trung product_id do trung category).
select distinct on (product_id)
    product_id,
    sku,
    name,
    url_key,
    url,
    brand_id,
    brand_name,
    seller_id,
    seller_name,
    category_id,
    category_name,
    is_authentic,
    thumbnail_url
from "tiki"."staging"."stg_listings"
order by product_id, crawled_at desc

    ) sbq



    ) as __dbt_sbq
    where false
    limit 0

[0m13:27:05.313136 [debug] [Thread-1 (]: Opening a new connection, currently in state closed
[0m13:27:05.328835 [debug] [Thread-1 (]: SQL status: SELECT 0 in 0.016 seconds
[0m13:27:05.332862 [debug] [Thread-1 (]: Using postgres connection "snapshot.tiki_gold.dim_product_snapshot"
[0m13:27:05.333335 [debug] [Thread-1 (]: On snapshot.tiki_gold.dim_product_snapshot: /* {"app": "dbt", "dbt_version": "1.12.3", "profile_name": "tiki", "target_name": "dev", "node_id": "snapshot.tiki_gold.dim_product_snapshot"} */
select * from (
        select now()::timestamp without time zone as dbt_snapshot_time
    ) as __dbt_sbq
    where false
    limit 0

[0m13:27:05.334461 [debug] [Thread-1 (]: SQL status: SELECT 0 in 0.001 seconds
[0m13:27:05.335430 [debug] [Thread-1 (]: Writing runtime sql for node "snapshot.tiki_gold.dim_product_snapshot"
[0m13:27:05.337601 [debug] [Thread-1 (]: Using postgres connection "snapshot.tiki_gold.dim_product_snapshot"
[0m13:27:05.338221 [debug] [Thread-1 (]: On snapshot.tiki_gold.dim_product_snapshot: /* {"app": "dbt", "dbt_version": "1.12.3", "profile_name": "tiki", "target_name": "dev", "node_id": "snapshot.tiki_gold.dim_product_snapshot"} */

      
  
    

  create  table "tiki"."gold"."dim_product_snapshot"
  
  
    as
  
  (
    
    

    select *,
        md5(coalesce(cast(product_id as varchar ), '')
         || '|' || coalesce(cast(now()::timestamp without time zone as varchar ), '')
        ) as dbt_scd_id,
        now()::timestamp without time zone as dbt_updated_at,
        now()::timestamp without time zone as dbt_valid_from,
        
  
  coalesce(nullif(now()::timestamp without time zone, now()::timestamp without time zone), null)
  as dbt_valid_to
from (
        



-- Moi lan snapshot chay: lay ban ghi MOI NHAT cua tung product_id trong lan
-- crawl vua nap (co the co nhieu dong trung product_id do trung category).
select distinct on (product_id)
    product_id,
    sku,
    name,
    url_key,
    url,
    brand_id,
    brand_name,
    seller_id,
    seller_name,
    category_id,
    category_name,
    is_authentic,
    thumbnail_url
from "tiki"."staging"."stg_listings"
order by product_id, crawled_at desc

    ) sbq



  );
  
  
[0m13:27:05.786701 [debug] [Thread-1 (]: SQL status: SELECT 19875 in 0.448 seconds
[0m13:27:05.808211 [debug] [Thread-1 (]: On snapshot.tiki_gold.dim_product_snapshot: COMMIT
[0m13:27:05.808840 [debug] [Thread-1 (]: Using postgres connection "snapshot.tiki_gold.dim_product_snapshot"
[0m13:27:05.809261 [debug] [Thread-1 (]: On snapshot.tiki_gold.dim_product_snapshot: COMMIT
[0m13:27:05.826538 [debug] [Thread-1 (]: SQL status: COMMIT in 0.017 seconds
[0m13:27:05.829268 [debug] [Thread-1 (]: On snapshot.tiki_gold.dim_product_snapshot: Close
[0m13:27:05.831299 [debug] [Thread-1 (]: Sending event: {'category': 'dbt', 'action': 'run_model', 'label': '80002165-7123-41a6-b105-f38f7eba298b', 'context': [<snowplow_tracker.self_describing_json.SelfDescribingJson object at 0x7a49075c18b0>]}
[0m13:27:05.832311 [info ] [Thread-1 (]: 1 of 1 OK snapshotted gold.dim_product_snapshot ................................ [[32mSELECT 19875[0m in 0.70s]
[0m13:27:05.833290 [debug] [Thread-1 (]: Finished running node snapshot.tiki_gold.dim_product_snapshot
[0m13:27:05.836140 [debug] [MainThread]: On master: COMMIT
[0m13:27:05.836622 [debug] [MainThread]: Using postgres connection "master"
[0m13:27:05.837019 [debug] [MainThread]: On master: COMMIT
[0m13:27:05.837387 [debug] [MainThread]: Opening a new connection, currently in state closed
[0m13:27:05.849135 [debug] [MainThread]: SQL status: COMMIT in 0.011 seconds
[0m13:27:05.849878 [debug] [MainThread]: On master: Close
[0m13:27:05.850943 [debug] [MainThread]: Connection 'master' was properly closed.
[0m13:27:05.851490 [debug] [MainThread]: Connection 'list_tiki_staging' was properly closed.
[0m13:27:05.852004 [debug] [MainThread]: Connection 'snapshot.tiki_gold.dim_product_snapshot' was properly closed.
[0m13:27:05.852444 [info ] [MainThread]: 
[0m13:27:05.852979 [info ] [MainThread]: Finished running 1 snapshot in 0 hours 0 minutes and 0.90 seconds (0.90s).
[0m13:27:05.853928 [debug] [MainThread]: Command end result
[0m13:27:05.890132 [debug] [MainThread]: Wrote artifact WritableManifest to /home/hai/tiki-crawl/dbt/target/manifest.json
[0m13:27:05.893758 [debug] [MainThread]: Wrote artifact SemanticManifest to /home/hai/tiki-crawl/dbt/target/semantic_manifest.json
[0m13:27:05.896910 [debug] [MainThread]: Wrote artifact OsiDocument to /home/hai/tiki-crawl/dbt/target/osi_document.json
[0m13:27:05.909227 [debug] [MainThread]: Wrote artifact RunExecutionResult to /home/hai/tiki-crawl/dbt/target/run_results.json
[0m13:27:05.909838 [info ] [MainThread]: 
[0m13:27:05.910476 [info ] [MainThread]: [32mCompleted successfully[0m
[0m13:27:05.910956 [info ] [MainThread]: 
[0m13:27:05.911419 [info ] [MainThread]: Done. PASS=1 WARN=0 ERROR=0 SKIP=0 NO-OP=0 REUSED=0 TOTAL=1
[0m13:27:05.912589 [debug] [MainThread]: Resource report: {"command_name": "snapshot", "command_success": true, "command_wall_clock_time": 1.9359899, "process_in_blocks": "0", "process_kernel_time": 0.496241, "process_mem_max_rss": "133724", "process_out_blocks": "2248", "process_user_time": 2.760118}
[0m13:27:05.913139 [debug] [MainThread]: Command `dbt snapshot` succeeded at 13:27:05.913027 after 1.94 seconds
[0m13:27:05.913758 [debug] [MainThread]: Sending event: {'category': 'dbt', 'action': 'invocation', 'label': 'end', 'context': [<snowplow_tracker.self_describing_json.SelfDescribingJson object at 0x7a49063e2a50>, <snowplow_tracker.self_describing_json.SelfDescribingJson object at 0x7a4904b64290>, <snowplow_tracker.self_describing_json.SelfDescribingJson object at 0x7a4904b66390>]}
[0m13:27:05.914275 [debug] [MainThread]: Flushing usage events
[0m13:27:07.146505 [debug] [MainThread]: An error was encountered while trying to flush usage events
[0m13:27:09.575734 [debug] [MainThread]: Sending event: {'category': 'dbt', 'action': 'invocation', 'label': 'start', 'context': [<snowplow_tracker.self_describing_json.SelfDescribingJson object at 0x76885e4f5d30>, <snowplow_tracker.self_describing_json.SelfDescribingJson object at 0x76885d81ca40>, <snowplow_tracker.self_describing_json.SelfDescribingJson object at 0x76885da621b0>]}


============================== 13:27:09.580033 | 0386811e-66b9-4d56-a55d-67e36872f301 ==============================
[0m13:27:09.580033 [info ] [MainThread]: Running with dbt=1.12.3
[0m13:27:09.581057 [debug] [MainThread]: running dbt with arguments {'use_experimental_parser': 'False', 'printer_width': '80', 'maximum_seed_size_mib': '1', 'profiles_dir': '.', 'no_print': 'None', 'invocation_command': 'dbt run --profiles-dir . --select fact_price_daily', 'hints_enabled': 'True', 'target_path': 'None', 'version_check': 'True', 'warn_error': 'None', 'cache_selected_only': 'False', 'log_path': '/home/hai/tiki-crawl/dbt/logs', 'write_json': 'True', 'partial_parse': 'True', 'introspect': 'True', 'quiet': 'False', 'indirect_selection': 'eager', 'log_format': 'default', 'use_colors': 'True', 'send_anonymous_usage_stats': 'True', 'log_cache_events': 'False', 'debug': 'False', 'static_parser': 'True', 'empty': 'False', 'fail_fast': 'False', 'warn_error_options': 'WarnErrorOptionsV2(error=[], warn=[], silence=[])'}
[0m13:27:09.812297 [debug] [MainThread]: Sending event: {'category': 'dbt', 'action': 'project_id', 'label': '0386811e-66b9-4d56-a55d-67e36872f301', 'context': [<snowplow_tracker.self_describing_json.SelfDescribingJson object at 0x76885cd58530>]}
[0m13:27:09.902429 [debug] [MainThread]: Sending event: {'category': 'dbt', 'action': 'adapter_info', 'label': '0386811e-66b9-4d56-a55d-67e36872f301', 'context': [<snowplow_tracker.self_describing_json.SelfDescribingJson object at 0x76885c935ac0>]}
[0m13:27:09.903655 [info ] [MainThread]: Registered adapter: postgres=1.11.0
[0m13:27:10.024248 [debug] [MainThread]: checksum: b11284278684f540b15704c99909c8df3c16bdaf6844ccd0ae0d76372c1b52b6, vars: {}, profile: tiki, target: dev, version: 1.12.3
[0m13:27:10.194315 [debug] [MainThread]: Partial parsing enabled: 0 files deleted, 0 files added, 0 files changed.
[0m13:27:10.194971 [debug] [MainThread]: Nothing changed, skipping partial parsing.
[0m13:27:10.195436 [debug] [MainThread]: Partial parsing enabled, no changes found, skipping parsing
[0m13:27:10.207099 [debug] [MainThread]: Sending event: {'category': 'dbt', 'action': 'load_project', 'label': '0386811e-66b9-4d56-a55d-67e36872f301', 'context': [<snowplow_tracker.self_describing_json.SelfDescribingJson object at 0x76885c5197f0>]}
[0m13:27:10.383821 [debug] [MainThread]: Wrote artifact WritableManifest to /home/hai/tiki-crawl/dbt/target/manifest.json
[0m13:27:10.388628 [debug] [MainThread]: Wrote artifact SemanticManifest to /home/hai/tiki-crawl/dbt/target/semantic_manifest.json
[0m13:27:10.406932 [debug] [MainThread]: Wrote artifact OsiDocument to /home/hai/tiki-crawl/dbt/target/osi_document.json
[0m13:27:10.419148 [debug] [MainThread]: Sending event: {'category': 'dbt', 'action': 'resource_counts', 'label': '0386811e-66b9-4d56-a55d-67e36872f301', 'context': [<snowplow_tracker.self_describing_json.SelfDescribingJson object at 0x76885c1c2bd0>]}
[0m13:27:10.420112 [info ] [MainThread]: Found 2 models, 1 snapshot, 1 source, 478 macros
[0m13:27:10.420712 [debug] [MainThread]: Sending event: {'category': 'dbt', 'action': 'runnable_timing', 'label': '0386811e-66b9-4d56-a55d-67e36872f301', 'context': [<snowplow_tracker.self_describing_json.SelfDescribingJson object at 0x76885b9ea090>]}
[0m13:27:10.422726 [info ] [MainThread]: 
[0m13:27:10.423257 [info ] [MainThread]: Concurrency: 4 threads (target='dev')
[0m13:27:10.423750 [info ] [MainThread]: 
[0m13:27:10.424851 [debug] [MainThread]: Acquiring new postgres connection 'master'
[0m13:27:10.426780 [debug] [ThreadPool]: Acquiring new postgres connection 'list_tiki'
[0m13:27:10.474722 [debug] [ThreadPool]: Using postgres connection "list_tiki"
[0m13:27:10.475425 [debug] [ThreadPool]: On list_tiki: /* {"app": "dbt", "dbt_version": "1.12.3", "profile_name": "tiki", "target_name": "dev", "connection_name": "list_tiki"} */

    select distinct nspname from pg_namespace
  
[0m13:27:10.475964 [debug] [ThreadPool]: Opening a new connection, currently in state init
[0m13:27:10.495092 [debug] [ThreadPool]: SQL status: SELECT 7 in 0.019 seconds
[0m13:27:10.497037 [debug] [ThreadPool]: On list_tiki: Close
[0m13:27:10.503011 [debug] [ThreadPool]: Re-using an available connection from the pool (formerly list_tiki, now list_tiki_staging)
[0m13:27:10.509934 [debug] [ThreadPool]: Acquiring new postgres connection 'list_tiki_gold'
[0m13:27:10.510849 [debug] [ThreadPool]: Using postgres connection "list_tiki_staging"
[0m13:27:10.512765 [debug] [ThreadPool]: Using postgres connection "list_tiki_gold"
[0m13:27:10.513330 [debug] [ThreadPool]: On list_tiki_staging: /* {"app": "dbt", "dbt_version": "1.12.3", "profile_name": "tiki", "target_name": "dev", "connection_name": "list_tiki_staging"} */
select
      'tiki' as database,
      tablename as name,
      schemaname as schema,
      'table' as type
    from pg_tables
    where schemaname ilike 'staging'
    union all
    select
      'tiki' as database,
      viewname as name,
      schemaname as schema,
      'view' as type
    from pg_views
    where schemaname ilike 'staging'
    union all
    select
      'tiki' as database,
      matviewname as name,
      schemaname as schema,
      'materialized_view' as type
    from pg_matviews
    where schemaname ilike 'staging'
    union all
    select distinct
     'tiki' as database,
     proname as name,
     ns.nspname as schema,
     'function' as type
    from pg_proc
     join pg_namespace as ns on pronamespace = ns.oid
    where ns.nspname ilike 'staging'
  
[0m13:27:10.513884 [debug] [ThreadPool]: On list_tiki_gold: /* {"app": "dbt", "dbt_version": "1.12.3", "profile_name": "tiki", "target_name": "dev", "connection_name": "list_tiki_gold"} */
select
      'tiki' as database,
      tablename as name,
      schemaname as schema,
      'table' as type
    from pg_tables
    where schemaname ilike 'gold'
    union all
    select
      'tiki' as database,
      viewname as name,
      schemaname as schema,
      'view' as type
    from pg_views
    where schemaname ilike 'gold'
    union all
    select
      'tiki' as database,
      matviewname as name,
      schemaname as schema,
      'materialized_view' as type
    from pg_matviews
    where schemaname ilike 'gold'
    union all
    select distinct
     'tiki' as database,
     proname as name,
     ns.nspname as schema,
     'function' as type
    from pg_proc
     join pg_namespace as ns on pronamespace = ns.oid
    where ns.nspname ilike 'gold'
  
[0m13:27:10.514397 [debug] [ThreadPool]: Opening a new connection, currently in state closed
[0m13:27:10.514891 [debug] [ThreadPool]: Opening a new connection, currently in state init
[0m13:27:10.536876 [debug] [ThreadPool]: SQL status: SELECT 1 in 0.022 seconds
[0m13:27:10.537586 [debug] [ThreadPool]: SQL status: SELECT 1 in 0.023 seconds
[0m13:27:10.539267 [debug] [ThreadPool]: On list_tiki_staging: ROLLBACK
[0m13:27:10.541078 [debug] [ThreadPool]: On list_tiki_gold: ROLLBACK
[0m13:27:10.542617 [debug] [ThreadPool]: On list_tiki_staging: Close
[0m13:27:10.543251 [debug] [ThreadPool]: On list_tiki_gold: Close
[0m13:27:10.550397 [debug] [MainThread]: Using postgres connection "master"
[0m13:27:10.551098 [debug] [MainThread]: On master: /* {"app": "dbt", "dbt_version": "1.12.3", "profile_name": "tiki", "target_name": "dev", "connection_name": "master"} */
select distinct
        dependent_namespace.nspname as dependent_schema,
        dependent_class.relname as dependent_name,
        referenced_namespace.nspname as referenced_schema,
        referenced_class.relname as referenced_name

    -- Query for views: views are entries in pg_class with an entry in pg_rewrite, but we avoid
    -- a seq scan on pg_rewrite by leveraging the fact there is an "internal" row in pg_depend for
    -- the view...
    from pg_class as dependent_class
    join pg_namespace as dependent_namespace on dependent_namespace.oid = dependent_class.relnamespace
    join pg_depend as dependent_depend on dependent_depend.refobjid = dependent_class.oid
        and dependent_depend.classid = 'pg_rewrite'::regclass
        and dependent_depend.refclassid = 'pg_class'::regclass
        and dependent_depend.deptype = 'i'

    -- ... and via pg_depend (that has a row per column, hence the need for "distinct" above, and
    -- making sure to exclude the internal row to avoid a view appearing to depend on itself)...
    join pg_depend as joining_depend on joining_depend.objid = dependent_depend.objid
        and joining_depend.classid = 'pg_rewrite'::regclass
        and joining_depend.refclassid = 'pg_class'::regclass
        and joining_depend.refobjid != dependent_depend.refobjid

    -- ... we can find the tables they query from in pg_class, but excluding system tables. Note we
    -- don't need need to exclude _dependent_ system tables, because they only query from other
    -- system tables, and so are automatically excluded by excluding _referenced_ system tables
    join pg_class as referenced_class on referenced_class.oid = joining_depend.refobjid
    join pg_namespace as referenced_namespace on referenced_namespace.oid = referenced_class.relnamespace
        and referenced_namespace.nspname != 'information_schema'
        and referenced_namespace.nspname not like 'pg\_%'

    order by
        dependent_schema, dependent_name, referenced_schema, referenced_name;
[0m13:27:10.551570 [debug] [MainThread]: Opening a new connection, currently in state init
[0m13:27:10.567773 [debug] [MainThread]: SQL status: SELECT 1 in 0.016 seconds
[0m13:27:10.569679 [debug] [MainThread]: Sending event: {'category': 'dbt', 'action': 'runnable_timing', 'label': '0386811e-66b9-4d56-a55d-67e36872f301', 'context': [<snowplow_tracker.self_describing_json.SelfDescribingJson object at 0x7688608791c0>]}
[0m13:27:10.570234 [debug] [MainThread]: On master: ROLLBACK
[0m13:27:10.571121 [debug] [MainThread]: On master: COMMIT
[0m13:27:10.571560 [debug] [MainThread]: Using postgres connection "master"
[0m13:27:10.571943 [debug] [MainThread]: On master: COMMIT
[0m13:27:10.573251 [debug] [MainThread]: SQL status: COMMIT in 0.001 seconds
[0m13:27:10.573704 [debug] [MainThread]: On master: Close
[0m13:27:10.578697 [debug] [Thread-1 (]: Began running node model.tiki_gold.fact_price_daily
[0m13:27:10.579498 [info ] [Thread-1 (]: 1 of 1 START sql table model gold.fact_price_daily ............................. [RUN]
[0m13:27:10.580216 [debug] [Thread-1 (]: Re-using an available connection from the pool (formerly list_tiki_gold, now model.tiki_gold.fact_price_daily)
[0m13:27:10.580842 [debug] [Thread-1 (]: Began compiling node model.tiki_gold.fact_price_daily
[0m13:27:10.587617 [debug] [Thread-1 (]: Writing injected SQL for node "model.tiki_gold.fact_price_daily"
[0m13:27:10.589219 [debug] [Thread-1 (]: Began executing node model.tiki_gold.fact_price_daily
[0m13:27:10.630979 [debug] [Thread-1 (]: Writing runtime sql for node "model.tiki_gold.fact_price_daily"
[0m13:27:10.632593 [debug] [Thread-1 (]: Using postgres connection "model.tiki_gold.fact_price_daily"
[0m13:27:10.633079 [debug] [Thread-1 (]: On model.tiki_gold.fact_price_daily: /* {"app": "dbt", "dbt_version": "1.12.3", "profile_name": "tiki", "target_name": "dev", "node_id": "model.tiki_gold.fact_price_daily"} */

  
    

  create  table "tiki"."gold"."fact_price_daily__dbt_tmp"
  
  
    as
  
  (
    -- Grain: (product_id, dt, hour) - 1 dong = gia tri do duoc cua 1 san pham
-- tai 1 lan crawl. Dedupe bang distinct on vi 1 san pham co the xuat hien
-- o nhieu category trong cung 1 lan crawl (VD tai nghe ban trong category
-- may-tinh-bang) - Silver da dedupe theo category, chua dedupe xuyen category.

select distinct on (product_id, dt, hour)
    product_id,
    dt,
    hour,
    price,
    list_price,
    discount,
    discount_rate,
    rating_average,
    review_count,
    quantity_sold,
    inventory_status,
    badge_count,
    page,
    crawled_at
from "tiki"."staging"."stg_listings"
order by product_id, dt, hour, category_slug
  );
  
[0m13:27:10.633600 [debug] [Thread-1 (]: Opening a new connection, currently in state closed
[0m13:27:10.900559 [debug] [Thread-1 (]: SQL status: SELECT 56082 in 0.267 seconds
[0m13:27:10.916633 [debug] [Thread-1 (]: Using postgres connection "model.tiki_gold.fact_price_daily"
[0m13:27:10.917914 [debug] [Thread-1 (]: On model.tiki_gold.fact_price_daily: /* {"app": "dbt", "dbt_version": "1.12.3", "profile_name": "tiki", "target_name": "dev", "node_id": "model.tiki_gold.fact_price_daily"} */
alter table "tiki"."gold"."fact_price_daily__dbt_tmp" rename to "fact_price_daily"
[0m13:27:10.919647 [debug] [Thread-1 (]: SQL status: ALTER TABLE in 0.001 seconds
[0m13:27:10.941093 [debug] [Thread-1 (]: On model.tiki_gold.fact_price_daily: COMMIT
[0m13:27:10.941930 [debug] [Thread-1 (]: Using postgres connection "model.tiki_gold.fact_price_daily"
[0m13:27:10.942619 [debug] [Thread-1 (]: On model.tiki_gold.fact_price_daily: COMMIT
[0m13:27:10.968830 [debug] [Thread-1 (]: SQL status: COMMIT in 0.025 seconds
[0m13:27:11.076147 [debug] [Thread-1 (]: Applying DROP to: "tiki"."gold"."fact_price_daily__dbt_backup"
[0m13:27:11.083953 [debug] [Thread-1 (]: Using postgres connection "model.tiki_gold.fact_price_daily"
[0m13:27:11.084701 [debug] [Thread-1 (]: On model.tiki_gold.fact_price_daily: /* {"app": "dbt", "dbt_version": "1.12.3", "profile_name": "tiki", "target_name": "dev", "node_id": "model.tiki_gold.fact_price_daily"} */
drop table if exists "tiki"."gold"."fact_price_daily__dbt_backup" cascade
[0m13:27:11.085981 [debug] [Thread-1 (]: SQL status: DROP TABLE in 0.001 seconds
[0m13:27:11.088701 [debug] [Thread-1 (]: On model.tiki_gold.fact_price_daily: Close
[0m13:27:11.090671 [debug] [Thread-1 (]: Sending event: {'category': 'dbt', 'action': 'run_model', 'label': '0386811e-66b9-4d56-a55d-67e36872f301', 'context': [<snowplow_tracker.self_describing_json.SelfDescribingJson object at 0x76885ead98e0>]}
[0m13:27:11.091582 [info ] [Thread-1 (]: 1 of 1 OK created sql table model gold.fact_price_daily ........................ [[32mSELECT 56082[0m in 0.51s]
[0m13:27:11.092571 [debug] [Thread-1 (]: Finished running node model.tiki_gold.fact_price_daily
[0m13:27:11.095211 [debug] [MainThread]: On master: COMMIT
[0m13:27:11.095738 [debug] [MainThread]: Using postgres connection "master"
[0m13:27:11.096122 [debug] [MainThread]: On master: COMMIT
[0m13:27:11.096506 [debug] [MainThread]: Opening a new connection, currently in state closed
[0m13:27:11.110654 [debug] [MainThread]: SQL status: COMMIT in 0.014 seconds
[0m13:27:11.111443 [debug] [MainThread]: On master: Close
[0m13:27:11.112477 [debug] [MainThread]: Connection 'master' was properly closed.
[0m13:27:11.113122 [debug] [MainThread]: Connection 'list_tiki_staging' was properly closed.
[0m13:27:11.113539 [debug] [MainThread]: Connection 'model.tiki_gold.fact_price_daily' was properly closed.
[0m13:27:11.114060 [info ] [MainThread]: 
[0m13:27:11.114646 [info ] [MainThread]: Finished running 1 table model in 0 hours 0 minutes and 0.69 seconds (0.69s).
[0m13:27:11.115711 [debug] [MainThread]: Command end result
[0m13:27:11.162148 [debug] [MainThread]: Wrote artifact WritableManifest to /home/hai/tiki-crawl/dbt/target/manifest.json
[0m13:27:11.165624 [debug] [MainThread]: Wrote artifact SemanticManifest to /home/hai/tiki-crawl/dbt/target/semantic_manifest.json
[0m13:27:11.168782 [debug] [MainThread]: Wrote artifact OsiDocument to /home/hai/tiki-crawl/dbt/target/osi_document.json
[0m13:27:11.178786 [debug] [MainThread]: Wrote artifact RunExecutionResult to /home/hai/tiki-crawl/dbt/target/run_results.json
[0m13:27:11.179387 [info ] [MainThread]: 
[0m13:27:11.179946 [info ] [MainThread]: [32mCompleted successfully[0m
[0m13:27:11.180433 [info ] [MainThread]: 
[0m13:27:11.181006 [info ] [MainThread]: Done. PASS=1 WARN=0 ERROR=0 SKIP=0 NO-OP=0 REUSED=0 TOTAL=1
[0m13:27:11.182138 [debug] [MainThread]: Resource report: {"command_name": "run", "command_success": true, "command_wall_clock_time": 1.7192982, "process_in_blocks": "0", "process_kernel_time": 0.43662, "process_mem_max_rss": "133072", "process_out_blocks": "2240", "process_user_time": 2.936272}
[0m13:27:11.182676 [debug] [MainThread]: Command `dbt run` succeeded at 13:27:11.182564 after 1.72 seconds
[0m13:27:11.183195 [debug] [MainThread]: Sending event: {'category': 'dbt', 'action': 'invocation', 'label': 'end', 'context': [<snowplow_tracker.self_describing_json.SelfDescribingJson object at 0x76885fe7abd0>, <snowplow_tracker.self_describing_json.SelfDescribingJson object at 0x76885eb043e0>, <snowplow_tracker.self_describing_json.SelfDescribingJson object at 0x76886254b6e0>]}
[0m13:27:11.183677 [debug] [MainThread]: Flushing usage events
[0m13:27:12.241889 [debug] [MainThread]: An error was encountered while trying to flush usage events
[0m13:29:09.152179 [debug] [MainThread]: Sending event: {'category': 'dbt', 'action': 'invocation', 'label': 'start', 'context': [<snowplow_tracker.self_describing_json.SelfDescribingJson object at 0x783f79ba8770>, <snowplow_tracker.self_describing_json.SelfDescribingJson object at 0x783f79bb1e80>, <snowplow_tracker.self_describing_json.SelfDescribingJson object at 0x783f79ba82f0>]}


============================== 13:29:09.156211 | 18dcb2c8-1692-47c1-850c-408148979094 ==============================
[0m13:29:09.156211 [info ] [MainThread]: Running with dbt=1.12.3
[0m13:29:09.157101 [debug] [MainThread]: running dbt with arguments {'write_json': 'True', 'cache_selected_only': 'False', 'invocation_command': 'dbt run --profiles-dir . --select stg_listings', 'log_path': '/home/hai/tiki-crawl/dbt/logs', 'send_anonymous_usage_stats': 'True', 'use_experimental_parser': 'False', 'partial_parse': 'True', 'static_parser': 'True', 'profiles_dir': '.', 'warn_error_options': 'WarnErrorOptionsV2(error=[], warn=[], silence=[])', 'log_cache_events': 'False', 'no_print': 'None', 'target_path': 'None', 'maximum_seed_size_mib': '1', 'log_format': 'default', 'indirect_selection': 'eager', 'quiet': 'False', 'debug': 'False', 'warn_error': 'None', 'hints_enabled': 'True', 'version_check': 'True', 'fail_fast': 'False', 'use_colors': 'True', 'empty': 'False', 'printer_width': '80', 'introspect': 'True'}
[0m13:29:09.421005 [debug] [MainThread]: Sending event: {'category': 'dbt', 'action': 'project_id', 'label': '18dcb2c8-1692-47c1-850c-408148979094', 'context': [<snowplow_tracker.self_describing_json.SelfDescribingJson object at 0x783f785f9ee0>]}
[0m13:29:09.519403 [debug] [MainThread]: Sending event: {'category': 'dbt', 'action': 'adapter_info', 'label': '18dcb2c8-1692-47c1-850c-408148979094', 'context': [<snowplow_tracker.self_describing_json.SelfDescribingJson object at 0x783f78519a90>]}
[0m13:29:09.520650 [info ] [MainThread]: Registered adapter: postgres=1.11.0
[0m13:29:09.649585 [debug] [MainThread]: checksum: b11284278684f540b15704c99909c8df3c16bdaf6844ccd0ae0d76372c1b52b6, vars: {}, profile: tiki, target: dev, version: 1.12.3
[0m13:29:15.737522 [debug] [MainThread]: Partial parsing enabled: 0 files deleted, 0 files added, 0 files changed.
[0m13:29:15.738129 [debug] [MainThread]: Nothing changed, skipping partial parsing.
[0m13:29:15.738544 [debug] [MainThread]: Partial parsing enabled, no changes found, skipping parsing
[0m13:29:15.748712 [debug] [MainThread]: Sending event: {'category': 'dbt', 'action': 'load_project', 'label': '18dcb2c8-1692-47c1-850c-408148979094', 'context': [<snowplow_tracker.self_describing_json.SelfDescribingJson object at 0x783f77d014f0>]}
[0m13:29:15.914539 [debug] [MainThread]: Wrote artifact WritableManifest to /home/hai/tiki-crawl/dbt/target/manifest.json
[0m13:29:15.917486 [debug] [MainThread]: Wrote artifact SemanticManifest to /home/hai/tiki-crawl/dbt/target/semantic_manifest.json
[0m13:29:15.932217 [debug] [MainThread]: Wrote artifact OsiDocument to /home/hai/tiki-crawl/dbt/target/osi_document.json
[0m13:29:15.942399 [debug] [MainThread]: Sending event: {'category': 'dbt', 'action': 'resource_counts', 'label': '18dcb2c8-1692-47c1-850c-408148979094', 'context': [<snowplow_tracker.self_describing_json.SelfDescribingJson object at 0x783f779a6c00>]}
[0m13:29:15.942998 [info ] [MainThread]: Found 2 models, 1 snapshot, 1 source, 478 macros
[0m13:29:15.943449 [debug] [MainThread]: Sending event: {'category': 'dbt', 'action': 'runnable_timing', 'label': '18dcb2c8-1692-47c1-850c-408148979094', 'context': [<snowplow_tracker.self_describing_json.SelfDescribingJson object at 0x783f781840b0>]}
[0m13:29:15.945059 [info ] [MainThread]: 
[0m13:29:15.945515 [info ] [MainThread]: Concurrency: 4 threads (target='dev')
[0m13:29:15.945957 [info ] [MainThread]: 
[0m13:29:15.946705 [debug] [MainThread]: Acquiring new postgres connection 'master'
[0m13:29:15.948134 [debug] [ThreadPool]: Acquiring new postgres connection 'list_tiki'
[0m13:29:15.990969 [debug] [ThreadPool]: Using postgres connection "list_tiki"
[0m13:29:15.991565 [debug] [ThreadPool]: On list_tiki: /* {"app": "dbt", "dbt_version": "1.12.3", "profile_name": "tiki", "target_name": "dev", "connection_name": "list_tiki"} */

    select distinct nspname from pg_namespace
  
[0m13:29:15.991953 [debug] [ThreadPool]: Opening a new connection, currently in state init
[0m13:29:16.009303 [debug] [ThreadPool]: SQL status: SELECT 7 in 0.017 seconds
[0m13:29:16.011353 [debug] [ThreadPool]: On list_tiki: Close
[0m13:29:16.016812 [debug] [ThreadPool]: Re-using an available connection from the pool (formerly list_tiki, now list_tiki_staging)
[0m13:29:16.018066 [debug] [ThreadPool]: Acquiring new postgres connection 'list_tiki_gold'
[0m13:29:16.024796 [debug] [ThreadPool]: Using postgres connection "list_tiki_staging"
[0m13:29:16.026197 [debug] [ThreadPool]: Using postgres connection "list_tiki_gold"
[0m13:29:16.026916 [debug] [ThreadPool]: On list_tiki_staging: /* {"app": "dbt", "dbt_version": "1.12.3", "profile_name": "tiki", "target_name": "dev", "connection_name": "list_tiki_staging"} */
select
      'tiki' as database,
      tablename as name,
      schemaname as schema,
      'table' as type
    from pg_tables
    where schemaname ilike 'staging'
    union all
    select
      'tiki' as database,
      viewname as name,
      schemaname as schema,
      'view' as type
    from pg_views
    where schemaname ilike 'staging'
    union all
    select
      'tiki' as database,
      matviewname as name,
      schemaname as schema,
      'materialized_view' as type
    from pg_matviews
    where schemaname ilike 'staging'
    union all
    select distinct
     'tiki' as database,
     proname as name,
     ns.nspname as schema,
     'function' as type
    from pg_proc
     join pg_namespace as ns on pronamespace = ns.oid
    where ns.nspname ilike 'staging'
  
[0m13:29:16.027546 [debug] [ThreadPool]: On list_tiki_gold: /* {"app": "dbt", "dbt_version": "1.12.3", "profile_name": "tiki", "target_name": "dev", "connection_name": "list_tiki_gold"} */
select
      'tiki' as database,
      tablename as name,
      schemaname as schema,
      'table' as type
    from pg_tables
    where schemaname ilike 'gold'
    union all
    select
      'tiki' as database,
      viewname as name,
      schemaname as schema,
      'view' as type
    from pg_views
    where schemaname ilike 'gold'
    union all
    select
      'tiki' as database,
      matviewname as name,
      schemaname as schema,
      'materialized_view' as type
    from pg_matviews
    where schemaname ilike 'gold'
    union all
    select distinct
     'tiki' as database,
     proname as name,
     ns.nspname as schema,
     'function' as type
    from pg_proc
     join pg_namespace as ns on pronamespace = ns.oid
    where ns.nspname ilike 'gold'
  
[0m13:29:16.028069 [debug] [ThreadPool]: Opening a new connection, currently in state closed
[0m13:29:16.028510 [debug] [ThreadPool]: Opening a new connection, currently in state init
[0m13:29:09.625120 [debug] [ThreadPool]: SQL status: SELECT 0 in 0.020 seconds
[0m13:29:09.625971 [debug] [ThreadPool]: SQL status: SELECT 2 in 0.020 seconds
[0m13:29:09.628558 [debug] [ThreadPool]: On list_tiki_staging: ROLLBACK
[0m13:29:09.630647 [debug] [ThreadPool]: On list_tiki_gold: ROLLBACK
[0m13:29:09.632034 [debug] [ThreadPool]: On list_tiki_staging: Close
[0m13:29:09.632587 [debug] [ThreadPool]: On list_tiki_gold: Close
[0m13:29:09.640155 [debug] [MainThread]: Using postgres connection "master"
[0m13:29:09.641035 [debug] [MainThread]: On master: /* {"app": "dbt", "dbt_version": "1.12.3", "profile_name": "tiki", "target_name": "dev", "connection_name": "master"} */
select distinct
        dependent_namespace.nspname as dependent_schema,
        dependent_class.relname as dependent_name,
        referenced_namespace.nspname as referenced_schema,
        referenced_class.relname as referenced_name

    -- Query for views: views are entries in pg_class with an entry in pg_rewrite, but we avoid
    -- a seq scan on pg_rewrite by leveraging the fact there is an "internal" row in pg_depend for
    -- the view...
    from pg_class as dependent_class
    join pg_namespace as dependent_namespace on dependent_namespace.oid = dependent_class.relnamespace
    join pg_depend as dependent_depend on dependent_depend.refobjid = dependent_class.oid
        and dependent_depend.classid = 'pg_rewrite'::regclass
        and dependent_depend.refclassid = 'pg_class'::regclass
        and dependent_depend.deptype = 'i'

    -- ... and via pg_depend (that has a row per column, hence the need for "distinct" above, and
    -- making sure to exclude the internal row to avoid a view appearing to depend on itself)...
    join pg_depend as joining_depend on joining_depend.objid = dependent_depend.objid
        and joining_depend.classid = 'pg_rewrite'::regclass
        and joining_depend.refclassid = 'pg_class'::regclass
        and joining_depend.refobjid != dependent_depend.refobjid

    -- ... we can find the tables they query from in pg_class, but excluding system tables. Note we
    -- don't need need to exclude _dependent_ system tables, because they only query from other
    -- system tables, and so are automatically excluded by excluding _referenced_ system tables
    join pg_class as referenced_class on referenced_class.oid = joining_depend.refobjid
    join pg_namespace as referenced_namespace on referenced_namespace.oid = referenced_class.relnamespace
        and referenced_namespace.nspname != 'information_schema'
        and referenced_namespace.nspname not like 'pg\_%'

    order by
        dependent_schema, dependent_name, referenced_schema, referenced_name;
[0m13:29:09.641781 [debug] [MainThread]: Opening a new connection, currently in state init
[0m13:29:09.670629 [debug] [MainThread]: SQL status: SELECT 0 in 0.029 seconds
[0m13:29:09.672635 [debug] [MainThread]: Sending event: {'category': 'dbt', 'action': 'runnable_timing', 'label': '18dcb2c8-1692-47c1-850c-408148979094', 'context': [<snowplow_tracker.self_describing_json.SelfDescribingJson object at 0x783f7c068f80>]}
[0m13:29:09.673316 [debug] [MainThread]: On master: ROLLBACK
[0m13:29:09.674274 [debug] [MainThread]: On master: COMMIT
[0m13:29:09.674784 [debug] [MainThread]: Using postgres connection "master"
[0m13:29:09.675370 [debug] [MainThread]: On master: COMMIT
[0m13:29:09.676674 [debug] [MainThread]: SQL status: COMMIT in 0.001 seconds
[0m13:29:09.677096 [debug] [MainThread]: On master: Close
[0m13:29:09.681987 [debug] [Thread-1 (]: Began running node model.tiki_gold.stg_listings
[0m13:29:09.682898 [info ] [Thread-1 (]: 1 of 1 START sql view model staging.stg_listings ............................... [RUN]
[0m13:29:09.683778 [debug] [Thread-1 (]: Re-using an available connection from the pool (formerly list_tiki_gold, now model.tiki_gold.stg_listings)
[0m13:29:09.684278 [debug] [Thread-1 (]: Began compiling node model.tiki_gold.stg_listings
[0m13:29:09.691685 [debug] [Thread-1 (]: Writing injected SQL for node "model.tiki_gold.stg_listings"
[0m13:29:09.693035 [debug] [Thread-1 (]: Began executing node model.tiki_gold.stg_listings
[0m13:29:09.736086 [debug] [Thread-1 (]: Writing runtime sql for node "model.tiki_gold.stg_listings"
[0m13:29:09.737234 [debug] [Thread-1 (]: Using postgres connection "model.tiki_gold.stg_listings"
[0m13:29:09.737769 [debug] [Thread-1 (]: On model.tiki_gold.stg_listings: /* {"app": "dbt", "dbt_version": "1.12.3", "profile_name": "tiki", "target_name": "dev", "node_id": "model.tiki_gold.stg_listings"} */

  create view "tiki"."staging"."stg_listings__dbt_tmp"
    
    
  as (
    -- Chuan hoa kieu du lieu tu bang raw, chua gop/dedupe theo grain fact.
-- dt/hour/category la partition tu Hive (duckdb tu suy ra khi load_silver_to_postgres.py chay).

select
    product_id::bigint                as product_id,
    sku,
    name,
    url_key,
    url,
    price::bigint                     as price,
    list_price::bigint                as list_price,
    discount::bigint                  as discount,
    discount_rate::int                as discount_rate,
    rating_average::double precision  as rating_average,
    review_count::int                 as review_count,
    quantity_sold::int                as quantity_sold,
    brand_id::int                     as brand_id,
    brand_name,
    seller_id::bigint                 as seller_id,
    seller_name,
    category_id::bigint               as category_id,
    primary_category_name             as category_name,
    inventory_status,
    is_authentic::boolean             as is_authentic,
    thumbnail_url,
    badge_count::int                  as badge_count,
    page::int                         as page,
    crawled_at::timestamp             as crawled_at,
    dt::date                          as dt,
    hour::int                         as hour,
    category                          as category_slug

from "tiki"."raw"."listings"
  );
[0m13:29:09.738282 [debug] [Thread-1 (]: Opening a new connection, currently in state closed
[0m13:29:09.754646 [debug] [Thread-1 (]: SQL status: CREATE VIEW in 0.016 seconds
[0m13:29:09.763118 [debug] [Thread-1 (]: Using postgres connection "model.tiki_gold.stg_listings"
[0m13:29:09.763939 [debug] [Thread-1 (]: On model.tiki_gold.stg_listings: /* {"app": "dbt", "dbt_version": "1.12.3", "profile_name": "tiki", "target_name": "dev", "node_id": "model.tiki_gold.stg_listings"} */
alter table "tiki"."staging"."stg_listings__dbt_tmp" rename to "stg_listings"
[0m13:29:09.765658 [debug] [Thread-1 (]: SQL status: ALTER TABLE in 0.001 seconds
[0m13:29:09.789858 [debug] [Thread-1 (]: On model.tiki_gold.stg_listings: COMMIT
[0m13:29:09.790672 [debug] [Thread-1 (]: Using postgres connection "model.tiki_gold.stg_listings"
[0m13:29:09.792934 [debug] [Thread-1 (]: On model.tiki_gold.stg_listings: COMMIT
[0m13:29:09.800660 [debug] [Thread-1 (]: SQL status: COMMIT in 0.007 seconds
[0m13:29:09.894216 [debug] [Thread-1 (]: Applying DROP to: "tiki"."staging"."stg_listings__dbt_backup"
[0m13:29:09.903638 [debug] [Thread-1 (]: Using postgres connection "model.tiki_gold.stg_listings"
[0m13:29:09.904841 [debug] [Thread-1 (]: On model.tiki_gold.stg_listings: /* {"app": "dbt", "dbt_version": "1.12.3", "profile_name": "tiki", "target_name": "dev", "node_id": "model.tiki_gold.stg_listings"} */
drop view if exists "tiki"."staging"."stg_listings__dbt_backup" cascade
[0m13:29:09.906529 [debug] [Thread-1 (]: SQL status: DROP VIEW in 0.001 seconds
[0m13:29:09.910501 [debug] [Thread-1 (]: On model.tiki_gold.stg_listings: Close
[0m13:29:09.913625 [debug] [Thread-1 (]: Sending event: {'category': 'dbt', 'action': 'run_model', 'label': '18dcb2c8-1692-47c1-850c-408148979094', 'context': [<snowplow_tracker.self_describing_json.SelfDescribingJson object at 0x783f7a229940>]}
[0m13:29:09.914945 [info ] [Thread-1 (]: 1 of 1 OK created sql view model staging.stg_listings .......................... [[32mCREATE VIEW[0m in 0.23s]
[0m13:29:09.916315 [debug] [Thread-1 (]: Finished running node model.tiki_gold.stg_listings
[0m13:29:09.919504 [debug] [MainThread]: On master: COMMIT
[0m13:29:09.920210 [debug] [MainThread]: Using postgres connection "master"
[0m13:29:09.920639 [debug] [MainThread]: On master: COMMIT
[0m13:29:09.921136 [debug] [MainThread]: Opening a new connection, currently in state closed
[0m13:29:09.935508 [debug] [MainThread]: SQL status: COMMIT in 0.014 seconds
[0m13:29:09.936318 [debug] [MainThread]: On master: Close
[0m13:29:09.937025 [debug] [MainThread]: Connection 'master' was properly closed.
[0m13:29:09.937398 [debug] [MainThread]: Connection 'list_tiki_staging' was properly closed.
[0m13:29:09.937764 [debug] [MainThread]: Connection 'model.tiki_gold.stg_listings' was properly closed.
[0m13:29:09.938460 [info ] [MainThread]: 
[0m13:29:09.939244 [info ] [MainThread]: Finished running 1 view model in -1 hours 59 minutes and 53.99 seconds (-6.01s).
[0m13:29:09.940896 [debug] [MainThread]: Command end result
[0m13:29:09.982647 [debug] [MainThread]: Wrote artifact WritableManifest to /home/hai/tiki-crawl/dbt/target/manifest.json
[0m13:29:09.986043 [debug] [MainThread]: Wrote artifact SemanticManifest to /home/hai/tiki-crawl/dbt/target/semantic_manifest.json
[0m13:29:09.989167 [debug] [MainThread]: Wrote artifact OsiDocument to /home/hai/tiki-crawl/dbt/target/osi_document.json
[0m13:29:09.997067 [debug] [MainThread]: Wrote artifact RunExecutionResult to /home/hai/tiki-crawl/dbt/target/run_results.json
[0m13:29:09.997578 [info ] [MainThread]: 
[0m13:29:09.998180 [info ] [MainThread]: [32mCompleted successfully[0m
[0m13:29:09.998620 [info ] [MainThread]: 
[0m13:29:09.999139 [info ] [MainThread]: Done. PASS=1 WARN=0 ERROR=0 SKIP=0 NO-OP=0 REUSED=0 TOTAL=1
[0m13:29:10.000284 [debug] [MainThread]: Resource report: {"command_name": "run", "command_success": true, "command_wall_clock_time": 1.4699737, "process_in_blocks": "0", "process_kernel_time": 0.694229, "process_mem_max_rss": "133192", "process_out_blocks": "2256", "process_user_time": 2.853248}
[0m13:29:10.000837 [debug] [MainThread]: Command `dbt run` succeeded at 13:29:10.000725 after 1.47 seconds
[0m13:29:10.001285 [debug] [MainThread]: Sending event: {'category': 'dbt', 'action': 'invocation', 'label': 'end', 'context': [<snowplow_tracker.self_describing_json.SelfDescribingJson object at 0x783f7dd636e0>, <snowplow_tracker.self_describing_json.SelfDescribingJson object at 0x783f790002c0>, <snowplow_tracker.self_describing_json.SelfDescribingJson object at 0x783f7c50be90>]}
[0m13:29:10.001765 [debug] [MainThread]: Flushing usage events
[0m13:29:11.456233 [debug] [MainThread]: An error was encountered while trying to flush usage events
[0m13:29:14.122638 [debug] [MainThread]: Sending event: {'category': 'dbt', 'action': 'invocation', 'label': 'start', 'context': [<snowplow_tracker.self_describing_json.SelfDescribingJson object at 0x770320bcbb30>, <snowplow_tracker.self_describing_json.SelfDescribingJson object at 0x7703204dbce0>, <snowplow_tracker.self_describing_json.SelfDescribingJson object at 0x7703206d7da0>]}


============================== 13:29:14.126672 | f9f8f23f-8bca-466e-b803-f2b37f3b1231 ==============================
[0m13:29:14.126672 [info ] [MainThread]: Running with dbt=1.12.3
[0m13:29:14.127462 [debug] [MainThread]: running dbt with arguments {'use_colors': 'True', 'debug': 'False', 'indirect_selection': 'eager', 'quiet': 'False', 'static_parser': 'True', 'printer_width': '80', 'log_format': 'default', 'cache_selected_only': 'False', 'hints_enabled': 'True', 'send_anonymous_usage_stats': 'True', 'no_print': 'None', 'empty': 'False', 'fail_fast': 'False', 'profiles_dir': '.', 'write_json': 'True', 'invocation_command': 'dbt snapshot --profiles-dir .', 'use_experimental_parser': 'False', 'log_path': '/home/hai/tiki-crawl/dbt/logs', 'log_cache_events': 'False', 'partial_parse': 'True', 'maximum_seed_size_mib': '1', 'introspect': 'True', 'warn_error_options': 'WarnErrorOptionsV2(error=[], warn=[], silence=[])', 'warn_error': 'None', 'target_path': 'None', 'version_check': 'True'}
[0m13:29:14.365266 [debug] [MainThread]: Sending event: {'category': 'dbt', 'action': 'project_id', 'label': 'f9f8f23f-8bca-466e-b803-f2b37f3b1231', 'context': [<snowplow_tracker.self_describing_json.SelfDescribingJson object at 0x77031f807530>]}
[0m13:29:14.465554 [debug] [MainThread]: Sending event: {'category': 'dbt', 'action': 'adapter_info', 'label': 'f9f8f23f-8bca-466e-b803-f2b37f3b1231', 'context': [<snowplow_tracker.self_describing_json.SelfDescribingJson object at 0x77031f7c3170>]}
[0m13:29:14.467204 [info ] [MainThread]: Registered adapter: postgres=1.11.0
[0m13:29:14.588983 [debug] [MainThread]: checksum: b11284278684f540b15704c99909c8df3c16bdaf6844ccd0ae0d76372c1b52b6, vars: {}, profile: tiki, target: dev, version: 1.12.3
[0m13:29:14.808228 [debug] [MainThread]: Partial parsing enabled: 0 files deleted, 0 files added, 0 files changed.
[0m13:29:14.808969 [debug] [MainThread]: Nothing changed, skipping partial parsing.
[0m13:29:14.809459 [debug] [MainThread]: Partial parsing enabled, no changes found, skipping parsing
[0m13:29:20.748468 [debug] [MainThread]: Sending event: {'category': 'dbt', 'action': 'load_project', 'label': 'f9f8f23f-8bca-466e-b803-f2b37f3b1231', 'context': [<snowplow_tracker.self_describing_json.SelfDescribingJson object at 0x77031f7dce30>]}
[0m13:29:20.949409 [debug] [MainThread]: Wrote artifact WritableManifest to /home/hai/tiki-crawl/dbt/target/manifest.json
[0m13:29:20.952631 [debug] [MainThread]: Wrote artifact SemanticManifest to /home/hai/tiki-crawl/dbt/target/semantic_manifest.json
[0m13:29:20.970876 [debug] [MainThread]: Wrote artifact OsiDocument to /home/hai/tiki-crawl/dbt/target/osi_document.json
[0m13:29:20.982956 [debug] [MainThread]: Sending event: {'category': 'dbt', 'action': 'resource_counts', 'label': 'f9f8f23f-8bca-466e-b803-f2b37f3b1231', 'context': [<snowplow_tracker.self_describing_json.SelfDescribingJson object at 0x77031dfa6f60>]}
[0m13:29:20.983610 [info ] [MainThread]: Found 2 models, 1 snapshot, 1 source, 478 macros
[0m13:29:20.984061 [debug] [MainThread]: Sending event: {'category': 'dbt', 'action': 'runnable_timing', 'label': 'f9f8f23f-8bca-466e-b803-f2b37f3b1231', 'context': [<snowplow_tracker.self_describing_json.SelfDescribingJson object at 0x77031dfcb890>]}
[0m13:29:20.986332 [info ] [MainThread]: 
[0m13:29:20.986810 [info ] [MainThread]: Concurrency: 4 threads (target='dev')
[0m13:29:20.987219 [info ] [MainThread]: 
[0m13:29:20.987913 [debug] [MainThread]: Acquiring new postgres connection 'master'
[0m13:29:20.989705 [debug] [ThreadPool]: Acquiring new postgres connection 'list_tiki'
[0m13:29:21.052626 [debug] [ThreadPool]: Using postgres connection "list_tiki"
[0m13:29:21.053350 [debug] [ThreadPool]: On list_tiki: /* {"app": "dbt", "dbt_version": "1.12.3", "profile_name": "tiki", "target_name": "dev", "connection_name": "list_tiki"} */

    select distinct nspname from pg_namespace
  
[0m13:29:21.053793 [debug] [ThreadPool]: Opening a new connection, currently in state init
[0m13:29:14.649947 [debug] [ThreadPool]: SQL status: SELECT 7 in 0.022 seconds
[0m13:29:14.652809 [debug] [ThreadPool]: On list_tiki: Close
[0m13:29:14.661662 [debug] [ThreadPool]: Re-using an available connection from the pool (formerly list_tiki, now list_tiki_gold)
[0m13:29:14.663034 [debug] [ThreadPool]: Acquiring new postgres connection 'list_tiki_staging'
[0m13:29:14.673789 [debug] [ThreadPool]: Using postgres connection "list_tiki_gold"
[0m13:29:14.676230 [debug] [ThreadPool]: Using postgres connection "list_tiki_staging"
[0m13:29:14.676933 [debug] [ThreadPool]: On list_tiki_gold: /* {"app": "dbt", "dbt_version": "1.12.3", "profile_name": "tiki", "target_name": "dev", "connection_name": "list_tiki_gold"} */
select
      'tiki' as database,
      tablename as name,
      schemaname as schema,
      'table' as type
    from pg_tables
    where schemaname ilike 'gold'
    union all
    select
      'tiki' as database,
      viewname as name,
      schemaname as schema,
      'view' as type
    from pg_views
    where schemaname ilike 'gold'
    union all
    select
      'tiki' as database,
      matviewname as name,
      schemaname as schema,
      'materialized_view' as type
    from pg_matviews
    where schemaname ilike 'gold'
    union all
    select distinct
     'tiki' as database,
     proname as name,
     ns.nspname as schema,
     'function' as type
    from pg_proc
     join pg_namespace as ns on pronamespace = ns.oid
    where ns.nspname ilike 'gold'
  
[0m13:29:14.677460 [debug] [ThreadPool]: On list_tiki_staging: /* {"app": "dbt", "dbt_version": "1.12.3", "profile_name": "tiki", "target_name": "dev", "connection_name": "list_tiki_staging"} */
select
      'tiki' as database,
      tablename as name,
      schemaname as schema,
      'table' as type
    from pg_tables
    where schemaname ilike 'staging'
    union all
    select
      'tiki' as database,
      viewname as name,
      schemaname as schema,
      'view' as type
    from pg_views
    where schemaname ilike 'staging'
    union all
    select
      'tiki' as database,
      matviewname as name,
      schemaname as schema,
      'materialized_view' as type
    from pg_matviews
    where schemaname ilike 'staging'
    union all
    select distinct
     'tiki' as database,
     proname as name,
     ns.nspname as schema,
     'function' as type
    from pg_proc
     join pg_namespace as ns on pronamespace = ns.oid
    where ns.nspname ilike 'staging'
  
[0m13:29:14.678665 [debug] [ThreadPool]: Opening a new connection, currently in state closed
[0m13:29:14.679320 [debug] [ThreadPool]: Opening a new connection, currently in state init
[0m13:29:14.702143 [debug] [ThreadPool]: SQL status: SELECT 2 in 0.023 seconds
[0m13:29:14.704469 [debug] [ThreadPool]: On list_tiki_gold: ROLLBACK
[0m13:29:14.705722 [debug] [ThreadPool]: On list_tiki_gold: Close
[0m13:29:14.710971 [debug] [ThreadPool]: SQL status: SELECT 1 in 0.032 seconds
[0m13:29:14.712972 [debug] [ThreadPool]: On list_tiki_staging: ROLLBACK
[0m13:29:14.714287 [debug] [ThreadPool]: On list_tiki_staging: Close
[0m13:29:14.719999 [debug] [MainThread]: Using postgres connection "master"
[0m13:29:14.720659 [debug] [MainThread]: On master: /* {"app": "dbt", "dbt_version": "1.12.3", "profile_name": "tiki", "target_name": "dev", "connection_name": "master"} */
select distinct
        dependent_namespace.nspname as dependent_schema,
        dependent_class.relname as dependent_name,
        referenced_namespace.nspname as referenced_schema,
        referenced_class.relname as referenced_name

    -- Query for views: views are entries in pg_class with an entry in pg_rewrite, but we avoid
    -- a seq scan on pg_rewrite by leveraging the fact there is an "internal" row in pg_depend for
    -- the view...
    from pg_class as dependent_class
    join pg_namespace as dependent_namespace on dependent_namespace.oid = dependent_class.relnamespace
    join pg_depend as dependent_depend on dependent_depend.refobjid = dependent_class.oid
        and dependent_depend.classid = 'pg_rewrite'::regclass
        and dependent_depend.refclassid = 'pg_class'::regclass
        and dependent_depend.deptype = 'i'

    -- ... and via pg_depend (that has a row per column, hence the need for "distinct" above, and
    -- making sure to exclude the internal row to avoid a view appearing to depend on itself)...
    join pg_depend as joining_depend on joining_depend.objid = dependent_depend.objid
        and joining_depend.classid = 'pg_rewrite'::regclass
        and joining_depend.refclassid = 'pg_class'::regclass
        and joining_depend.refobjid != dependent_depend.refobjid

    -- ... we can find the tables they query from in pg_class, but excluding system tables. Note we
    -- don't need need to exclude _dependent_ system tables, because they only query from other
    -- system tables, and so are automatically excluded by excluding _referenced_ system tables
    join pg_class as referenced_class on referenced_class.oid = joining_depend.refobjid
    join pg_namespace as referenced_namespace on referenced_namespace.oid = referenced_class.relnamespace
        and referenced_namespace.nspname != 'information_schema'
        and referenced_namespace.nspname not like 'pg\_%'

    order by
        dependent_schema, dependent_name, referenced_schema, referenced_name;
[0m13:29:14.721167 [debug] [MainThread]: Opening a new connection, currently in state init
[0m13:29:14.746466 [debug] [MainThread]: SQL status: SELECT 1 in 0.025 seconds
[0m13:29:14.748340 [debug] [MainThread]: Sending event: {'category': 'dbt', 'action': 'runnable_timing', 'label': 'f9f8f23f-8bca-466e-b803-f2b37f3b1231', 'context': [<snowplow_tracker.self_describing_json.SelfDescribingJson object at 0x77031e73a360>]}
[0m13:29:14.749051 [debug] [MainThread]: On master: ROLLBACK
[0m13:29:14.750205 [debug] [MainThread]: On master: COMMIT
[0m13:29:14.751113 [debug] [MainThread]: Using postgres connection "master"
[0m13:29:14.751721 [debug] [MainThread]: On master: COMMIT
[0m13:29:14.753266 [debug] [MainThread]: SQL status: COMMIT in 0.001 seconds
[0m13:29:14.754017 [debug] [MainThread]: On master: Close
[0m13:29:14.759837 [debug] [Thread-1 (]: Began running node snapshot.tiki_gold.dim_product_snapshot
[0m13:29:14.761161 [info ] [Thread-1 (]: 1 of 1 START snapshot gold.dim_product_snapshot ................................ [RUN]
[0m13:29:14.762308 [debug] [Thread-1 (]: Re-using an available connection from the pool (formerly list_tiki_staging, now snapshot.tiki_gold.dim_product_snapshot)
[0m13:29:14.763194 [debug] [Thread-1 (]: Began compiling node snapshot.tiki_gold.dim_product_snapshot
[0m13:29:14.774853 [debug] [Thread-1 (]: Writing injected SQL for node "snapshot.tiki_gold.dim_product_snapshot"
[0m13:29:14.775822 [debug] [Thread-1 (]: Began executing node snapshot.tiki_gold.dim_product_snapshot
[0m13:29:14.849519 [debug] [Thread-1 (]: Using postgres connection "snapshot.tiki_gold.dim_product_snapshot"
[0m13:29:14.850504 [debug] [Thread-1 (]: On snapshot.tiki_gold.dim_product_snapshot: /* {"app": "dbt", "dbt_version": "1.12.3", "profile_name": "tiki", "target_name": "dev", "node_id": "snapshot.tiki_gold.dim_product_snapshot"} */
select * from (
        select name, brand_id, brand_name, seller_id, seller_name, category_id, category_name, is_authentic, thumbnail_url, url, url_key from (
                



-- Moi lan snapshot chay: lay ban ghi MOI NHAT cua tung product_id trong lan
-- crawl vua nap (co the co nhieu dong trung product_id do trung category).
select distinct on (product_id)
    product_id,
    sku,
    name,
    url_key,
    url,
    brand_id,
    brand_name,
    seller_id,
    seller_name,
    category_id,
    category_name,
    is_authentic,
    thumbnail_url
from "tiki"."staging"."stg_listings"
order by product_id, crawled_at desc

            ) subq
    ) as __dbt_sbq
    where false
    limit 0

    
[0m13:29:14.851112 [debug] [Thread-1 (]: Opening a new connection, currently in state closed
[0m13:29:14.866807 [debug] [Thread-1 (]: SQL status: SELECT 0 in 0.015 seconds
[0m13:29:14.886040 [debug] [Thread-1 (]: Using postgres connection "snapshot.tiki_gold.dim_product_snapshot"
[0m13:29:14.886857 [debug] [Thread-1 (]: On snapshot.tiki_gold.dim_product_snapshot: /* {"app": "dbt", "dbt_version": "1.12.3", "profile_name": "tiki", "target_name": "dev", "node_id": "snapshot.tiki_gold.dim_product_snapshot"} */

      select
          column_name,
          data_type,
          character_maximum_length,
          numeric_precision,
          numeric_scale

      from "tiki".INFORMATION_SCHEMA.columns
      where table_name = 'dim_product_snapshot'
        
        and table_schema = 'gold'
        
      order by ordinal_position

  
[0m13:29:14.904216 [debug] [Thread-1 (]: SQL status: SELECT 17 in 0.017 seconds
[0m13:29:15.008247 [debug] [Thread-1 (]: Using postgres connection "snapshot.tiki_gold.dim_product_snapshot"
[0m13:29:15.008955 [debug] [Thread-1 (]: On snapshot.tiki_gold.dim_product_snapshot: /* {"app": "dbt", "dbt_version": "1.12.3", "profile_name": "tiki", "target_name": "dev", "node_id": "snapshot.tiki_gold.dim_product_snapshot"} */

      select
          column_name,
          data_type,
          character_maximum_length,
          numeric_precision,
          numeric_scale

      from "tiki".INFORMATION_SCHEMA.columns
      where table_name = 'dim_product_snapshot'
        
        and table_schema = 'gold'
        
      order by ordinal_position

  
[0m13:29:15.015792 [debug] [Thread-1 (]: SQL status: SELECT 17 in 0.006 seconds
[0m13:29:15.083272 [debug] [Thread-1 (]: Using postgres connection "snapshot.tiki_gold.dim_product_snapshot"
[0m13:29:15.084157 [debug] [Thread-1 (]: On snapshot.tiki_gold.dim_product_snapshot: /* {"app": "dbt", "dbt_version": "1.12.3", "profile_name": "tiki", "target_name": "dev", "node_id": "snapshot.tiki_gold.dim_product_snapshot"} */

        
  
    

  create temporary table "dim_product_snapshot__dbt_tmp132915075118"
  
  
    as
  
  (
    
    
    with snapshot_query as (

        



-- Moi lan snapshot chay: lay ban ghi MOI NHAT cua tung product_id trong lan
-- crawl vua nap (co the co nhieu dong trung product_id do trung category).
select distinct on (product_id)
    product_id,
    sku,
    name,
    url_key,
    url,
    brand_id,
    brand_name,
    seller_id,
    seller_name,
    category_id,
    category_name,
    is_authentic,
    thumbnail_url
from "tiki"."staging"."stg_listings"
order by product_id, crawled_at desc


    ),

    snapshotted_data as (

        select *, 
    
        product_id as dbt_unique_key
    

        from "tiki"."gold"."dim_product_snapshot"
        where
            
                dbt_valid_to is null
            

    ),

    insertions_source_data as (

        select *, 
    
        product_id as dbt_unique_key
    
,
            now()::timestamp without time zone as dbt_updated_at,
            now()::timestamp without time zone as dbt_valid_from,
            
  
  coalesce(nullif(now()::timestamp without time zone, now()::timestamp without time zone), null)
  as dbt_valid_to
,
            md5(coalesce(cast(product_id as varchar ), '')
         || '|' || coalesce(cast(now()::timestamp without time zone as varchar ), '')
        ) as dbt_scd_id

        from snapshot_query
    ),

    updates_source_data as (

        select *, 
    
        product_id as dbt_unique_key
    
,
            now()::timestamp without time zone as dbt_updated_at,
            now()::timestamp without time zone as dbt_valid_from,
            now()::timestamp without time zone as dbt_valid_to

        from snapshot_query
    ),

    insertions as (

        select
            'insert' as dbt_change_type,
            source_data.*

        from insertions_source_data as source_data
        left outer join snapshotted_data
            on 
    
        snapshotted_data.dbt_unique_key = source_data.dbt_unique_key
    

            where 
    
        snapshotted_data.dbt_unique_key is null
    

            or (
    
        snapshotted_data.dbt_unique_key is not null
    
 and (
               (snapshotted_data."name" != source_data."name"
        or
        (
            ((snapshotted_data."name" is null) and not (source_data."name" is null))
            or
            ((not snapshotted_data."name" is null) and (source_data."name" is null))
        ) or snapshotted_data."brand_id" != source_data."brand_id"
        or
        (
            ((snapshotted_data."brand_id" is null) and not (source_data."brand_id" is null))
            or
            ((not snapshotted_data."brand_id" is null) and (source_data."brand_id" is null))
        ) or snapshotted_data."brand_name" != source_data."brand_name"
        or
        (
            ((snapshotted_data."brand_name" is null) and not (source_data."brand_name" is null))
            or
            ((not snapshotted_data."brand_name" is null) and (source_data."brand_name" is null))
        ) or snapshotted_data."seller_id" != source_data."seller_id"
        or
        (
            ((snapshotted_data."seller_id" is null) and not (source_data."seller_id" is null))
            or
            ((not snapshotted_data."seller_id" is null) and (source_data."seller_id" is null))
        ) or snapshotted_data."seller_name" != source_data."seller_name"
        or
        (
            ((snapshotted_data."seller_name" is null) and not (source_data."seller_name" is null))
            or
            ((not snapshotted_data."seller_name" is null) and (source_data."seller_name" is null))
        ) or snapshotted_data."category_id" != source_data."category_id"
        or
        (
            ((snapshotted_data."category_id" is null) and not (source_data."category_id" is null))
            or
            ((not snapshotted_data."category_id" is null) and (source_data."category_id" is null))
        ) or snapshotted_data."category_name" != source_data."category_name"
        or
        (
            ((snapshotted_data."category_name" is null) and not (source_data."category_name" is null))
            or
            ((not snapshotted_data."category_name" is null) and (source_data."category_name" is null))
        ) or snapshotted_data."is_authentic" != source_data."is_authentic"
        or
        (
            ((snapshotted_data."is_authentic" is null) and not (source_data."is_authentic" is null))
            or
            ((not snapshotted_data."is_authentic" is null) and (source_data."is_authentic" is null))
        ) or snapshotted_data."thumbnail_url" != source_data."thumbnail_url"
        or
        (
            ((snapshotted_data."thumbnail_url" is null) and not (source_data."thumbnail_url" is null))
            or
            ((not snapshotted_data."thumbnail_url" is null) and (source_data."thumbnail_url" is null))
        ) or snapshotted_data."url" != source_data."url"
        or
        (
            ((snapshotted_data."url" is null) and not (source_data."url" is null))
            or
            ((not snapshotted_data."url" is null) and (source_data."url" is null))
        ) or snapshotted_data."url_key" != source_data."url_key"
        or
        (
            ((snapshotted_data."url_key" is null) and not (source_data."url_key" is null))
            or
            ((not snapshotted_data."url_key" is null) and (source_data."url_key" is null))
        ))
            )

        )

    ),

    updates as (

        select
            'update' as dbt_change_type,
            source_data.*,
            snapshotted_data.dbt_scd_id

        from updates_source_data as source_data
        join snapshotted_data
            on 
    
        snapshotted_data.dbt_unique_key = source_data.dbt_unique_key
    

        where (
            (snapshotted_data."name" != source_data."name"
        or
        (
            ((snapshotted_data."name" is null) and not (source_data."name" is null))
            or
            ((not snapshotted_data."name" is null) and (source_data."name" is null))
        ) or snapshotted_data."brand_id" != source_data."brand_id"
        or
        (
            ((snapshotted_data."brand_id" is null) and not (source_data."brand_id" is null))
            or
            ((not snapshotted_data."brand_id" is null) and (source_data."brand_id" is null))
        ) or snapshotted_data."brand_name" != source_data."brand_name"
        or
        (
            ((snapshotted_data."brand_name" is null) and not (source_data."brand_name" is null))
            or
            ((not snapshotted_data."brand_name" is null) and (source_data."brand_name" is null))
        ) or snapshotted_data."seller_id" != source_data."seller_id"
        or
        (
            ((snapshotted_data."seller_id" is null) and not (source_data."seller_id" is null))
            or
            ((not snapshotted_data."seller_id" is null) and (source_data."seller_id" is null))
        ) or snapshotted_data."seller_name" != source_data."seller_name"
        or
        (
            ((snapshotted_data."seller_name" is null) and not (source_data."seller_name" is null))
            or
            ((not snapshotted_data."seller_name" is null) and (source_data."seller_name" is null))
        ) or snapshotted_data."category_id" != source_data."category_id"
        or
        (
            ((snapshotted_data."category_id" is null) and not (source_data."category_id" is null))
            or
            ((not snapshotted_data."category_id" is null) and (source_data."category_id" is null))
        ) or snapshotted_data."category_name" != source_data."category_name"
        or
        (
            ((snapshotted_data."category_name" is null) and not (source_data."category_name" is null))
            or
            ((not snapshotted_data."category_name" is null) and (source_data."category_name" is null))
        ) or snapshotted_data."is_authentic" != source_data."is_authentic"
        or
        (
            ((snapshotted_data."is_authentic" is null) and not (source_data."is_authentic" is null))
            or
            ((not snapshotted_data."is_authentic" is null) and (source_data."is_authentic" is null))
        ) or snapshotted_data."thumbnail_url" != source_data."thumbnail_url"
        or
        (
            ((snapshotted_data."thumbnail_url" is null) and not (source_data."thumbnail_url" is null))
            or
            ((not snapshotted_data."thumbnail_url" is null) and (source_data."thumbnail_url" is null))
        ) or snapshotted_data."url" != source_data."url"
        or
        (
            ((snapshotted_data."url" is null) and not (source_data."url" is null))
            or
            ((not snapshotted_data."url" is null) and (source_data."url" is null))
        ) or snapshotted_data."url_key" != source_data."url_key"
        or
        (
            ((snapshotted_data."url_key" is null) and not (source_data."url_key" is null))
            or
            ((not snapshotted_data."url_key" is null) and (source_data."url_key" is null))
        ))
        )
    )

    select * from insertions
    union all
    select * from updates

  );
  
    
[0m13:29:15.087315 [debug] [Thread-1 (]: Postgres adapter: Postgres error: operator does not exist: integer <> character varying
LINE 140:         ) or snapshotted_data."seller_name" != source_data."...
                                                      ^
HINT:  No operator matches the given name and argument types. You might need to add explicit type casts.

[0m13:29:15.088078 [debug] [Thread-1 (]: On snapshot.tiki_gold.dim_product_snapshot: ROLLBACK
[0m13:29:15.089524 [debug] [Thread-1 (]: On snapshot.tiki_gold.dim_product_snapshot: Close
[0m13:29:15.099776 [debug] [Thread-1 (]: Database Error in snapshot dim_product_snapshot (snapshots/dim_product_snapshot.sql)
  operator does not exist: integer <> character varying
  LINE 140:         ) or snapshotted_data."seller_name" != source_data."...
                                                        ^
  HINT:  No operator matches the given name and argument types. You might need to add explicit type casts.
[0m13:29:15.102909 [debug] [Thread-1 (]: Sending event: {'category': 'dbt', 'action': 'run_model', 'label': 'f9f8f23f-8bca-466e-b803-f2b37f3b1231', 'context': [<snowplow_tracker.self_describing_json.SelfDescribingJson object at 0x77031c3731a0>]}
[0m13:29:15.104409 [error] [Thread-1 (]: 1 of 1 ERROR snapshotting gold.dim_product_snapshot ............................ [[31mERROR[0m in 0.34s]
[0m13:29:15.105536 [debug] [Thread-1 (]: Finished running node snapshot.tiki_gold.dim_product_snapshot
[0m13:29:15.106616 [debug] [Thread-7 (]: Marking all children of 'snapshot.tiki_gold.dim_product_snapshot' to be skipped because of status 'error'.  Reason: Database Error in snapshot dim_product_snapshot (snapshots/dim_product_snapshot.sql)
  operator does not exist: integer <> character varying
  LINE 140:         ) or snapshotted_data."seller_name" != source_data."...
                                                        ^
  HINT:  No operator matches the given name and argument types. You might need to add explicit type casts..
[0m13:29:15.110367 [debug] [MainThread]: On master: COMMIT
[0m13:29:15.110963 [debug] [MainThread]: Using postgres connection "master"
[0m13:29:15.111353 [debug] [MainThread]: On master: COMMIT
[0m13:29:15.111716 [debug] [MainThread]: Opening a new connection, currently in state closed
[0m13:29:15.125931 [debug] [MainThread]: SQL status: COMMIT in 0.014 seconds
[0m13:29:15.126662 [debug] [MainThread]: On master: Close
[0m13:29:15.127451 [debug] [MainThread]: Connection 'master' was properly closed.
[0m13:29:15.128074 [debug] [MainThread]: Connection 'list_tiki_gold' was properly closed.
[0m13:29:15.128662 [debug] [MainThread]: Connection 'snapshot.tiki_gold.dim_product_snapshot' was properly closed.
[0m13:29:15.129329 [info ] [MainThread]: 
[0m13:29:15.130093 [info ] [MainThread]: Finished running 1 snapshot in -1 hours 59 minutes and 54.14 seconds (-5.86s).
[0m13:29:15.131584 [debug] [MainThread]: Command end result
[0m13:29:15.182891 [debug] [MainThread]: Wrote artifact WritableManifest to /home/hai/tiki-crawl/dbt/target/manifest.json
[0m13:29:15.186433 [debug] [MainThread]: Wrote artifact SemanticManifest to /home/hai/tiki-crawl/dbt/target/semantic_manifest.json
[0m13:29:15.189265 [debug] [MainThread]: Wrote artifact OsiDocument to /home/hai/tiki-crawl/dbt/target/osi_document.json
[0m13:29:15.197744 [debug] [MainThread]: Wrote artifact RunExecutionResult to /home/hai/tiki-crawl/dbt/target/run_results.json
[0m13:29:15.198265 [info ] [MainThread]: 
[0m13:29:15.198887 [info ] [MainThread]: [31mCompleted with 1 error, 0 partial successes, and 0 warnings:[0m
[0m13:29:15.199410 [info ] [MainThread]: 
[0m13:29:15.199942 [error] [MainThread]: [[31mERROR[0m]: in snapshot dim_product_snapshot (snapshots/dim_product_snapshot.sql)
[0m13:29:15.200461 [error] [MainThread]:   Database Error in snapshot dim_product_snapshot (snapshots/dim_product_snapshot.sql)
  operator does not exist: integer <> character varying
  LINE 140:         ) or snapshotted_data."seller_name" != source_data."...
                                                        ^
  HINT:  No operator matches the given name and argument types. You might need to add explicit type casts.
[0m13:29:15.200909 [info ] [MainThread]: 
[0m13:29:15.201381 [info ] [MainThread]:   compiled code at target/compiled/tiki_gold/snapshots/dim_product_snapshot.sql/dim_product_snapshot.sql
[0m13:29:15.201790 [info ] [MainThread]: 
[0m13:29:15.202242 [info ] [MainThread]: Done. PASS=0 WARN=0 ERROR=1 SKIP=0 NO-OP=0 REUSED=0 TOTAL=1
[0m13:29:15.203502 [debug] [MainThread]: Resource report: {"command_name": "snapshot", "command_success": false, "command_wall_clock_time": 1.6826534, "process_in_blocks": "88", "process_kernel_time": 0.489679, "process_mem_max_rss": "134240", "process_out_blocks": "2256", "process_user_time": 2.825631}
[0m13:29:15.204040 [debug] [MainThread]: Command `dbt snapshot` failed at 13:29:15.203926 after 1.68 seconds
[0m13:29:15.204495 [debug] [MainThread]: Sending event: {'category': 'dbt', 'action': 'invocation', 'label': 'end', 'context': [<snowplow_tracker.self_describing_json.SelfDescribingJson object at 0x770320544e90>, <snowplow_tracker.self_describing_json.SelfDescribingJson object at 0x77031dbdc080>, <snowplow_tracker.self_describing_json.SelfDescribingJson object at 0x770322b464b0>]}
[0m13:29:15.204998 [debug] [MainThread]: Flushing usage events
[0m13:29:18.443536 [debug] [MainThread]: An error was encountered while trying to flush usage events
[0m13:29:20.814406 [debug] [MainThread]: Sending event: {'category': 'dbt', 'action': 'invocation', 'label': 'start', 'context': [<snowplow_tracker.self_describing_json.SelfDescribingJson object at 0x74ae59bbb470>, <snowplow_tracker.self_describing_json.SelfDescribingJson object at 0x74ae59fb5520>, <snowplow_tracker.self_describing_json.SelfDescribingJson object at 0x74ae59a19b20>]}


============================== 13:29:20.817592 | a0bd6d4a-16cc-442c-a912-210ac40a92c8 ==============================
[0m13:29:20.817592 [info ] [MainThread]: Running with dbt=1.12.3
[0m13:29:20.818292 [debug] [MainThread]: running dbt with arguments {'log_path': '/home/hai/tiki-crawl/dbt/logs', 'use_experimental_parser': 'False', 'target_path': 'None', 'hints_enabled': 'True', 'maximum_seed_size_mib': '1', 'partial_parse': 'True', 'write_json': 'True', 'empty': 'False', 'no_print': 'None', 'version_check': 'True', 'debug': 'False', 'warn_error': 'None', 'cache_selected_only': 'False', 'printer_width': '80', 'static_parser': 'True', 'quiet': 'False', 'profiles_dir': '.', 'introspect': 'True', 'log_cache_events': 'False', 'indirect_selection': 'eager', 'use_colors': 'True', 'invocation_command': 'dbt run --profiles-dir . --select fact_price_daily', 'fail_fast': 'False', 'log_format': 'default', 'send_anonymous_usage_stats': 'True', 'warn_error_options': 'WarnErrorOptionsV2(error=[], warn=[], silence=[])'}
[0m13:29:21.053213 [debug] [MainThread]: Sending event: {'category': 'dbt', 'action': 'project_id', 'label': 'a0bd6d4a-16cc-442c-a912-210ac40a92c8', 'context': [<snowplow_tracker.self_describing_json.SelfDescribingJson object at 0x74ae59fb7350>]}
[0m13:29:21.144249 [debug] [MainThread]: Sending event: {'category': 'dbt', 'action': 'adapter_info', 'label': 'a0bd6d4a-16cc-442c-a912-210ac40a92c8', 'context': [<snowplow_tracker.self_describing_json.SelfDescribingJson object at 0x74ae58d2ab70>]}
[0m13:29:21.145381 [info ] [MainThread]: Registered adapter: postgres=1.11.0
[0m13:29:21.264965 [debug] [MainThread]: checksum: b11284278684f540b15704c99909c8df3c16bdaf6844ccd0ae0d76372c1b52b6, vars: {}, profile: tiki, target: dev, version: 1.12.3
[0m13:29:21.414021 [debug] [MainThread]: Partial parsing enabled: 0 files deleted, 0 files added, 0 files changed.
[0m13:29:21.414949 [debug] [MainThread]: Nothing changed, skipping partial parsing.
[0m13:29:21.415920 [debug] [MainThread]: Partial parsing enabled, no changes found, skipping parsing
[0m13:29:21.426641 [debug] [MainThread]: Sending event: {'category': 'dbt', 'action': 'load_project', 'label': 'a0bd6d4a-16cc-442c-a912-210ac40a92c8', 'context': [<snowplow_tracker.self_describing_json.SelfDescribingJson object at 0x74ae57fcd3d0>]}
[0m13:29:21.629782 [debug] [MainThread]: Wrote artifact WritableManifest to /home/hai/tiki-crawl/dbt/target/manifest.json
[0m13:29:21.633373 [debug] [MainThread]: Wrote artifact SemanticManifest to /home/hai/tiki-crawl/dbt/target/semantic_manifest.json
[0m13:29:21.652157 [debug] [MainThread]: Wrote artifact OsiDocument to /home/hai/tiki-crawl/dbt/target/osi_document.json
[0m13:29:21.661985 [debug] [MainThread]: Sending event: {'category': 'dbt', 'action': 'resource_counts', 'label': 'a0bd6d4a-16cc-442c-a912-210ac40a92c8', 'context': [<snowplow_tracker.self_describing_json.SelfDescribingJson object at 0x74ae56b2a930>]}
[0m13:29:21.662561 [info ] [MainThread]: Found 2 models, 1 snapshot, 1 source, 478 macros
[0m13:29:21.663031 [debug] [MainThread]: Sending event: {'category': 'dbt', 'action': 'runnable_timing', 'label': 'a0bd6d4a-16cc-442c-a912-210ac40a92c8', 'context': [<snowplow_tracker.self_describing_json.SelfDescribingJson object at 0x74ae58c5a210>]}
[0m13:29:21.665127 [info ] [MainThread]: 
[0m13:29:21.665628 [info ] [MainThread]: Concurrency: 4 threads (target='dev')
[0m13:29:21.666079 [info ] [MainThread]: 
[0m13:29:21.666773 [debug] [MainThread]: Acquiring new postgres connection 'master'
[0m13:29:21.668093 [debug] [ThreadPool]: Acquiring new postgres connection 'list_tiki'
[0m13:29:21.716978 [debug] [ThreadPool]: Using postgres connection "list_tiki"
[0m13:29:21.717536 [debug] [ThreadPool]: On list_tiki: /* {"app": "dbt", "dbt_version": "1.12.3", "profile_name": "tiki", "target_name": "dev", "connection_name": "list_tiki"} */

    select distinct nspname from pg_namespace
  
[0m13:29:21.717927 [debug] [ThreadPool]: Opening a new connection, currently in state init
[0m13:29:21.733501 [debug] [ThreadPool]: SQL status: SELECT 7 in 0.015 seconds
[0m13:29:21.735561 [debug] [ThreadPool]: On list_tiki: Close
[0m13:29:21.742172 [debug] [ThreadPool]: Re-using an available connection from the pool (formerly list_tiki, now list_tiki_gold)
[0m13:29:21.748963 [debug] [ThreadPool]: Acquiring new postgres connection 'list_tiki_staging'
[0m13:29:21.751200 [debug] [ThreadPool]: Using postgres connection "list_tiki_gold"
[0m13:29:21.752744 [debug] [ThreadPool]: Using postgres connection "list_tiki_staging"
[0m13:29:21.753457 [debug] [ThreadPool]: On list_tiki_gold: /* {"app": "dbt", "dbt_version": "1.12.3", "profile_name": "tiki", "target_name": "dev", "connection_name": "list_tiki_gold"} */
select
      'tiki' as database,
      tablename as name,
      schemaname as schema,
      'table' as type
    from pg_tables
    where schemaname ilike 'gold'
    union all
    select
      'tiki' as database,
      viewname as name,
      schemaname as schema,
      'view' as type
    from pg_views
    where schemaname ilike 'gold'
    union all
    select
      'tiki' as database,
      matviewname as name,
      schemaname as schema,
      'materialized_view' as type
    from pg_matviews
    where schemaname ilike 'gold'
    union all
    select distinct
     'tiki' as database,
     proname as name,
     ns.nspname as schema,
     'function' as type
    from pg_proc
     join pg_namespace as ns on pronamespace = ns.oid
    where ns.nspname ilike 'gold'
  
[0m13:29:21.754098 [debug] [ThreadPool]: On list_tiki_staging: /* {"app": "dbt", "dbt_version": "1.12.3", "profile_name": "tiki", "target_name": "dev", "connection_name": "list_tiki_staging"} */
select
      'tiki' as database,
      tablename as name,
      schemaname as schema,
      'table' as type
    from pg_tables
    where schemaname ilike 'staging'
    union all
    select
      'tiki' as database,
      viewname as name,
      schemaname as schema,
      'view' as type
    from pg_views
    where schemaname ilike 'staging'
    union all
    select
      'tiki' as database,
      matviewname as name,
      schemaname as schema,
      'materialized_view' as type
    from pg_matviews
    where schemaname ilike 'staging'
    union all
    select distinct
     'tiki' as database,
     proname as name,
     ns.nspname as schema,
     'function' as type
    from pg_proc
     join pg_namespace as ns on pronamespace = ns.oid
    where ns.nspname ilike 'staging'
  
[0m13:29:21.754631 [debug] [ThreadPool]: Opening a new connection, currently in state closed
[0m13:29:21.755506 [debug] [ThreadPool]: Opening a new connection, currently in state init
[0m13:29:21.778681 [debug] [ThreadPool]: SQL status: SELECT 2 in 0.024 seconds
[0m13:29:21.779253 [debug] [ThreadPool]: SQL status: SELECT 1 in 0.024 seconds
[0m13:29:21.781169 [debug] [ThreadPool]: On list_tiki_gold: ROLLBACK
[0m13:29:21.782578 [debug] [ThreadPool]: On list_tiki_staging: ROLLBACK
[0m13:29:21.783936 [debug] [ThreadPool]: On list_tiki_staging: Close
[0m13:29:21.784561 [debug] [ThreadPool]: On list_tiki_gold: Close
[0m13:29:21.791250 [debug] [MainThread]: Using postgres connection "master"
[0m13:29:21.791907 [debug] [MainThread]: On master: /* {"app": "dbt", "dbt_version": "1.12.3", "profile_name": "tiki", "target_name": "dev", "connection_name": "master"} */
select distinct
        dependent_namespace.nspname as dependent_schema,
        dependent_class.relname as dependent_name,
        referenced_namespace.nspname as referenced_schema,
        referenced_class.relname as referenced_name

    -- Query for views: views are entries in pg_class with an entry in pg_rewrite, but we avoid
    -- a seq scan on pg_rewrite by leveraging the fact there is an "internal" row in pg_depend for
    -- the view...
    from pg_class as dependent_class
    join pg_namespace as dependent_namespace on dependent_namespace.oid = dependent_class.relnamespace
    join pg_depend as dependent_depend on dependent_depend.refobjid = dependent_class.oid
        and dependent_depend.classid = 'pg_rewrite'::regclass
        and dependent_depend.refclassid = 'pg_class'::regclass
        and dependent_depend.deptype = 'i'

    -- ... and via pg_depend (that has a row per column, hence the need for "distinct" above, and
    -- making sure to exclude the internal row to avoid a view appearing to depend on itself)...
    join pg_depend as joining_depend on joining_depend.objid = dependent_depend.objid
        and joining_depend.classid = 'pg_rewrite'::regclass
        and joining_depend.refclassid = 'pg_class'::regclass
        and joining_depend.refobjid != dependent_depend.refobjid

    -- ... we can find the tables they query from in pg_class, but excluding system tables. Note we
    -- don't need need to exclude _dependent_ system tables, because they only query from other
    -- system tables, and so are automatically excluded by excluding _referenced_ system tables
    join pg_class as referenced_class on referenced_class.oid = joining_depend.refobjid
    join pg_namespace as referenced_namespace on referenced_namespace.oid = referenced_class.relnamespace
        and referenced_namespace.nspname != 'information_schema'
        and referenced_namespace.nspname not like 'pg\_%'

    order by
        dependent_schema, dependent_name, referenced_schema, referenced_name;
[0m13:29:21.792668 [debug] [MainThread]: Opening a new connection, currently in state init
[0m13:29:21.809525 [debug] [MainThread]: SQL status: SELECT 1 in 0.017 seconds
[0m13:29:21.811202 [debug] [MainThread]: Sending event: {'category': 'dbt', 'action': 'runnable_timing', 'label': 'a0bd6d4a-16cc-442c-a912-210ac40a92c8', 'context': [<snowplow_tracker.self_describing_json.SelfDescribingJson object at 0x74ae56b540b0>]}
[0m13:29:21.811807 [debug] [MainThread]: On master: ROLLBACK
[0m13:29:21.813046 [debug] [MainThread]: On master: COMMIT
[0m13:29:21.813495 [debug] [MainThread]: Using postgres connection "master"
[0m13:29:21.813926 [debug] [MainThread]: On master: COMMIT
[0m13:29:21.815190 [debug] [MainThread]: SQL status: COMMIT in 0.001 seconds
[0m13:29:21.815586 [debug] [MainThread]: On master: Close
[0m13:29:21.820833 [debug] [Thread-1 (]: Began running node model.tiki_gold.fact_price_daily
[0m13:29:21.821558 [info ] [Thread-1 (]: 1 of 1 START sql table model gold.fact_price_daily ............................. [RUN]
[0m13:29:21.822167 [debug] [Thread-1 (]: Re-using an available connection from the pool (formerly list_tiki_gold, now model.tiki_gold.fact_price_daily)
[0m13:29:21.822648 [debug] [Thread-1 (]: Began compiling node model.tiki_gold.fact_price_daily
[0m13:29:21.830769 [debug] [Thread-1 (]: Writing injected SQL for node "model.tiki_gold.fact_price_daily"
[0m13:29:21.831704 [debug] [Thread-1 (]: Began executing node model.tiki_gold.fact_price_daily
[0m13:29:21.874730 [debug] [Thread-1 (]: Writing runtime sql for node "model.tiki_gold.fact_price_daily"
[0m13:29:21.875715 [debug] [Thread-1 (]: Using postgres connection "model.tiki_gold.fact_price_daily"
[0m13:29:21.876258 [debug] [Thread-1 (]: On model.tiki_gold.fact_price_daily: /* {"app": "dbt", "dbt_version": "1.12.3", "profile_name": "tiki", "target_name": "dev", "node_id": "model.tiki_gold.fact_price_daily"} */

  
    

  create  table "tiki"."gold"."fact_price_daily__dbt_tmp"
  
  
    as
  
  (
    -- Grain: (product_id, dt, hour) - 1 dong = gia tri do duoc cua 1 san pham
-- tai 1 lan crawl. Dedupe bang distinct on vi 1 san pham co the xuat hien
-- o nhieu category trong cung 1 lan crawl (VD tai nghe ban trong category
-- may-tinh-bang) - Silver da dedupe theo category, chua dedupe xuyen category.

select distinct on (product_id, dt, hour)
    product_id,
    dt,
    hour,
    price,
    list_price,
    discount,
    discount_rate,
    rating_average,
    review_count,
    quantity_sold,
    inventory_status,
    badge_count,
    page,
    crawled_at
from "tiki"."staging"."stg_listings"
order by product_id, dt, hour, category_slug
  );
  
[0m13:29:21.876724 [debug] [Thread-1 (]: Opening a new connection, currently in state closed
[0m13:29:22.203639 [debug] [Thread-1 (]: SQL status: SELECT 56082 in 0.327 seconds
[0m13:29:22.224801 [debug] [Thread-1 (]: Using postgres connection "model.tiki_gold.fact_price_daily"
[0m13:29:22.226139 [debug] [Thread-1 (]: On model.tiki_gold.fact_price_daily: /* {"app": "dbt", "dbt_version": "1.12.3", "profile_name": "tiki", "target_name": "dev", "node_id": "model.tiki_gold.fact_price_daily"} */
alter table "tiki"."gold"."fact_price_daily" rename to "fact_price_daily__dbt_backup"
[0m13:29:22.227908 [debug] [Thread-1 (]: SQL status: ALTER TABLE in 0.001 seconds
[0m13:29:22.230793 [debug] [Thread-1 (]: Using postgres connection "model.tiki_gold.fact_price_daily"
[0m13:29:22.231365 [debug] [Thread-1 (]: On model.tiki_gold.fact_price_daily: /* {"app": "dbt", "dbt_version": "1.12.3", "profile_name": "tiki", "target_name": "dev", "node_id": "model.tiki_gold.fact_price_daily"} */
alter table "tiki"."gold"."fact_price_daily__dbt_tmp" rename to "fact_price_daily"
[0m13:29:22.232684 [debug] [Thread-1 (]: SQL status: ALTER TABLE in 0.001 seconds
[0m13:29:22.358463 [debug] [Thread-1 (]: On model.tiki_gold.fact_price_daily: COMMIT
[0m13:29:22.359073 [debug] [Thread-1 (]: Using postgres connection "model.tiki_gold.fact_price_daily"
[0m13:29:22.359529 [debug] [Thread-1 (]: On model.tiki_gold.fact_price_daily: COMMIT
[0m13:29:22.366506 [debug] [Thread-1 (]: SQL status: COMMIT in 0.006 seconds
[0m13:29:22.374068 [debug] [Thread-1 (]: Applying DROP to: "tiki"."gold"."fact_price_daily__dbt_backup"
[0m13:29:22.381024 [debug] [Thread-1 (]: Using postgres connection "model.tiki_gold.fact_price_daily"
[0m13:29:22.381686 [debug] [Thread-1 (]: On model.tiki_gold.fact_price_daily: /* {"app": "dbt", "dbt_version": "1.12.3", "profile_name": "tiki", "target_name": "dev", "node_id": "model.tiki_gold.fact_price_daily"} */
drop table if exists "tiki"."gold"."fact_price_daily__dbt_backup" cascade
[0m13:29:22.387212 [debug] [Thread-1 (]: SQL status: DROP TABLE in 0.005 seconds
[0m13:29:22.391082 [debug] [Thread-1 (]: On model.tiki_gold.fact_price_daily: Close
[0m13:29:22.393506 [debug] [Thread-1 (]: Sending event: {'category': 'dbt', 'action': 'run_model', 'label': 'a0bd6d4a-16cc-442c-a912-210ac40a92c8', 'context': [<snowplow_tracker.self_describing_json.SelfDescribingJson object at 0x74ae59fb59d0>]}
[0m13:29:22.394557 [info ] [Thread-1 (]: 1 of 1 OK created sql table model gold.fact_price_daily ........................ [[32mSELECT 56082[0m in 0.57s]
[0m13:29:22.395420 [debug] [Thread-1 (]: Finished running node model.tiki_gold.fact_price_daily
[0m13:29:22.398853 [debug] [MainThread]: On master: COMMIT
[0m13:29:22.399665 [debug] [MainThread]: Using postgres connection "master"
[0m13:29:22.400404 [debug] [MainThread]: On master: COMMIT
[0m13:29:22.400988 [debug] [MainThread]: Opening a new connection, currently in state closed
[0m13:29:22.414156 [debug] [MainThread]: SQL status: COMMIT in 0.013 seconds
[0m13:29:22.414883 [debug] [MainThread]: On master: Close
[0m13:29:22.415493 [debug] [MainThread]: Connection 'master' was properly closed.
[0m13:29:22.415849 [debug] [MainThread]: Connection 'model.tiki_gold.fact_price_daily' was properly closed.
[0m13:29:22.416329 [debug] [MainThread]: Connection 'list_tiki_staging' was properly closed.
[0m13:29:22.416875 [info ] [MainThread]: 
[0m13:29:22.417544 [info ] [MainThread]: Finished running 1 table model in 0 hours 0 minutes and 0.75 seconds (0.75s).
[0m13:29:22.418411 [debug] [MainThread]: Command end result
[0m13:29:22.455567 [debug] [MainThread]: Wrote artifact WritableManifest to /home/hai/tiki-crawl/dbt/target/manifest.json
[0m13:29:22.458572 [debug] [MainThread]: Wrote artifact SemanticManifest to /home/hai/tiki-crawl/dbt/target/semantic_manifest.json
[0m13:29:22.461144 [debug] [MainThread]: Wrote artifact OsiDocument to /home/hai/tiki-crawl/dbt/target/osi_document.json
[0m13:29:22.468683 [debug] [MainThread]: Wrote artifact RunExecutionResult to /home/hai/tiki-crawl/dbt/target/run_results.json
[0m13:29:22.469145 [info ] [MainThread]: 
[0m13:29:22.469667 [info ] [MainThread]: [32mCompleted successfully[0m
[0m13:29:22.470091 [info ] [MainThread]: 
[0m13:29:22.470545 [info ] [MainThread]: Done. PASS=1 WARN=0 ERROR=0 SKIP=0 NO-OP=0 REUSED=0 TOTAL=1
[0m13:29:22.471618 [debug] [MainThread]: Resource report: {"command_name": "run", "command_success": true, "command_wall_clock_time": 1.754501, "process_in_blocks": "480", "process_kernel_time": 0.475822, "process_mem_max_rss": "132800", "process_out_blocks": "2240", "process_user_time": 2.814977}
[0m13:29:22.472213 [debug] [MainThread]: Command `dbt run` succeeded at 13:29:22.472035 after 1.76 seconds
[0m13:29:22.472660 [debug] [MainThread]: Sending event: {'category': 'dbt', 'action': 'invocation', 'label': 'end', 'context': [<snowplow_tracker.self_describing_json.SelfDescribingJson object at 0x74ae5d7b36e0>, <snowplow_tracker.self_describing_json.SelfDescribingJson object at 0x74ae5b2440b0>, <snowplow_tracker.self_describing_json.SelfDescribingJson object at 0x74ae57f92de0>]}
[0m13:29:22.473165 [debug] [MainThread]: Flushing usage events
[0m13:29:23.595420 [debug] [MainThread]: An error was encountered while trying to flush usage events
[0m13:29:43.146860 [debug] [MainThread]: Sending event: {'category': 'dbt', 'action': 'invocation', 'label': 'start', 'context': [<snowplow_tracker.self_describing_json.SelfDescribingJson object at 0x772d882264b0>, <snowplow_tracker.self_describing_json.SelfDescribingJson object at 0x772d87c3bf80>, <snowplow_tracker.self_describing_json.SelfDescribingJson object at 0x772d899eed80>]}


============================== 13:29:43.150046 | 41d624df-af44-4123-919e-c521a241ffc1 ==============================
[0m13:29:43.150046 [info ] [MainThread]: Running with dbt=1.12.3
[0m13:29:43.150828 [debug] [MainThread]: running dbt with arguments {'invocation_command': 'dbt snapshot --profiles-dir .', 'quiet': 'False', 'cache_selected_only': 'False', 'write_json': 'True', 'empty': 'False', 'warn_error': 'None', 'use_experimental_parser': 'False', 'introspect': 'True', 'printer_width': '80', 'log_path': '/home/hai/tiki-crawl/dbt/logs', 'warn_error_options': 'WarnErrorOptionsV2(error=[], warn=[], silence=[])', 'send_anonymous_usage_stats': 'True', 'profiles_dir': '.', 'use_colors': 'True', 'target_path': 'None', 'maximum_seed_size_mib': '1', 'version_check': 'True', 'fail_fast': 'False', 'no_print': 'None', 'static_parser': 'True', 'partial_parse': 'True', 'log_cache_events': 'False', 'hints_enabled': 'True', 'indirect_selection': 'eager', 'log_format': 'default', 'debug': 'False'}
[0m13:29:43.391746 [debug] [MainThread]: Sending event: {'category': 'dbt', 'action': 'project_id', 'label': '41d624df-af44-4123-919e-c521a241ffc1', 'context': [<snowplow_tracker.self_describing_json.SelfDescribingJson object at 0x772d86bf0170>]}
[0m13:29:43.481629 [debug] [MainThread]: Sending event: {'category': 'dbt', 'action': 'adapter_info', 'label': '41d624df-af44-4123-919e-c521a241ffc1', 'context': [<snowplow_tracker.self_describing_json.SelfDescribingJson object at 0x772d86cb8800>]}
[0m13:29:43.483096 [info ] [MainThread]: Registered adapter: postgres=1.11.0
[0m13:29:43.606185 [debug] [MainThread]: checksum: b11284278684f540b15704c99909c8df3c16bdaf6844ccd0ae0d76372c1b52b6, vars: {}, profile: tiki, target: dev, version: 1.12.3
[0m13:29:43.794265 [debug] [MainThread]: Partial parsing enabled: 0 files deleted, 0 files added, 0 files changed.
[0m13:29:43.794950 [debug] [MainThread]: Nothing changed, skipping partial parsing.
[0m13:29:43.795399 [debug] [MainThread]: Partial parsing enabled, no changes found, skipping parsing
[0m13:29:43.806314 [debug] [MainThread]: Sending event: {'category': 'dbt', 'action': 'load_project', 'label': '41d624df-af44-4123-919e-c521a241ffc1', 'context': [<snowplow_tracker.self_describing_json.SelfDescribingJson object at 0x772d863795b0>]}
[0m13:29:43.988424 [debug] [MainThread]: Wrote artifact WritableManifest to /home/hai/tiki-crawl/dbt/target/manifest.json
[0m13:29:43.991579 [debug] [MainThread]: Wrote artifact SemanticManifest to /home/hai/tiki-crawl/dbt/target/semantic_manifest.json
[0m13:29:44.010341 [debug] [MainThread]: Wrote artifact OsiDocument to /home/hai/tiki-crawl/dbt/target/osi_document.json
[0m13:29:44.021374 [debug] [MainThread]: Sending event: {'category': 'dbt', 'action': 'resource_counts', 'label': '41d624df-af44-4123-919e-c521a241ffc1', 'context': [<snowplow_tracker.self_describing_json.SelfDescribingJson object at 0x772d84f82870>]}
[0m13:29:44.022035 [info ] [MainThread]: Found 2 models, 1 snapshot, 1 source, 478 macros
[0m13:29:44.022544 [debug] [MainThread]: Sending event: {'category': 'dbt', 'action': 'runnable_timing', 'label': '41d624df-af44-4123-919e-c521a241ffc1', 'context': [<snowplow_tracker.self_describing_json.SelfDescribingJson object at 0x772d85f440b0>]}
[0m13:29:44.025236 [info ] [MainThread]: 
[0m13:29:44.026056 [info ] [MainThread]: Concurrency: 4 threads (target='dev')
[0m13:29:44.026687 [info ] [MainThread]: 
[0m13:29:44.027466 [debug] [MainThread]: Acquiring new postgres connection 'master'
[0m13:29:44.029460 [debug] [ThreadPool]: Acquiring new postgres connection 'list_tiki'
[0m13:29:44.078355 [debug] [ThreadPool]: Using postgres connection "list_tiki"
[0m13:29:44.078955 [debug] [ThreadPool]: On list_tiki: /* {"app": "dbt", "dbt_version": "1.12.3", "profile_name": "tiki", "target_name": "dev", "connection_name": "list_tiki"} */

    select distinct nspname from pg_namespace
  
[0m13:29:44.079647 [debug] [ThreadPool]: Opening a new connection, currently in state init
[0m13:29:44.096020 [debug] [ThreadPool]: SQL status: SELECT 7 in 0.016 seconds
[0m13:29:44.097693 [debug] [ThreadPool]: On list_tiki: Close
[0m13:29:44.103598 [debug] [ThreadPool]: Re-using an available connection from the pool (formerly list_tiki, now list_tiki_gold)
[0m13:29:44.104923 [debug] [ThreadPool]: Acquiring new postgres connection 'list_tiki_staging'
[0m13:29:44.112602 [debug] [ThreadPool]: Using postgres connection "list_tiki_gold"
[0m13:29:44.114137 [debug] [ThreadPool]: Using postgres connection "list_tiki_staging"
[0m13:29:44.114733 [debug] [ThreadPool]: On list_tiki_gold: /* {"app": "dbt", "dbt_version": "1.12.3", "profile_name": "tiki", "target_name": "dev", "connection_name": "list_tiki_gold"} */
select
      'tiki' as database,
      tablename as name,
      schemaname as schema,
      'table' as type
    from pg_tables
    where schemaname ilike 'gold'
    union all
    select
      'tiki' as database,
      viewname as name,
      schemaname as schema,
      'view' as type
    from pg_views
    where schemaname ilike 'gold'
    union all
    select
      'tiki' as database,
      matviewname as name,
      schemaname as schema,
      'materialized_view' as type
    from pg_matviews
    where schemaname ilike 'gold'
    union all
    select distinct
     'tiki' as database,
     proname as name,
     ns.nspname as schema,
     'function' as type
    from pg_proc
     join pg_namespace as ns on pronamespace = ns.oid
    where ns.nspname ilike 'gold'
  
[0m13:29:44.115292 [debug] [ThreadPool]: On list_tiki_staging: /* {"app": "dbt", "dbt_version": "1.12.3", "profile_name": "tiki", "target_name": "dev", "connection_name": "list_tiki_staging"} */
select
      'tiki' as database,
      tablename as name,
      schemaname as schema,
      'table' as type
    from pg_tables
    where schemaname ilike 'staging'
    union all
    select
      'tiki' as database,
      viewname as name,
      schemaname as schema,
      'view' as type
    from pg_views
    where schemaname ilike 'staging'
    union all
    select
      'tiki' as database,
      matviewname as name,
      schemaname as schema,
      'materialized_view' as type
    from pg_matviews
    where schemaname ilike 'staging'
    union all
    select distinct
     'tiki' as database,
     proname as name,
     ns.nspname as schema,
     'function' as type
    from pg_proc
     join pg_namespace as ns on pronamespace = ns.oid
    where ns.nspname ilike 'staging'
  
[0m13:29:44.115836 [debug] [ThreadPool]: Opening a new connection, currently in state closed
[0m13:29:44.116331 [debug] [ThreadPool]: Opening a new connection, currently in state init
[0m13:29:44.135636 [debug] [ThreadPool]: SQL status: SELECT 1 in 0.019 seconds
[0m13:29:44.136401 [debug] [ThreadPool]: SQL status: SELECT 1 in 0.021 seconds
[0m13:29:44.138172 [debug] [ThreadPool]: On list_tiki_staging: ROLLBACK
[0m13:29:44.139662 [debug] [ThreadPool]: On list_tiki_gold: ROLLBACK
[0m13:29:44.140776 [debug] [ThreadPool]: On list_tiki_gold: Close
[0m13:29:44.141145 [debug] [ThreadPool]: On list_tiki_staging: Close
[0m13:29:44.147491 [debug] [MainThread]: Using postgres connection "master"
[0m13:29:44.148113 [debug] [MainThread]: On master: /* {"app": "dbt", "dbt_version": "1.12.3", "profile_name": "tiki", "target_name": "dev", "connection_name": "master"} */
select distinct
        dependent_namespace.nspname as dependent_schema,
        dependent_class.relname as dependent_name,
        referenced_namespace.nspname as referenced_schema,
        referenced_class.relname as referenced_name

    -- Query for views: views are entries in pg_class with an entry in pg_rewrite, but we avoid
    -- a seq scan on pg_rewrite by leveraging the fact there is an "internal" row in pg_depend for
    -- the view...
    from pg_class as dependent_class
    join pg_namespace as dependent_namespace on dependent_namespace.oid = dependent_class.relnamespace
    join pg_depend as dependent_depend on dependent_depend.refobjid = dependent_class.oid
        and dependent_depend.classid = 'pg_rewrite'::regclass
        and dependent_depend.refclassid = 'pg_class'::regclass
        and dependent_depend.deptype = 'i'

    -- ... and via pg_depend (that has a row per column, hence the need for "distinct" above, and
    -- making sure to exclude the internal row to avoid a view appearing to depend on itself)...
    join pg_depend as joining_depend on joining_depend.objid = dependent_depend.objid
        and joining_depend.classid = 'pg_rewrite'::regclass
        and joining_depend.refclassid = 'pg_class'::regclass
        and joining_depend.refobjid != dependent_depend.refobjid

    -- ... we can find the tables they query from in pg_class, but excluding system tables. Note we
    -- don't need need to exclude _dependent_ system tables, because they only query from other
    -- system tables, and so are automatically excluded by excluding _referenced_ system tables
    join pg_class as referenced_class on referenced_class.oid = joining_depend.refobjid
    join pg_namespace as referenced_namespace on referenced_namespace.oid = referenced_class.relnamespace
        and referenced_namespace.nspname != 'information_schema'
        and referenced_namespace.nspname not like 'pg\_%'

    order by
        dependent_schema, dependent_name, referenced_schema, referenced_name;
[0m13:29:44.148549 [debug] [MainThread]: Opening a new connection, currently in state init
[0m13:29:44.165201 [debug] [MainThread]: SQL status: SELECT 1 in 0.017 seconds
[0m13:29:44.166927 [debug] [MainThread]: Sending event: {'category': 'dbt', 'action': 'runnable_timing', 'label': '41d624df-af44-4123-919e-c521a241ffc1', 'context': [<snowplow_tracker.self_describing_json.SelfDescribingJson object at 0x772d84f1bef0>]}
[0m13:29:44.167642 [debug] [MainThread]: On master: ROLLBACK
[0m13:29:44.168549 [debug] [MainThread]: On master: COMMIT
[0m13:29:44.168968 [debug] [MainThread]: Using postgres connection "master"
[0m13:29:44.169353 [debug] [MainThread]: On master: COMMIT
[0m13:29:44.170615 [debug] [MainThread]: SQL status: COMMIT in 0.001 seconds
[0m13:29:44.171028 [debug] [MainThread]: On master: Close
[0m13:29:44.175734 [debug] [Thread-1 (]: Began running node snapshot.tiki_gold.dim_product_snapshot
[0m13:29:44.176573 [info ] [Thread-1 (]: 1 of 1 START snapshot gold.dim_product_snapshot ................................ [RUN]
[0m13:29:44.177290 [debug] [Thread-1 (]: Re-using an available connection from the pool (formerly list_tiki_staging, now snapshot.tiki_gold.dim_product_snapshot)
[0m13:29:44.177850 [debug] [Thread-1 (]: Began compiling node snapshot.tiki_gold.dim_product_snapshot
[0m13:29:44.186022 [debug] [Thread-1 (]: Writing injected SQL for node "snapshot.tiki_gold.dim_product_snapshot"
[0m13:29:44.187088 [debug] [Thread-1 (]: Began executing node snapshot.tiki_gold.dim_product_snapshot
[0m13:29:44.272867 [debug] [Thread-1 (]: Using postgres connection "snapshot.tiki_gold.dim_product_snapshot"
[0m13:29:44.273544 [debug] [Thread-1 (]: On snapshot.tiki_gold.dim_product_snapshot: /* {"app": "dbt", "dbt_version": "1.12.3", "profile_name": "tiki", "target_name": "dev", "node_id": "snapshot.tiki_gold.dim_product_snapshot"} */
select * from (
        
    

    select *,
        md5(coalesce(cast(product_id as varchar ), '')
         || '|' || coalesce(cast(now()::timestamp without time zone as varchar ), '')
        ) as dbt_scd_id,
        now()::timestamp without time zone as dbt_updated_at,
        now()::timestamp without time zone as dbt_valid_from,
        
  
  coalesce(nullif(now()::timestamp without time zone, now()::timestamp without time zone), null)
  as dbt_valid_to
from (
        



-- Moi lan snapshot chay: lay ban ghi MOI NHAT cua tung product_id trong lan
-- crawl vua nap (co the co nhieu dong trung product_id do trung category).
select distinct on (product_id)
    product_id,
    sku,
    name,
    url_key,
    url,
    brand_id,
    brand_name,
    seller_id,
    seller_name,
    category_id,
    category_name,
    is_authentic,
    thumbnail_url
from "tiki"."staging"."stg_listings"
order by product_id, crawled_at desc

    ) sbq



    ) as __dbt_sbq
    where false
    limit 0

[0m13:29:44.274106 [debug] [Thread-1 (]: Opening a new connection, currently in state closed
[0m13:29:44.289109 [debug] [Thread-1 (]: SQL status: SELECT 0 in 0.015 seconds
[0m13:29:44.293461 [debug] [Thread-1 (]: Using postgres connection "snapshot.tiki_gold.dim_product_snapshot"
[0m13:29:44.294141 [debug] [Thread-1 (]: On snapshot.tiki_gold.dim_product_snapshot: /* {"app": "dbt", "dbt_version": "1.12.3", "profile_name": "tiki", "target_name": "dev", "node_id": "snapshot.tiki_gold.dim_product_snapshot"} */
select * from (
        select now()::timestamp without time zone as dbt_snapshot_time
    ) as __dbt_sbq
    where false
    limit 0

[0m13:29:44.295284 [debug] [Thread-1 (]: SQL status: SELECT 0 in 0.001 seconds
[0m13:29:44.296034 [debug] [Thread-1 (]: Writing runtime sql for node "snapshot.tiki_gold.dim_product_snapshot"
[0m13:29:44.296845 [debug] [Thread-1 (]: Using postgres connection "snapshot.tiki_gold.dim_product_snapshot"
[0m13:29:44.297301 [debug] [Thread-1 (]: On snapshot.tiki_gold.dim_product_snapshot: /* {"app": "dbt", "dbt_version": "1.12.3", "profile_name": "tiki", "target_name": "dev", "node_id": "snapshot.tiki_gold.dim_product_snapshot"} */

      
  
    

  create  table "tiki"."gold"."dim_product_snapshot"
  
  
    as
  
  (
    
    

    select *,
        md5(coalesce(cast(product_id as varchar ), '')
         || '|' || coalesce(cast(now()::timestamp without time zone as varchar ), '')
        ) as dbt_scd_id,
        now()::timestamp without time zone as dbt_updated_at,
        now()::timestamp without time zone as dbt_valid_from,
        
  
  coalesce(nullif(now()::timestamp without time zone, now()::timestamp without time zone), null)
  as dbt_valid_to
from (
        



-- Moi lan snapshot chay: lay ban ghi MOI NHAT cua tung product_id trong lan
-- crawl vua nap (co the co nhieu dong trung product_id do trung category).
select distinct on (product_id)
    product_id,
    sku,
    name,
    url_key,
    url,
    brand_id,
    brand_name,
    seller_id,
    seller_name,
    category_id,
    category_name,
    is_authentic,
    thumbnail_url
from "tiki"."staging"."stg_listings"
order by product_id, crawled_at desc

    ) sbq



  );
  
  
[0m13:29:44.605146 [debug] [Thread-1 (]: SQL status: SELECT 19875 in 0.307 seconds
[0m13:29:44.723452 [debug] [Thread-1 (]: On snapshot.tiki_gold.dim_product_snapshot: COMMIT
[0m13:29:44.724124 [debug] [Thread-1 (]: Using postgres connection "snapshot.tiki_gold.dim_product_snapshot"
[0m13:29:44.724553 [debug] [Thread-1 (]: On snapshot.tiki_gold.dim_product_snapshot: COMMIT
[0m13:29:44.747768 [debug] [Thread-1 (]: SQL status: COMMIT in 0.023 seconds
[0m13:29:44.750501 [debug] [Thread-1 (]: On snapshot.tiki_gold.dim_product_snapshot: Close
[0m13:29:44.752870 [debug] [Thread-1 (]: Sending event: {'category': 'dbt', 'action': 'run_model', 'label': '41d624df-af44-4123-919e-c521a241ffc1', 'context': [<snowplow_tracker.self_describing_json.SelfDescribingJson object at 0x772d843671d0>]}
[0m13:29:44.753887 [info ] [Thread-1 (]: 1 of 1 OK snapshotted gold.dim_product_snapshot ................................ [[32mSELECT 19875[0m in 0.57s]
[0m13:29:44.754678 [debug] [Thread-1 (]: Finished running node snapshot.tiki_gold.dim_product_snapshot
[0m13:29:44.757499 [debug] [MainThread]: On master: COMMIT
[0m13:29:44.757985 [debug] [MainThread]: Using postgres connection "master"
[0m13:29:44.758438 [debug] [MainThread]: On master: COMMIT
[0m13:29:44.758850 [debug] [MainThread]: Opening a new connection, currently in state closed
[0m13:29:44.769964 [debug] [MainThread]: SQL status: COMMIT in 0.011 seconds
[0m13:29:44.770694 [debug] [MainThread]: On master: Close
[0m13:29:44.771394 [debug] [MainThread]: Connection 'master' was properly closed.
[0m13:29:44.771761 [debug] [MainThread]: Connection 'list_tiki_gold' was properly closed.
[0m13:29:44.772099 [debug] [MainThread]: Connection 'snapshot.tiki_gold.dim_product_snapshot' was properly closed.
[0m13:29:44.772484 [info ] [MainThread]: 
[0m13:29:44.772948 [info ] [MainThread]: Finished running 1 snapshot in 0 hours 0 minutes and 0.75 seconds (0.75s).
[0m13:29:44.773838 [debug] [MainThread]: Command end result
[0m13:29:44.814779 [debug] [MainThread]: Wrote artifact WritableManifest to /home/hai/tiki-crawl/dbt/target/manifest.json
[0m13:29:44.817781 [debug] [MainThread]: Wrote artifact SemanticManifest to /home/hai/tiki-crawl/dbt/target/semantic_manifest.json
[0m13:29:44.820544 [debug] [MainThread]: Wrote artifact OsiDocument to /home/hai/tiki-crawl/dbt/target/osi_document.json
[0m13:29:44.828598 [debug] [MainThread]: Wrote artifact RunExecutionResult to /home/hai/tiki-crawl/dbt/target/run_results.json
[0m13:29:44.829103 [info ] [MainThread]: 
[0m13:29:44.829679 [info ] [MainThread]: [32mCompleted successfully[0m
[0m13:29:44.830195 [info ] [MainThread]: 
[0m13:29:44.830657 [info ] [MainThread]: Done. PASS=1 WARN=0 ERROR=0 SKIP=0 NO-OP=0 REUSED=0 TOTAL=1
[0m13:29:44.831724 [debug] [MainThread]: Resource report: {"command_name": "snapshot", "command_success": true, "command_wall_clock_time": 1.8161722, "process_in_blocks": "0", "process_kernel_time": 0.461655, "process_mem_max_rss": "133524", "process_out_blocks": "2248", "process_user_time": 2.868082}
[0m13:29:44.832275 [debug] [MainThread]: Command `dbt snapshot` succeeded at 13:29:44.832161 after 1.82 seconds
[0m13:29:44.832768 [debug] [MainThread]: Sending event: {'category': 'dbt', 'action': 'invocation', 'label': 'end', 'context': [<snowplow_tracker.self_describing_json.SelfDescribingJson object at 0x772d880df740>, <snowplow_tracker.self_describing_json.SelfDescribingJson object at 0x772d85bec650>, <snowplow_tracker.self_describing_json.SelfDescribingJson object at 0x772d853274a0>]}
[0m13:29:44.833200 [debug] [MainThread]: Flushing usage events
[0m13:29:45.964888 [debug] [MainThread]: An error was encountered while trying to flush usage events
[0m15:59:47.429095 [debug] [MainThread]: Sending event: {'category': 'dbt', 'action': 'invocation', 'label': 'start', 'context': [<snowplow_tracker.self_describing_json.SelfDescribingJson object at 0x76c224187fb0>, <snowplow_tracker.self_describing_json.SelfDescribingJson object at 0x76c2241b2150>, <snowplow_tracker.self_describing_json.SelfDescribingJson object at 0x76c2241b3b90>]}


============================== 15:59:47.436267 | 2f3a3f46-027c-4635-88d8-4b081470357a ==============================
[0m15:59:47.436267 [info ] [MainThread]: Running with dbt=1.12.3
[0m15:59:47.437045 [debug] [MainThread]: running dbt with arguments {'write_json': 'True', 'invocation_command': 'dbt snapshot --profiles-dir .', 'log_format': 'default', 'warn_error': 'None', 'send_anonymous_usage_stats': 'True', 'target_path': 'None', 'introspect': 'True', 'indirect_selection': 'eager', 'log_cache_events': 'False', 'version_check': 'True', 'warn_error_options': 'WarnErrorOptionsV2(error=[], warn=[], silence=[])', 'cache_selected_only': 'False', 'log_path': '/home/hai/tiki-crawl/dbt/logs', 'debug': 'False', 'static_parser': 'True', 'profiles_dir': '.', 'fail_fast': 'False', 'use_experimental_parser': 'False', 'maximum_seed_size_mib': '1', 'use_colors': 'True', 'quiet': 'False', 'hints_enabled': 'True', 'empty': 'False', 'partial_parse': 'True', 'no_print': 'None', 'printer_width': '80'}
[0m15:59:47.709158 [debug] [MainThread]: Sending event: {'category': 'dbt', 'action': 'project_id', 'label': '2f3a3f46-027c-4635-88d8-4b081470357a', 'context': [<snowplow_tracker.self_describing_json.SelfDescribingJson object at 0x76c224673ce0>]}
[0m15:59:47.790031 [debug] [MainThread]: Sending event: {'category': 'dbt', 'action': 'adapter_info', 'label': '2f3a3f46-027c-4635-88d8-4b081470357a', 'context': [<snowplow_tracker.self_describing_json.SelfDescribingJson object at 0x76c222308b90>]}
[0m15:59:47.792268 [info ] [MainThread]: Registered adapter: postgres=1.11.0
[0m15:59:47.915449 [debug] [MainThread]: checksum: b11284278684f540b15704c99909c8df3c16bdaf6844ccd0ae0d76372c1b52b6, vars: {}, profile: tiki, target: dev, version: 1.12.3
[0m15:59:48.163673 [debug] [MainThread]: Partial parsing enabled: 0 files deleted, 0 files added, 2 files changed.
[0m15:59:48.164429 [debug] [MainThread]: Partial parsing: updated file: tiki_gold://models/marts/fact_price_daily.sql
[0m15:59:48.164921 [debug] [MainThread]: Partial parsing: updated file: tiki_gold://models/staging/stg_listings.sql
[0m15:59:48.623626 [debug] [MainThread]: Sending event: {'category': 'dbt', 'action': 'load_project', 'label': '2f3a3f46-027c-4635-88d8-4b081470357a', 'context': [<snowplow_tracker.self_describing_json.SelfDescribingJson object at 0x76c224186de0>]}
[0m15:59:48.755234 [debug] [MainThread]: Wrote artifact WritableManifest to /home/hai/tiki-crawl/dbt/target/manifest.json
[0m15:59:48.760674 [debug] [MainThread]: Wrote artifact SemanticManifest to /home/hai/tiki-crawl/dbt/target/semantic_manifest.json
[0m15:59:48.796010 [debug] [MainThread]: Wrote artifact OsiDocument to /home/hai/tiki-crawl/dbt/target/osi_document.json
[0m15:59:48.817425 [debug] [MainThread]: Sending event: {'category': 'dbt', 'action': 'resource_counts', 'label': '2f3a3f46-027c-4635-88d8-4b081470357a', 'context': [<snowplow_tracker.self_describing_json.SelfDescribingJson object at 0x76c2217e4c80>]}
[0m15:59:48.818070 [info ] [MainThread]: Found 1 snapshot, 2 models, 1 source, 478 macros
[0m15:59:48.818559 [debug] [MainThread]: Sending event: {'category': 'dbt', 'action': 'runnable_timing', 'label': '2f3a3f46-027c-4635-88d8-4b081470357a', 'context': [<snowplow_tracker.self_describing_json.SelfDescribingJson object at 0x76c221f516d0>]}
[0m15:59:48.820446 [info ] [MainThread]: 
[0m15:59:48.820957 [info ] [MainThread]: Concurrency: 4 threads (target='dev')
[0m15:59:48.821376 [info ] [MainThread]: 
[0m15:59:48.822164 [debug] [MainThread]: Acquiring new postgres connection 'master'
[0m15:59:48.823948 [debug] [ThreadPool]: Acquiring new postgres connection 'list_tiki'
[0m15:59:48.931272 [debug] [ThreadPool]: Using postgres connection "list_tiki"
[0m15:59:48.932280 [debug] [ThreadPool]: On list_tiki: /* {"app": "dbt", "dbt_version": "1.12.3", "profile_name": "tiki", "target_name": "dev", "connection_name": "list_tiki"} */

    select distinct nspname from pg_namespace
  
[0m15:59:48.933296 [debug] [ThreadPool]: Opening a new connection, currently in state init
[0m15:59:49.018202 [debug] [ThreadPool]: SQL status: SELECT 7 in 0.085 seconds
[0m15:59:49.019986 [debug] [ThreadPool]: On list_tiki: Close
[0m15:59:49.025350 [debug] [ThreadPool]: Re-using an available connection from the pool (formerly list_tiki, now list_tiki_gold)
[0m15:59:49.026346 [debug] [ThreadPool]: Acquiring new postgres connection 'list_tiki_staging'
[0m15:59:49.032650 [debug] [ThreadPool]: Using postgres connection "list_tiki_gold"
[0m15:59:49.034221 [debug] [ThreadPool]: Using postgres connection "list_tiki_staging"
[0m15:59:49.034793 [debug] [ThreadPool]: On list_tiki_gold: /* {"app": "dbt", "dbt_version": "1.12.3", "profile_name": "tiki", "target_name": "dev", "connection_name": "list_tiki_gold"} */
select
      'tiki' as database,
      tablename as name,
      schemaname as schema,
      'table' as type
    from pg_tables
    where schemaname ilike 'gold'
    union all
    select
      'tiki' as database,
      viewname as name,
      schemaname as schema,
      'view' as type
    from pg_views
    where schemaname ilike 'gold'
    union all
    select
      'tiki' as database,
      matviewname as name,
      schemaname as schema,
      'materialized_view' as type
    from pg_matviews
    where schemaname ilike 'gold'
    union all
    select distinct
     'tiki' as database,
     proname as name,
     ns.nspname as schema,
     'function' as type
    from pg_proc
     join pg_namespace as ns on pronamespace = ns.oid
    where ns.nspname ilike 'gold'
  
[0m15:59:49.035304 [debug] [ThreadPool]: On list_tiki_staging: /* {"app": "dbt", "dbt_version": "1.12.3", "profile_name": "tiki", "target_name": "dev", "connection_name": "list_tiki_staging"} */
select
      'tiki' as database,
      tablename as name,
      schemaname as schema,
      'table' as type
    from pg_tables
    where schemaname ilike 'staging'
    union all
    select
      'tiki' as database,
      viewname as name,
      schemaname as schema,
      'view' as type
    from pg_views
    where schemaname ilike 'staging'
    union all
    select
      'tiki' as database,
      matviewname as name,
      schemaname as schema,
      'materialized_view' as type
    from pg_matviews
    where schemaname ilike 'staging'
    union all
    select distinct
     'tiki' as database,
     proname as name,
     ns.nspname as schema,
     'function' as type
    from pg_proc
     join pg_namespace as ns on pronamespace = ns.oid
    where ns.nspname ilike 'staging'
  
[0m15:59:49.036073 [debug] [ThreadPool]: Opening a new connection, currently in state closed
[0m15:59:49.036763 [debug] [ThreadPool]: Opening a new connection, currently in state init
[0m15:59:49.079372 [debug] [ThreadPool]: SQL status: SELECT 1 in 0.042 seconds
[0m15:59:49.080191 [debug] [ThreadPool]: SQL status: SELECT 2 in 0.044 seconds
[0m15:59:49.081840 [debug] [ThreadPool]: On list_tiki_staging: ROLLBACK
[0m15:59:49.083454 [debug] [ThreadPool]: On list_tiki_gold: ROLLBACK
[0m15:59:49.084735 [debug] [ThreadPool]: On list_tiki_staging: Close
[0m15:59:49.085229 [debug] [ThreadPool]: On list_tiki_gold: Close
[0m15:59:49.092475 [debug] [MainThread]: Using postgres connection "master"
[0m15:59:49.093082 [debug] [MainThread]: On master: /* {"app": "dbt", "dbt_version": "1.12.3", "profile_name": "tiki", "target_name": "dev", "connection_name": "master"} */
select distinct
        dependent_namespace.nspname as dependent_schema,
        dependent_class.relname as dependent_name,
        referenced_namespace.nspname as referenced_schema,
        referenced_class.relname as referenced_name

    -- Query for views: views are entries in pg_class with an entry in pg_rewrite, but we avoid
    -- a seq scan on pg_rewrite by leveraging the fact there is an "internal" row in pg_depend for
    -- the view...
    from pg_class as dependent_class
    join pg_namespace as dependent_namespace on dependent_namespace.oid = dependent_class.relnamespace
    join pg_depend as dependent_depend on dependent_depend.refobjid = dependent_class.oid
        and dependent_depend.classid = 'pg_rewrite'::regclass
        and dependent_depend.refclassid = 'pg_class'::regclass
        and dependent_depend.deptype = 'i'

    -- ... and via pg_depend (that has a row per column, hence the need for "distinct" above, and
    -- making sure to exclude the internal row to avoid a view appearing to depend on itself)...
    join pg_depend as joining_depend on joining_depend.objid = dependent_depend.objid
        and joining_depend.classid = 'pg_rewrite'::regclass
        and joining_depend.refclassid = 'pg_class'::regclass
        and joining_depend.refobjid != dependent_depend.refobjid

    -- ... we can find the tables they query from in pg_class, but excluding system tables. Note we
    -- don't need need to exclude _dependent_ system tables, because they only query from other
    -- system tables, and so are automatically excluded by excluding _referenced_ system tables
    join pg_class as referenced_class on referenced_class.oid = joining_depend.refobjid
    join pg_namespace as referenced_namespace on referenced_namespace.oid = referenced_class.relnamespace
        and referenced_namespace.nspname != 'information_schema'
        and referenced_namespace.nspname not like 'pg\_%'

    order by
        dependent_schema, dependent_name, referenced_schema, referenced_name;
[0m15:59:49.093538 [debug] [MainThread]: Opening a new connection, currently in state init
[0m15:59:49.119062 [debug] [MainThread]: SQL status: SELECT 1 in 0.025 seconds
[0m15:59:49.120840 [debug] [MainThread]: Sending event: {'category': 'dbt', 'action': 'runnable_timing', 'label': '2f3a3f46-027c-4635-88d8-4b081470357a', 'context': [<snowplow_tracker.self_describing_json.SelfDescribingJson object at 0x76c22170c5f0>]}
[0m15:59:49.121463 [debug] [MainThread]: On master: ROLLBACK
[0m15:59:49.122569 [debug] [MainThread]: On master: COMMIT
[0m15:59:49.122986 [debug] [MainThread]: Using postgres connection "master"
[0m15:59:49.123411 [debug] [MainThread]: On master: COMMIT
[0m15:59:49.124878 [debug] [MainThread]: SQL status: COMMIT in 0.001 seconds
[0m15:59:49.125441 [debug] [MainThread]: On master: Close
[0m15:59:49.132220 [debug] [Thread-1 (]: Began running node snapshot.tiki_gold.dim_product_snapshot
[0m15:59:49.133109 [info ] [Thread-1 (]: 1 of 1 START snapshot gold.dim_product_snapshot ................................ [RUN]
[0m15:59:49.133973 [debug] [Thread-1 (]: Re-using an available connection from the pool (formerly list_tiki_gold, now snapshot.tiki_gold.dim_product_snapshot)
[0m15:59:49.134668 [debug] [Thread-1 (]: Began compiling node snapshot.tiki_gold.dim_product_snapshot
[0m15:59:49.144667 [debug] [Thread-1 (]: Writing injected SQL for node "snapshot.tiki_gold.dim_product_snapshot"
[0m15:59:49.147666 [debug] [Thread-1 (]: Began executing node snapshot.tiki_gold.dim_product_snapshot
[0m15:59:49.228050 [debug] [Thread-1 (]: Using postgres connection "snapshot.tiki_gold.dim_product_snapshot"
[0m15:59:49.228854 [debug] [Thread-1 (]: On snapshot.tiki_gold.dim_product_snapshot: /* {"app": "dbt", "dbt_version": "1.12.3", "profile_name": "tiki", "target_name": "dev", "node_id": "snapshot.tiki_gold.dim_product_snapshot"} */
select * from (
        select name, brand_id, brand_name, seller_id, seller_name, category_id, category_name, is_authentic, thumbnail_url, url, url_key from (
                



-- Moi lan snapshot chay: lay ban ghi MOI NHAT cua tung product_id trong lan
-- crawl vua nap (co the co nhieu dong trung product_id do trung category).
select distinct on (product_id)
    product_id,
    sku,
    name,
    url_key,
    url,
    brand_id,
    brand_name,
    seller_id,
    seller_name,
    category_id,
    category_name,
    is_authentic,
    thumbnail_url
from "tiki"."staging"."stg_listings"
order by product_id, crawled_at desc

            ) subq
    ) as __dbt_sbq
    where false
    limit 0

    
[0m15:59:49.229428 [debug] [Thread-1 (]: Opening a new connection, currently in state closed
[0m15:59:49.246445 [debug] [Thread-1 (]: SQL status: SELECT 0 in 0.017 seconds
[0m15:59:49.263607 [debug] [Thread-1 (]: Using postgres connection "snapshot.tiki_gold.dim_product_snapshot"
[0m15:59:49.264350 [debug] [Thread-1 (]: On snapshot.tiki_gold.dim_product_snapshot: /* {"app": "dbt", "dbt_version": "1.12.3", "profile_name": "tiki", "target_name": "dev", "node_id": "snapshot.tiki_gold.dim_product_snapshot"} */

      select
          column_name,
          data_type,
          character_maximum_length,
          numeric_precision,
          numeric_scale

      from "tiki".INFORMATION_SCHEMA.columns
      where table_name = 'dim_product_snapshot'
        
        and table_schema = 'gold'
        
      order by ordinal_position

  
[0m15:59:49.286093 [debug] [Thread-1 (]: SQL status: SELECT 17 in 0.021 seconds
[0m15:59:49.296227 [debug] [Thread-1 (]: Using postgres connection "snapshot.tiki_gold.dim_product_snapshot"
[0m15:59:49.296891 [debug] [Thread-1 (]: On snapshot.tiki_gold.dim_product_snapshot: /* {"app": "dbt", "dbt_version": "1.12.3", "profile_name": "tiki", "target_name": "dev", "node_id": "snapshot.tiki_gold.dim_product_snapshot"} */

      select
          column_name,
          data_type,
          character_maximum_length,
          numeric_precision,
          numeric_scale

      from "tiki".INFORMATION_SCHEMA.columns
      where table_name = 'dim_product_snapshot'
        
        and table_schema = 'gold'
        
      order by ordinal_position

  
[0m15:59:49.302446 [debug] [Thread-1 (]: SQL status: SELECT 17 in 0.005 seconds
[0m15:59:49.371655 [debug] [Thread-1 (]: Using postgres connection "snapshot.tiki_gold.dim_product_snapshot"
[0m15:59:49.372915 [debug] [Thread-1 (]: On snapshot.tiki_gold.dim_product_snapshot: /* {"app": "dbt", "dbt_version": "1.12.3", "profile_name": "tiki", "target_name": "dev", "node_id": "snapshot.tiki_gold.dim_product_snapshot"} */

        
  
    

  create temporary table "dim_product_snapshot__dbt_tmp155949359590"
  
  
    as
  
  (
    
    
    with snapshot_query as (

        



-- Moi lan snapshot chay: lay ban ghi MOI NHAT cua tung product_id trong lan
-- crawl vua nap (co the co nhieu dong trung product_id do trung category).
select distinct on (product_id)
    product_id,
    sku,
    name,
    url_key,
    url,
    brand_id,
    brand_name,
    seller_id,
    seller_name,
    category_id,
    category_name,
    is_authentic,
    thumbnail_url
from "tiki"."staging"."stg_listings"
order by product_id, crawled_at desc


    ),

    snapshotted_data as (

        select *, 
    
        product_id as dbt_unique_key
    

        from "tiki"."gold"."dim_product_snapshot"
        where
            
                dbt_valid_to is null
            

    ),

    insertions_source_data as (

        select *, 
    
        product_id as dbt_unique_key
    
,
            now()::timestamp without time zone as dbt_updated_at,
            now()::timestamp without time zone as dbt_valid_from,
            
  
  coalesce(nullif(now()::timestamp without time zone, now()::timestamp without time zone), null)
  as dbt_valid_to
,
            md5(coalesce(cast(product_id as varchar ), '')
         || '|' || coalesce(cast(now()::timestamp without time zone as varchar ), '')
        ) as dbt_scd_id

        from snapshot_query
    ),

    updates_source_data as (

        select *, 
    
        product_id as dbt_unique_key
    
,
            now()::timestamp without time zone as dbt_updated_at,
            now()::timestamp without time zone as dbt_valid_from,
            now()::timestamp without time zone as dbt_valid_to

        from snapshot_query
    ),

    insertions as (

        select
            'insert' as dbt_change_type,
            source_data.*

        from insertions_source_data as source_data
        left outer join snapshotted_data
            on 
    
        snapshotted_data.dbt_unique_key = source_data.dbt_unique_key
    

            where 
    
        snapshotted_data.dbt_unique_key is null
    

            or (
    
        snapshotted_data.dbt_unique_key is not null
    
 and (
               (snapshotted_data."name" != source_data."name"
        or
        (
            ((snapshotted_data."name" is null) and not (source_data."name" is null))
            or
            ((not snapshotted_data."name" is null) and (source_data."name" is null))
        ) or snapshotted_data."brand_id" != source_data."brand_id"
        or
        (
            ((snapshotted_data."brand_id" is null) and not (source_data."brand_id" is null))
            or
            ((not snapshotted_data."brand_id" is null) and (source_data."brand_id" is null))
        ) or snapshotted_data."brand_name" != source_data."brand_name"
        or
        (
            ((snapshotted_data."brand_name" is null) and not (source_data."brand_name" is null))
            or
            ((not snapshotted_data."brand_name" is null) and (source_data."brand_name" is null))
        ) or snapshotted_data."seller_id" != source_data."seller_id"
        or
        (
            ((snapshotted_data."seller_id" is null) and not (source_data."seller_id" is null))
            or
            ((not snapshotted_data."seller_id" is null) and (source_data."seller_id" is null))
        ) or snapshotted_data."seller_name" != source_data."seller_name"
        or
        (
            ((snapshotted_data."seller_name" is null) and not (source_data."seller_name" is null))
            or
            ((not snapshotted_data."seller_name" is null) and (source_data."seller_name" is null))
        ) or snapshotted_data."category_id" != source_data."category_id"
        or
        (
            ((snapshotted_data."category_id" is null) and not (source_data."category_id" is null))
            or
            ((not snapshotted_data."category_id" is null) and (source_data."category_id" is null))
        ) or snapshotted_data."category_name" != source_data."category_name"
        or
        (
            ((snapshotted_data."category_name" is null) and not (source_data."category_name" is null))
            or
            ((not snapshotted_data."category_name" is null) and (source_data."category_name" is null))
        ) or snapshotted_data."is_authentic" != source_data."is_authentic"
        or
        (
            ((snapshotted_data."is_authentic" is null) and not (source_data."is_authentic" is null))
            or
            ((not snapshotted_data."is_authentic" is null) and (source_data."is_authentic" is null))
        ) or snapshotted_data."thumbnail_url" != source_data."thumbnail_url"
        or
        (
            ((snapshotted_data."thumbnail_url" is null) and not (source_data."thumbnail_url" is null))
            or
            ((not snapshotted_data."thumbnail_url" is null) and (source_data."thumbnail_url" is null))
        ) or snapshotted_data."url" != source_data."url"
        or
        (
            ((snapshotted_data."url" is null) and not (source_data."url" is null))
            or
            ((not snapshotted_data."url" is null) and (source_data."url" is null))
        ) or snapshotted_data."url_key" != source_data."url_key"
        or
        (
            ((snapshotted_data."url_key" is null) and not (source_data."url_key" is null))
            or
            ((not snapshotted_data."url_key" is null) and (source_data."url_key" is null))
        ))
            )

        )

    ),

    updates as (

        select
            'update' as dbt_change_type,
            source_data.*,
            snapshotted_data.dbt_scd_id

        from updates_source_data as source_data
        join snapshotted_data
            on 
    
        snapshotted_data.dbt_unique_key = source_data.dbt_unique_key
    

        where (
            (snapshotted_data."name" != source_data."name"
        or
        (
            ((snapshotted_data."name" is null) and not (source_data."name" is null))
            or
            ((not snapshotted_data."name" is null) and (source_data."name" is null))
        ) or snapshotted_data."brand_id" != source_data."brand_id"
        or
        (
            ((snapshotted_data."brand_id" is null) and not (source_data."brand_id" is null))
            or
            ((not snapshotted_data."brand_id" is null) and (source_data."brand_id" is null))
        ) or snapshotted_data."brand_name" != source_data."brand_name"
        or
        (
            ((snapshotted_data."brand_name" is null) and not (source_data."brand_name" is null))
            or
            ((not snapshotted_data."brand_name" is null) and (source_data."brand_name" is null))
        ) or snapshotted_data."seller_id" != source_data."seller_id"
        or
        (
            ((snapshotted_data."seller_id" is null) and not (source_data."seller_id" is null))
            or
            ((not snapshotted_data."seller_id" is null) and (source_data."seller_id" is null))
        ) or snapshotted_data."seller_name" != source_data."seller_name"
        or
        (
            ((snapshotted_data."seller_name" is null) and not (source_data."seller_name" is null))
            or
            ((not snapshotted_data."seller_name" is null) and (source_data."seller_name" is null))
        ) or snapshotted_data."category_id" != source_data."category_id"
        or
        (
            ((snapshotted_data."category_id" is null) and not (source_data."category_id" is null))
            or
            ((not snapshotted_data."category_id" is null) and (source_data."category_id" is null))
        ) or snapshotted_data."category_name" != source_data."category_name"
        or
        (
            ((snapshotted_data."category_name" is null) and not (source_data."category_name" is null))
            or
            ((not snapshotted_data."category_name" is null) and (source_data."category_name" is null))
        ) or snapshotted_data."is_authentic" != source_data."is_authentic"
        or
        (
            ((snapshotted_data."is_authentic" is null) and not (source_data."is_authentic" is null))
            or
            ((not snapshotted_data."is_authentic" is null) and (source_data."is_authentic" is null))
        ) or snapshotted_data."thumbnail_url" != source_data."thumbnail_url"
        or
        (
            ((snapshotted_data."thumbnail_url" is null) and not (source_data."thumbnail_url" is null))
            or
            ((not snapshotted_data."thumbnail_url" is null) and (source_data."thumbnail_url" is null))
        ) or snapshotted_data."url" != source_data."url"
        or
        (
            ((snapshotted_data."url" is null) and not (source_data."url" is null))
            or
            ((not snapshotted_data."url" is null) and (source_data."url" is null))
        ) or snapshotted_data."url_key" != source_data."url_key"
        or
        (
            ((snapshotted_data."url_key" is null) and not (source_data."url_key" is null))
            or
            ((not snapshotted_data."url_key" is null) and (source_data."url_key" is null))
        ))
        )
    )

    select * from insertions
    union all
    select * from updates

  );
  
    
[0m15:59:50.746235 [debug] [Thread-1 (]: SQL status: SELECT 660 in 1.371 seconds
[0m15:59:50.757153 [debug] [Thread-1 (]: Using postgres connection "snapshot.tiki_gold.dim_product_snapshot"
[0m15:59:50.757926 [debug] [Thread-1 (]: On snapshot.tiki_gold.dim_product_snapshot: /* {"app": "dbt", "dbt_version": "1.12.3", "profile_name": "tiki", "target_name": "dev", "node_id": "snapshot.tiki_gold.dim_product_snapshot"} */

      select
          column_name,
          data_type,
          character_maximum_length,
          numeric_precision,
          numeric_scale

      from INFORMATION_SCHEMA.columns
      where table_name = 'dim_product_snapshot__dbt_tmp155949359590'
        
      order by ordinal_position

  
[0m15:59:50.766269 [debug] [Thread-1 (]: SQL status: SELECT 19 in 0.008 seconds
[0m15:59:50.771958 [debug] [Thread-1 (]: Using postgres connection "snapshot.tiki_gold.dim_product_snapshot"
[0m15:59:50.772794 [debug] [Thread-1 (]: On snapshot.tiki_gold.dim_product_snapshot: /* {"app": "dbt", "dbt_version": "1.12.3", "profile_name": "tiki", "target_name": "dev", "node_id": "snapshot.tiki_gold.dim_product_snapshot"} */

      select
          column_name,
          data_type,
          character_maximum_length,
          numeric_precision,
          numeric_scale

      from "tiki".INFORMATION_SCHEMA.columns
      where table_name = 'dim_product_snapshot'
        
        and table_schema = 'gold'
        
      order by ordinal_position

  
[0m15:59:50.778192 [debug] [Thread-1 (]: SQL status: SELECT 17 in 0.005 seconds
[0m15:59:50.782753 [debug] [Thread-1 (]: Using postgres connection "snapshot.tiki_gold.dim_product_snapshot"
[0m15:59:50.783488 [debug] [Thread-1 (]: On snapshot.tiki_gold.dim_product_snapshot: /* {"app": "dbt", "dbt_version": "1.12.3", "profile_name": "tiki", "target_name": "dev", "node_id": "snapshot.tiki_gold.dim_product_snapshot"} */

      select
          column_name,
          data_type,
          character_maximum_length,
          numeric_precision,
          numeric_scale

      from INFORMATION_SCHEMA.columns
      where table_name = 'dim_product_snapshot__dbt_tmp155949359590'
        
      order by ordinal_position

  
[0m15:59:50.788681 [debug] [Thread-1 (]: SQL status: SELECT 19 in 0.004 seconds
[0m15:59:50.792264 [debug] [Thread-1 (]: Using postgres connection "snapshot.tiki_gold.dim_product_snapshot"
[0m15:59:50.793168 [debug] [Thread-1 (]: On snapshot.tiki_gold.dim_product_snapshot: /* {"app": "dbt", "dbt_version": "1.12.3", "profile_name": "tiki", "target_name": "dev", "node_id": "snapshot.tiki_gold.dim_product_snapshot"} */

      select
          column_name,
          data_type,
          character_maximum_length,
          numeric_precision,
          numeric_scale

      from "tiki".INFORMATION_SCHEMA.columns
      where table_name = 'dim_product_snapshot'
        
        and table_schema = 'gold'
        
      order by ordinal_position

  
[0m15:59:50.798651 [debug] [Thread-1 (]: SQL status: SELECT 17 in 0.005 seconds
[0m15:59:50.810551 [debug] [Thread-1 (]: Using postgres connection "snapshot.tiki_gold.dim_product_snapshot"
[0m15:59:50.811244 [debug] [Thread-1 (]: On snapshot.tiki_gold.dim_product_snapshot: /* {"app": "dbt", "dbt_version": "1.12.3", "profile_name": "tiki", "target_name": "dev", "node_id": "snapshot.tiki_gold.dim_product_snapshot"} */

      select
          column_name,
          data_type,
          character_maximum_length,
          numeric_precision,
          numeric_scale

      from INFORMATION_SCHEMA.columns
      where table_name = 'dim_product_snapshot__dbt_tmp155949359590'
        
      order by ordinal_position

  
[0m15:59:50.816379 [debug] [Thread-1 (]: SQL status: SELECT 19 in 0.004 seconds
[0m15:59:50.844083 [debug] [Thread-1 (]: Using postgres connection "snapshot.tiki_gold.dim_product_snapshot"
[0m15:59:50.845115 [debug] [Thread-1 (]: On snapshot.tiki_gold.dim_product_snapshot: /* {"app": "dbt", "dbt_version": "1.12.3", "profile_name": "tiki", "target_name": "dev", "node_id": "snapshot.tiki_gold.dim_product_snapshot"} */
select * from (
        
    
    with snapshot_query as (

        



-- Moi lan snapshot chay: lay ban ghi MOI NHAT cua tung product_id trong lan
-- crawl vua nap (co the co nhieu dong trung product_id do trung category).
select distinct on (product_id)
    product_id,
    sku,
    name,
    url_key,
    url,
    brand_id,
    brand_name,
    seller_id,
    seller_name,
    category_id,
    category_name,
    is_authentic,
    thumbnail_url
from "tiki"."staging"."stg_listings"
order by product_id, crawled_at desc


    ),

    snapshotted_data as (

        select *, 
    
        product_id as dbt_unique_key
    

        from "tiki"."gold"."dim_product_snapshot"
        where
            
                dbt_valid_to is null
            

    ),

    insertions_source_data as (

        select *, 
    
        product_id as dbt_unique_key
    
,
            now()::timestamp without time zone as dbt_updated_at,
            now()::timestamp without time zone as dbt_valid_from,
            
  
  coalesce(nullif(now()::timestamp without time zone, now()::timestamp without time zone), null)
  as dbt_valid_to
,
            md5(coalesce(cast(product_id as varchar ), '')
         || '|' || coalesce(cast(now()::timestamp without time zone as varchar ), '')
        ) as dbt_scd_id

        from snapshot_query
    ),

    updates_source_data as (

        select *, 
    
        product_id as dbt_unique_key
    
,
            now()::timestamp without time zone as dbt_updated_at,
            now()::timestamp without time zone as dbt_valid_from,
            now()::timestamp without time zone as dbt_valid_to

        from snapshot_query
    ),

    insertions as (

        select
            'insert' as dbt_change_type,
            source_data.*

        from insertions_source_data as source_data
        left outer join snapshotted_data
            on 
    
        snapshotted_data.dbt_unique_key = source_data.dbt_unique_key
    

            where 
    
        snapshotted_data.dbt_unique_key is null
    

            or (
    
        snapshotted_data.dbt_unique_key is not null
    
 and (
               (snapshotted_data."name" != source_data."name"
        or
        (
            ((snapshotted_data."name" is null) and not (source_data."name" is null))
            or
            ((not snapshotted_data."name" is null) and (source_data."name" is null))
        ) or snapshotted_data."brand_id" != source_data."brand_id"
        or
        (
            ((snapshotted_data."brand_id" is null) and not (source_data."brand_id" is null))
            or
            ((not snapshotted_data."brand_id" is null) and (source_data."brand_id" is null))
        ) or snapshotted_data."brand_name" != source_data."brand_name"
        or
        (
            ((snapshotted_data."brand_name" is null) and not (source_data."brand_name" is null))
            or
            ((not snapshotted_data."brand_name" is null) and (source_data."brand_name" is null))
        ) or snapshotted_data."seller_id" != source_data."seller_id"
        or
        (
            ((snapshotted_data."seller_id" is null) and not (source_data."seller_id" is null))
            or
            ((not snapshotted_data."seller_id" is null) and (source_data."seller_id" is null))
        ) or snapshotted_data."seller_name" != source_data."seller_name"
        or
        (
            ((snapshotted_data."seller_name" is null) and not (source_data."seller_name" is null))
            or
            ((not snapshotted_data."seller_name" is null) and (source_data."seller_name" is null))
        ) or snapshotted_data."category_id" != source_data."category_id"
        or
        (
            ((snapshotted_data."category_id" is null) and not (source_data."category_id" is null))
            or
            ((not snapshotted_data."category_id" is null) and (source_data."category_id" is null))
        ) or snapshotted_data."category_name" != source_data."category_name"
        or
        (
            ((snapshotted_data."category_name" is null) and not (source_data."category_name" is null))
            or
            ((not snapshotted_data."category_name" is null) and (source_data."category_name" is null))
        ) or snapshotted_data."is_authentic" != source_data."is_authentic"
        or
        (
            ((snapshotted_data."is_authentic" is null) and not (source_data."is_authentic" is null))
            or
            ((not snapshotted_data."is_authentic" is null) and (source_data."is_authentic" is null))
        ) or snapshotted_data."thumbnail_url" != source_data."thumbnail_url"
        or
        (
            ((snapshotted_data."thumbnail_url" is null) and not (source_data."thumbnail_url" is null))
            or
            ((not snapshotted_data."thumbnail_url" is null) and (source_data."thumbnail_url" is null))
        ) or snapshotted_data."url" != source_data."url"
        or
        (
            ((snapshotted_data."url" is null) and not (source_data."url" is null))
            or
            ((not snapshotted_data."url" is null) and (source_data."url" is null))
        ) or snapshotted_data."url_key" != source_data."url_key"
        or
        (
            ((snapshotted_data."url_key" is null) and not (source_data."url_key" is null))
            or
            ((not snapshotted_data."url_key" is null) and (source_data."url_key" is null))
        ))
            )

        )

    ),

    updates as (

        select
            'update' as dbt_change_type,
            source_data.*,
            snapshotted_data.dbt_scd_id

        from updates_source_data as source_data
        join snapshotted_data
            on 
    
        snapshotted_data.dbt_unique_key = source_data.dbt_unique_key
    

        where (
            (snapshotted_data."name" != source_data."name"
        or
        (
            ((snapshotted_data."name" is null) and not (source_data."name" is null))
            or
            ((not snapshotted_data."name" is null) and (source_data."name" is null))
        ) or snapshotted_data."brand_id" != source_data."brand_id"
        or
        (
            ((snapshotted_data."brand_id" is null) and not (source_data."brand_id" is null))
            or
            ((not snapshotted_data."brand_id" is null) and (source_data."brand_id" is null))
        ) or snapshotted_data."brand_name" != source_data."brand_name"
        or
        (
            ((snapshotted_data."brand_name" is null) and not (source_data."brand_name" is null))
            or
            ((not snapshotted_data."brand_name" is null) and (source_data."brand_name" is null))
        ) or snapshotted_data."seller_id" != source_data."seller_id"
        or
        (
            ((snapshotted_data."seller_id" is null) and not (source_data."seller_id" is null))
            or
            ((not snapshotted_data."seller_id" is null) and (source_data."seller_id" is null))
        ) or snapshotted_data."seller_name" != source_data."seller_name"
        or
        (
            ((snapshotted_data."seller_name" is null) and not (source_data."seller_name" is null))
            or
            ((not snapshotted_data."seller_name" is null) and (source_data."seller_name" is null))
        ) or snapshotted_data."category_id" != source_data."category_id"
        or
        (
            ((snapshotted_data."category_id" is null) and not (source_data."category_id" is null))
            or
            ((not snapshotted_data."category_id" is null) and (source_data."category_id" is null))
        ) or snapshotted_data."category_name" != source_data."category_name"
        or
        (
            ((snapshotted_data."category_name" is null) and not (source_data."category_name" is null))
            or
            ((not snapshotted_data."category_name" is null) and (source_data."category_name" is null))
        ) or snapshotted_data."is_authentic" != source_data."is_authentic"
        or
        (
            ((snapshotted_data."is_authentic" is null) and not (source_data."is_authentic" is null))
            or
            ((not snapshotted_data."is_authentic" is null) and (source_data."is_authentic" is null))
        ) or snapshotted_data."thumbnail_url" != source_data."thumbnail_url"
        or
        (
            ((snapshotted_data."thumbnail_url" is null) and not (source_data."thumbnail_url" is null))
            or
            ((not snapshotted_data."thumbnail_url" is null) and (source_data."thumbnail_url" is null))
        ) or snapshotted_data."url" != source_data."url"
        or
        (
            ((snapshotted_data."url" is null) and not (source_data."url" is null))
            or
            ((not snapshotted_data."url" is null) and (source_data."url" is null))
        ) or snapshotted_data."url_key" != source_data."url_key"
        or
        (
            ((snapshotted_data."url_key" is null) and not (source_data."url_key" is null))
            or
            ((not snapshotted_data."url_key" is null) and (source_data."url_key" is null))
        ))
        )
    )

    select * from insertions
    union all
    select * from updates

    ) as __dbt_sbq
    where false
    limit 0

[0m15:59:50.847612 [debug] [Thread-1 (]: SQL status: SELECT 0 in 0.001 seconds
[0m15:59:50.853514 [debug] [Thread-1 (]: Using postgres connection "snapshot.tiki_gold.dim_product_snapshot"
[0m15:59:50.854344 [debug] [Thread-1 (]: On snapshot.tiki_gold.dim_product_snapshot: /* {"app": "dbt", "dbt_version": "1.12.3", "profile_name": "tiki", "target_name": "dev", "node_id": "snapshot.tiki_gold.dim_product_snapshot"} */
select * from (
        select now()::timestamp without time zone as dbt_snapshot_time
    ) as __dbt_sbq
    where false
    limit 0

[0m15:59:50.855688 [debug] [Thread-1 (]: SQL status: SELECT 0 in 0.001 seconds
[0m15:59:50.856811 [debug] [Thread-1 (]: Writing runtime sql for node "snapshot.tiki_gold.dim_product_snapshot"
[0m15:59:50.858283 [debug] [Thread-1 (]: Using postgres connection "snapshot.tiki_gold.dim_product_snapshot"
[0m15:59:50.858825 [debug] [Thread-1 (]: On snapshot.tiki_gold.dim_product_snapshot: /* {"app": "dbt", "dbt_version": "1.12.3", "profile_name": "tiki", "target_name": "dev", "node_id": "snapshot.tiki_gold.dim_product_snapshot"} */

      update "tiki"."gold"."dim_product_snapshot"
    set dbt_valid_to = DBT_INTERNAL_SOURCE.dbt_valid_to
    from "dim_product_snapshot__dbt_tmp155949359590" as DBT_INTERNAL_SOURCE
    where DBT_INTERNAL_SOURCE.dbt_scd_id::text = "tiki"."gold"."dim_product_snapshot".dbt_scd_id::text
      and DBT_INTERNAL_SOURCE.dbt_change_type::text in ('update'::text, 'delete'::text)
      
        and "tiki"."gold"."dim_product_snapshot".dbt_valid_to is null;
      


    insert into "tiki"."gold"."dim_product_snapshot" ("product_id", "sku", "name", "url_key", "url", "brand_id", "brand_name", "seller_id", "seller_name", "category_id", "category_name", "is_authentic", "thumbnail_url", "dbt_updated_at", "dbt_valid_from", "dbt_valid_to", "dbt_scd_id")
    select DBT_INTERNAL_SOURCE."product_id",DBT_INTERNAL_SOURCE."sku",DBT_INTERNAL_SOURCE."name",DBT_INTERNAL_SOURCE."url_key",DBT_INTERNAL_SOURCE."url",DBT_INTERNAL_SOURCE."brand_id",DBT_INTERNAL_SOURCE."brand_name",DBT_INTERNAL_SOURCE."seller_id",DBT_INTERNAL_SOURCE."seller_name",DBT_INTERNAL_SOURCE."category_id",DBT_INTERNAL_SOURCE."category_name",DBT_INTERNAL_SOURCE."is_authentic",DBT_INTERNAL_SOURCE."thumbnail_url",DBT_INTERNAL_SOURCE."dbt_updated_at",DBT_INTERNAL_SOURCE."dbt_valid_from",DBT_INTERNAL_SOURCE."dbt_valid_to",DBT_INTERNAL_SOURCE."dbt_scd_id"
    from "dim_product_snapshot__dbt_tmp155949359590" as DBT_INTERNAL_SOURCE
    where DBT_INTERNAL_SOURCE.dbt_change_type::text = 'insert'::text;

  
[0m15:59:50.948027 [debug] [Thread-1 (]: SQL status: INSERT 0 330 in 0.088 seconds
[0m15:59:50.972415 [debug] [Thread-1 (]: On snapshot.tiki_gold.dim_product_snapshot: COMMIT
[0m15:59:50.973302 [debug] [Thread-1 (]: Using postgres connection "snapshot.tiki_gold.dim_product_snapshot"
[0m15:59:50.973828 [debug] [Thread-1 (]: On snapshot.tiki_gold.dim_product_snapshot: COMMIT
[0m15:59:50.989724 [debug] [Thread-1 (]: SQL status: COMMIT in 0.015 seconds
[0m15:59:50.997862 [debug] [Thread-1 (]: On snapshot.tiki_gold.dim_product_snapshot: Close
[0m15:59:51.003184 [debug] [Thread-1 (]: Sending event: {'category': 'dbt', 'action': 'run_model', 'label': '2f3a3f46-027c-4635-88d8-4b081470357a', 'context': [<snowplow_tracker.self_describing_json.SelfDescribingJson object at 0x76c22676c980>]}
[0m15:59:51.005588 [info ] [Thread-1 (]: 1 of 1 OK snapshotted gold.dim_product_snapshot ................................ [[32mINSERT 0 330[0m in 1.87s]
[0m15:59:51.007422 [debug] [Thread-1 (]: Finished running node snapshot.tiki_gold.dim_product_snapshot
[0m15:59:51.012064 [debug] [MainThread]: On master: COMMIT
[0m15:59:51.012760 [debug] [MainThread]: Using postgres connection "master"
[0m15:59:51.013249 [debug] [MainThread]: On master: COMMIT
[0m15:59:51.013652 [debug] [MainThread]: Opening a new connection, currently in state closed
[0m15:59:51.029904 [debug] [MainThread]: SQL status: COMMIT in 0.016 seconds
[0m15:59:51.030605 [debug] [MainThread]: On master: Close
[0m15:59:51.031524 [debug] [MainThread]: Connection 'master' was properly closed.
[0m15:59:51.032073 [debug] [MainThread]: Connection 'snapshot.tiki_gold.dim_product_snapshot' was properly closed.
[0m15:59:51.032598 [debug] [MainThread]: Connection 'list_tiki_staging' was properly closed.
[0m15:59:51.033099 [info ] [MainThread]: 
[0m15:59:51.033697 [info ] [MainThread]: Finished running 1 snapshot in 0 hours 0 minutes and 2.21 seconds (2.21s).
[0m15:59:51.036182 [debug] [MainThread]: Command end result
[0m15:59:51.083991 [debug] [MainThread]: Wrote artifact WritableManifest to /home/hai/tiki-crawl/dbt/target/manifest.json
[0m15:59:51.089611 [debug] [MainThread]: Wrote artifact SemanticManifest to /home/hai/tiki-crawl/dbt/target/semantic_manifest.json
[0m15:59:51.094337 [debug] [MainThread]: Wrote artifact OsiDocument to /home/hai/tiki-crawl/dbt/target/osi_document.json
[0m15:59:51.105989 [debug] [MainThread]: Wrote artifact RunExecutionResult to /home/hai/tiki-crawl/dbt/target/run_results.json
[0m15:59:51.106618 [info ] [MainThread]: 
[0m15:59:51.107466 [info ] [MainThread]: [32mCompleted successfully[0m
[0m15:59:51.108207 [info ] [MainThread]: 
[0m15:59:51.108940 [info ] [MainThread]: Done. PASS=1 WARN=0 ERROR=0 SKIP=0 NO-OP=0 REUSED=0 TOTAL=1
[0m15:59:51.111709 [debug] [MainThread]: Resource report: {"command_name": "snapshot", "command_success": true, "command_wall_clock_time": 3.781745, "process_in_blocks": "80464", "process_kernel_time": 0.872448, "process_mem_max_rss": "136220", "process_out_blocks": "3312", "process_user_time": 3.221348}
[0m15:59:51.112669 [debug] [MainThread]: Command `dbt snapshot` succeeded at 15:59:51.112389 after 3.78 seconds
[0m15:59:51.113422 [debug] [MainThread]: Sending event: {'category': 'dbt', 'action': 'invocation', 'label': 'end', 'context': [<snowplow_tracker.self_describing_json.SelfDescribingJson object at 0x76c2235db0b0>, <snowplow_tracker.self_describing_json.SelfDescribingJson object at 0x76c2217e49b0>, <snowplow_tracker.self_describing_json.SelfDescribingJson object at 0x76c2217e4c50>]}
[0m15:59:51.113977 [debug] [MainThread]: Flushing usage events
[0m15:59:52.371953 [debug] [MainThread]: An error was encountered while trying to flush usage events
[0m16:01:23.312921 [debug] [MainThread]: Sending event: {'category': 'dbt', 'action': 'invocation', 'label': 'start', 'context': [<snowplow_tracker.self_describing_json.SelfDescribingJson object at 0x71cabe4d8410>, <snowplow_tracker.self_describing_json.SelfDescribingJson object at 0x71cabe505580>, <snowplow_tracker.self_describing_json.SelfDescribingJson object at 0x71cabe5f1b20>]}


============================== 16:01:23.317146 | f6a6b38d-c178-4602-8460-15b6a98453c2 ==============================
[0m16:01:23.317146 [info ] [MainThread]: Running with dbt=1.12.3
[0m16:01:23.317793 [debug] [MainThread]: running dbt with arguments {'log_path': '/home/hai/tiki-crawl/dbt/logs', 'log_format': 'default', 'introspect': 'True', 'empty': 'False', 'invocation_command': 'dbt snapshot --profiles-dir .', 'no_print': 'None', 'use_colors': 'True', 'use_experimental_parser': 'False', 'warn_error': 'None', 'write_json': 'True', 'hints_enabled': 'True', 'indirect_selection': 'eager', 'partial_parse': 'True', 'warn_error_options': 'WarnErrorOptionsV2(error=[], warn=[], silence=[])', 'log_cache_events': 'False', 'fail_fast': 'False', 'profiles_dir': '.', 'target_path': 'None', 'maximum_seed_size_mib': '1', 'static_parser': 'True', 'printer_width': '80', 'quiet': 'False', 'cache_selected_only': 'False', 'send_anonymous_usage_stats': 'True', 'debug': 'False', 'version_check': 'True'}
[0m16:01:23.528969 [debug] [MainThread]: Sending event: {'category': 'dbt', 'action': 'project_id', 'label': 'f6a6b38d-c178-4602-8460-15b6a98453c2', 'context': [<snowplow_tracker.self_describing_json.SelfDescribingJson object at 0x71cabd102ed0>]}
[0m16:01:23.608461 [debug] [MainThread]: Sending event: {'category': 'dbt', 'action': 'adapter_info', 'label': 'f6a6b38d-c178-4602-8460-15b6a98453c2', 'context': [<snowplow_tracker.self_describing_json.SelfDescribingJson object at 0x71cabd24ae40>]}
[0m16:01:23.609840 [info ] [MainThread]: Registered adapter: postgres=1.11.0
[0m16:01:23.727902 [debug] [MainThread]: checksum: b11284278684f540b15704c99909c8df3c16bdaf6844ccd0ae0d76372c1b52b6, vars: {}, profile: tiki, target: dev, version: 1.12.3
[0m16:01:23.895627 [debug] [MainThread]: Partial parsing enabled: 0 files deleted, 0 files added, 1 files changed.
[0m16:01:23.896673 [debug] [MainThread]: Partial parsing: updated file: tiki_gold://snapshots/dim_product_snapshot.sql
[0m16:01:24.244351 [debug] [MainThread]: Sending event: {'category': 'dbt', 'action': 'load_project', 'label': 'f6a6b38d-c178-4602-8460-15b6a98453c2', 'context': [<snowplow_tracker.self_describing_json.SelfDescribingJson object at 0x71cabafe0740>]}
[0m16:01:24.452415 [debug] [MainThread]: Wrote artifact WritableManifest to /home/hai/tiki-crawl/dbt/target/manifest.json
[0m16:01:24.455444 [debug] [MainThread]: Wrote artifact SemanticManifest to /home/hai/tiki-crawl/dbt/target/semantic_manifest.json
[0m16:01:24.471701 [debug] [MainThread]: Wrote artifact OsiDocument to /home/hai/tiki-crawl/dbt/target/osi_document.json
[0m16:01:24.481388 [debug] [MainThread]: Sending event: {'category': 'dbt', 'action': 'resource_counts', 'label': 'f6a6b38d-c178-4602-8460-15b6a98453c2', 'context': [<snowplow_tracker.self_describing_json.SelfDescribingJson object at 0x71cabc3666c0>]}
[0m16:01:24.481916 [info ] [MainThread]: Found 2 models, 1 snapshot, 1 source, 478 macros
[0m16:01:24.482639 [debug] [MainThread]: Sending event: {'category': 'dbt', 'action': 'runnable_timing', 'label': 'f6a6b38d-c178-4602-8460-15b6a98453c2', 'context': [<snowplow_tracker.self_describing_json.SelfDescribingJson object at 0x71cabaf2c860>]}
[0m16:01:24.484784 [info ] [MainThread]: 
[0m16:01:24.485336 [info ] [MainThread]: Concurrency: 4 threads (target='dev')
[0m16:01:24.485893 [info ] [MainThread]: 
[0m16:01:24.486633 [debug] [MainThread]: Acquiring new postgres connection 'master'
[0m16:01:24.488244 [debug] [ThreadPool]: Acquiring new postgres connection 'list_tiki'
[0m16:01:24.539758 [debug] [ThreadPool]: Using postgres connection "list_tiki"
[0m16:01:24.540347 [debug] [ThreadPool]: On list_tiki: /* {"app": "dbt", "dbt_version": "1.12.3", "profile_name": "tiki", "target_name": "dev", "connection_name": "list_tiki"} */

    select distinct nspname from pg_namespace
  
[0m16:01:24.541067 [debug] [ThreadPool]: Opening a new connection, currently in state init
[0m16:01:24.561979 [debug] [ThreadPool]: SQL status: SELECT 9 in 0.021 seconds
[0m16:01:24.563648 [debug] [ThreadPool]: On list_tiki: Close
[0m16:01:24.569730 [debug] [ThreadPool]: Re-using an available connection from the pool (formerly list_tiki, now list_tiki_gold)
[0m16:01:24.570669 [debug] [ThreadPool]: Acquiring new postgres connection 'list_tiki_staging'
[0m16:01:24.577771 [debug] [ThreadPool]: Using postgres connection "list_tiki_gold"
[0m16:01:24.579240 [debug] [ThreadPool]: Using postgres connection "list_tiki_staging"
[0m16:01:24.579755 [debug] [ThreadPool]: On list_tiki_gold: /* {"app": "dbt", "dbt_version": "1.12.3", "profile_name": "tiki", "target_name": "dev", "connection_name": "list_tiki_gold"} */
select
      'tiki' as database,
      tablename as name,
      schemaname as schema,
      'table' as type
    from pg_tables
    where schemaname ilike 'gold'
    union all
    select
      'tiki' as database,
      viewname as name,
      schemaname as schema,
      'view' as type
    from pg_views
    where schemaname ilike 'gold'
    union all
    select
      'tiki' as database,
      matviewname as name,
      schemaname as schema,
      'materialized_view' as type
    from pg_matviews
    where schemaname ilike 'gold'
    union all
    select distinct
     'tiki' as database,
     proname as name,
     ns.nspname as schema,
     'function' as type
    from pg_proc
     join pg_namespace as ns on pronamespace = ns.oid
    where ns.nspname ilike 'gold'
  
[0m16:01:24.580361 [debug] [ThreadPool]: On list_tiki_staging: /* {"app": "dbt", "dbt_version": "1.12.3", "profile_name": "tiki", "target_name": "dev", "connection_name": "list_tiki_staging"} */
select
      'tiki' as database,
      tablename as name,
      schemaname as schema,
      'table' as type
    from pg_tables
    where schemaname ilike 'staging'
    union all
    select
      'tiki' as database,
      viewname as name,
      schemaname as schema,
      'view' as type
    from pg_views
    where schemaname ilike 'staging'
    union all
    select
      'tiki' as database,
      matviewname as name,
      schemaname as schema,
      'materialized_view' as type
    from pg_matviews
    where schemaname ilike 'staging'
    union all
    select distinct
     'tiki' as database,
     proname as name,
     ns.nspname as schema,
     'function' as type
    from pg_proc
     join pg_namespace as ns on pronamespace = ns.oid
    where ns.nspname ilike 'staging'
  
[0m16:01:24.580944 [debug] [ThreadPool]: Opening a new connection, currently in state closed
[0m16:01:24.581411 [debug] [ThreadPool]: Opening a new connection, currently in state init
[0m16:01:24.604677 [debug] [ThreadPool]: SQL status: SELECT 1 in 0.024 seconds
[0m16:01:24.605403 [debug] [ThreadPool]: SQL status: SELECT 1 in 0.024 seconds
[0m16:01:24.606910 [debug] [ThreadPool]: On list_tiki_gold: ROLLBACK
[0m16:01:24.608413 [debug] [ThreadPool]: On list_tiki_staging: ROLLBACK
[0m16:01:24.609714 [debug] [ThreadPool]: On list_tiki_gold: Close
[0m16:01:24.610485 [debug] [ThreadPool]: On list_tiki_staging: Close
[0m16:01:24.617210 [debug] [MainThread]: Using postgres connection "master"
[0m16:01:24.617834 [debug] [MainThread]: On master: /* {"app": "dbt", "dbt_version": "1.12.3", "profile_name": "tiki", "target_name": "dev", "connection_name": "master"} */
select distinct
        dependent_namespace.nspname as dependent_schema,
        dependent_class.relname as dependent_name,
        referenced_namespace.nspname as referenced_schema,
        referenced_class.relname as referenced_name

    -- Query for views: views are entries in pg_class with an entry in pg_rewrite, but we avoid
    -- a seq scan on pg_rewrite by leveraging the fact there is an "internal" row in pg_depend for
    -- the view...
    from pg_class as dependent_class
    join pg_namespace as dependent_namespace on dependent_namespace.oid = dependent_class.relnamespace
    join pg_depend as dependent_depend on dependent_depend.refobjid = dependent_class.oid
        and dependent_depend.classid = 'pg_rewrite'::regclass
        and dependent_depend.refclassid = 'pg_class'::regclass
        and dependent_depend.deptype = 'i'

    -- ... and via pg_depend (that has a row per column, hence the need for "distinct" above, and
    -- making sure to exclude the internal row to avoid a view appearing to depend on itself)...
    join pg_depend as joining_depend on joining_depend.objid = dependent_depend.objid
        and joining_depend.classid = 'pg_rewrite'::regclass
        and joining_depend.refclassid = 'pg_class'::regclass
        and joining_depend.refobjid != dependent_depend.refobjid

    -- ... we can find the tables they query from in pg_class, but excluding system tables. Note we
    -- don't need need to exclude _dependent_ system tables, because they only query from other
    -- system tables, and so are automatically excluded by excluding _referenced_ system tables
    join pg_class as referenced_class on referenced_class.oid = joining_depend.refobjid
    join pg_namespace as referenced_namespace on referenced_namespace.oid = referenced_class.relnamespace
        and referenced_namespace.nspname != 'information_schema'
        and referenced_namespace.nspname not like 'pg\_%'

    order by
        dependent_schema, dependent_name, referenced_schema, referenced_name;
[0m16:01:24.618304 [debug] [MainThread]: Opening a new connection, currently in state init
[0m16:01:24.636843 [debug] [MainThread]: SQL status: SELECT 1 in 0.018 seconds
[0m16:01:24.638308 [debug] [MainThread]: Sending event: {'category': 'dbt', 'action': 'runnable_timing', 'label': 'f6a6b38d-c178-4602-8460-15b6a98453c2', 'context': [<snowplow_tracker.self_describing_json.SelfDescribingJson object at 0x71cabc734c80>]}
[0m16:01:24.638858 [debug] [MainThread]: On master: ROLLBACK
[0m16:01:24.639757 [debug] [MainThread]: On master: COMMIT
[0m16:01:24.640323 [debug] [MainThread]: Using postgres connection "master"
[0m16:01:24.640873 [debug] [MainThread]: On master: COMMIT
[0m16:01:24.642039 [debug] [MainThread]: SQL status: COMMIT in 0.001 seconds
[0m16:01:24.642477 [debug] [MainThread]: On master: Close
[0m16:01:24.647234 [debug] [Thread-1 (]: Began running node snapshot.tiki_gold.dim_product_snapshot
[0m16:01:24.647948 [info ] [Thread-1 (]: 1 of 1 START snapshot gold.dim_product_snapshot ................................ [RUN]
[0m16:01:24.648638 [debug] [Thread-1 (]: Re-using an available connection from the pool (formerly list_tiki_staging, now snapshot.tiki_gold.dim_product_snapshot)
[0m16:01:24.649103 [debug] [Thread-1 (]: Began compiling node snapshot.tiki_gold.dim_product_snapshot
[0m16:01:24.657633 [debug] [Thread-1 (]: Writing injected SQL for node "snapshot.tiki_gold.dim_product_snapshot"
[0m16:01:24.658630 [debug] [Thread-1 (]: Began executing node snapshot.tiki_gold.dim_product_snapshot
[0m16:01:24.745275 [debug] [Thread-1 (]: Using postgres connection "snapshot.tiki_gold.dim_product_snapshot"
[0m16:01:24.746102 [debug] [Thread-1 (]: On snapshot.tiki_gold.dim_product_snapshot: /* {"app": "dbt", "dbt_version": "1.12.3", "profile_name": "tiki", "target_name": "dev", "node_id": "snapshot.tiki_gold.dim_product_snapshot"} */
select * from (
        
    

    select *,
        md5(coalesce(cast(product_id as varchar ), '')
         || '|' || coalesce(cast(now()::timestamp without time zone as varchar ), '')
        ) as dbt_scd_id,
        now()::timestamp without time zone as dbt_updated_at,
        now()::timestamp without time zone as dbt_valid_from,
        
  
  coalesce(nullif(now()::timestamp without time zone, now()::timestamp without time zone), null)
  as dbt_valid_to
from (
        



-- Moi lan snapshot chay: lay ban ghi MOI NHAT cua tung product_id trong lan
-- crawl vua nap (co the co nhieu dong trung product_id do trung category).
--
-- Tie-break bang category_slug (khong chi crawled_at): 1 san pham co the
-- xuat hien o 2 category CUNG luc, CUNG crawled_at (vd sach nam ca trong
-- "nha-sach-tiki" va "sach-tieng-viet") - neu khong co tie-break on dinh,
-- Postgres chon dong nao trong 2 dong tie la KHONG XAC DINH, khien
-- category_id doi qua doi lai giua cac lan chay va lam SCD2 tuong nham
-- la san pham doi category that (da gap bug nay that khi test lai).
select distinct on (product_id)
    product_id,
    sku,
    name,
    url_key,
    url,
    brand_id,
    brand_name,
    seller_id,
    seller_name,
    category_id,
    category_name,
    is_authentic,
    thumbnail_url
from "tiki"."staging"."stg_listings"
order by product_id, crawled_at desc, category_slug

    ) sbq



    ) as __dbt_sbq
    where false
    limit 0

[0m16:01:24.746636 [debug] [Thread-1 (]: Opening a new connection, currently in state closed
[0m16:01:24.762854 [debug] [Thread-1 (]: SQL status: SELECT 0 in 0.016 seconds
[0m16:01:24.767455 [debug] [Thread-1 (]: Using postgres connection "snapshot.tiki_gold.dim_product_snapshot"
[0m16:01:24.767990 [debug] [Thread-1 (]: On snapshot.tiki_gold.dim_product_snapshot: /* {"app": "dbt", "dbt_version": "1.12.3", "profile_name": "tiki", "target_name": "dev", "node_id": "snapshot.tiki_gold.dim_product_snapshot"} */
select * from (
        select now()::timestamp without time zone as dbt_snapshot_time
    ) as __dbt_sbq
    where false
    limit 0

[0m16:01:24.769372 [debug] [Thread-1 (]: SQL status: SELECT 0 in 0.001 seconds
[0m16:01:24.770290 [debug] [Thread-1 (]: Writing runtime sql for node "snapshot.tiki_gold.dim_product_snapshot"
[0m16:01:24.771250 [debug] [Thread-1 (]: Using postgres connection "snapshot.tiki_gold.dim_product_snapshot"
[0m16:01:24.771908 [debug] [Thread-1 (]: On snapshot.tiki_gold.dim_product_snapshot: /* {"app": "dbt", "dbt_version": "1.12.3", "profile_name": "tiki", "target_name": "dev", "node_id": "snapshot.tiki_gold.dim_product_snapshot"} */

      
  
    

  create  table "tiki"."gold"."dim_product_snapshot"
  
  
    as
  
  (
    
    

    select *,
        md5(coalesce(cast(product_id as varchar ), '')
         || '|' || coalesce(cast(now()::timestamp without time zone as varchar ), '')
        ) as dbt_scd_id,
        now()::timestamp without time zone as dbt_updated_at,
        now()::timestamp without time zone as dbt_valid_from,
        
  
  coalesce(nullif(now()::timestamp without time zone, now()::timestamp without time zone), null)
  as dbt_valid_to
from (
        



-- Moi lan snapshot chay: lay ban ghi MOI NHAT cua tung product_id trong lan
-- crawl vua nap (co the co nhieu dong trung product_id do trung category).
--
-- Tie-break bang category_slug (khong chi crawled_at): 1 san pham co the
-- xuat hien o 2 category CUNG luc, CUNG crawled_at (vd sach nam ca trong
-- "nha-sach-tiki" va "sach-tieng-viet") - neu khong co tie-break on dinh,
-- Postgres chon dong nao trong 2 dong tie la KHONG XAC DINH, khien
-- category_id doi qua doi lai giua cac lan chay va lam SCD2 tuong nham
-- la san pham doi category that (da gap bug nay that khi test lai).
select distinct on (product_id)
    product_id,
    sku,
    name,
    url_key,
    url,
    brand_id,
    brand_name,
    seller_id,
    seller_name,
    category_id,
    category_name,
    is_authentic,
    thumbnail_url
from "tiki"."staging"."stg_listings"
order by product_id, crawled_at desc, category_slug

    ) sbq



  );
  
  
[0m16:01:25.197455 [debug] [Thread-1 (]: SQL status: SELECT 19875 in 0.424 seconds
[0m16:01:25.220846 [debug] [Thread-1 (]: On snapshot.tiki_gold.dim_product_snapshot: COMMIT
[0m16:01:25.221458 [debug] [Thread-1 (]: Using postgres connection "snapshot.tiki_gold.dim_product_snapshot"
[0m16:01:25.221918 [debug] [Thread-1 (]: On snapshot.tiki_gold.dim_product_snapshot: COMMIT
[0m16:01:25.240919 [debug] [Thread-1 (]: SQL status: COMMIT in 0.018 seconds
[0m16:01:25.243366 [debug] [Thread-1 (]: On snapshot.tiki_gold.dim_product_snapshot: Close
[0m16:01:25.245283 [debug] [Thread-1 (]: Sending event: {'category': 'dbt', 'action': 'run_model', 'label': 'f6a6b38d-c178-4602-8460-15b6a98453c2', 'context': [<snowplow_tracker.self_describing_json.SelfDescribingJson object at 0x71cac03a05f0>]}
[0m16:01:25.246438 [info ] [Thread-1 (]: 1 of 1 OK snapshotted gold.dim_product_snapshot ................................ [[32mSELECT 19875[0m in 0.60s]
[0m16:01:25.247522 [debug] [Thread-1 (]: Finished running node snapshot.tiki_gold.dim_product_snapshot
[0m16:01:25.250301 [debug] [MainThread]: On master: COMMIT
[0m16:01:25.250860 [debug] [MainThread]: Using postgres connection "master"
[0m16:01:25.251340 [debug] [MainThread]: On master: COMMIT
[0m16:01:25.251823 [debug] [MainThread]: Opening a new connection, currently in state closed
[0m16:01:25.263591 [debug] [MainThread]: SQL status: COMMIT in 0.012 seconds
[0m16:01:25.264308 [debug] [MainThread]: On master: Close
[0m16:01:25.265149 [debug] [MainThread]: Connection 'master' was properly closed.
[0m16:01:25.265536 [debug] [MainThread]: Connection 'list_tiki_gold' was properly closed.
[0m16:01:25.265984 [debug] [MainThread]: Connection 'snapshot.tiki_gold.dim_product_snapshot' was properly closed.
[0m16:01:25.266386 [info ] [MainThread]: 
[0m16:01:25.266841 [info ] [MainThread]: Finished running 1 snapshot in 0 hours 0 minutes and 0.78 seconds (0.78s).
[0m16:01:25.267691 [debug] [MainThread]: Command end result
[0m16:01:25.305934 [debug] [MainThread]: Wrote artifact WritableManifest to /home/hai/tiki-crawl/dbt/target/manifest.json
[0m16:01:25.308831 [debug] [MainThread]: Wrote artifact SemanticManifest to /home/hai/tiki-crawl/dbt/target/semantic_manifest.json
[0m16:01:25.311910 [debug] [MainThread]: Wrote artifact OsiDocument to /home/hai/tiki-crawl/dbt/target/osi_document.json
[0m16:01:25.319551 [debug] [MainThread]: Wrote artifact RunExecutionResult to /home/hai/tiki-crawl/dbt/target/run_results.json
[0m16:01:25.320201 [info ] [MainThread]: 
[0m16:01:25.320879 [info ] [MainThread]: [32mCompleted successfully[0m
[0m16:01:25.321324 [info ] [MainThread]: 
[0m16:01:25.321780 [info ] [MainThread]: Done. PASS=1 WARN=0 ERROR=0 SKIP=0 NO-OP=0 REUSED=0 TOTAL=1
[0m16:01:25.323070 [debug] [MainThread]: Resource report: {"command_name": "snapshot", "command_success": true, "command_wall_clock_time": 2.1016598, "process_in_blocks": "0", "process_kernel_time": 0.521571, "process_mem_max_rss": "135904", "process_out_blocks": "3288", "process_user_time": 3.114837}
[0m16:01:25.323627 [debug] [MainThread]: Command `dbt snapshot` succeeded at 16:01:25.323516 after 2.10 seconds
[0m16:01:25.324088 [debug] [MainThread]: Sending event: {'category': 'dbt', 'action': 'invocation', 'label': 'end', 'context': [<snowplow_tracker.self_describing_json.SelfDescribingJson object at 0x71cabd462330>, <snowplow_tracker.self_describing_json.SelfDescribingJson object at 0x71cabe236e70>, <snowplow_tracker.self_describing_json.SelfDescribingJson object at 0x71cac1f47680>]}
[0m16:01:25.324578 [debug] [MainThread]: Flushing usage events
[0m16:01:26.534992 [debug] [MainThread]: An error was encountered while trying to flush usage events
[0m16:01:29.031469 [debug] [MainThread]: Sending event: {'category': 'dbt', 'action': 'invocation', 'label': 'start', 'context': [<snowplow_tracker.self_describing_json.SelfDescribingJson object at 0x7f5ca58b3f20>, <snowplow_tracker.self_describing_json.SelfDescribingJson object at 0x7f5ca794c5f0>, <snowplow_tracker.self_describing_json.SelfDescribingJson object at 0x7f5ca626e7e0>]}


============================== 16:01:29.035052 | 8bff52f9-c26b-495a-b4d2-4ba663bb8172 ==============================
[0m16:01:29.035052 [info ] [MainThread]: Running with dbt=1.12.3
[0m16:01:29.035692 [debug] [MainThread]: running dbt with arguments {'write_json': 'True', 'cache_selected_only': 'False', 'log_path': '/home/hai/tiki-crawl/dbt/logs', 'profiles_dir': '.', 'indirect_selection': 'eager', 'partial_parse': 'True', 'log_cache_events': 'False', 'printer_width': '80', 'version_check': 'True', 'no_print': 'None', 'use_experimental_parser': 'False', 'warn_error': 'None', 'static_parser': 'True', 'hints_enabled': 'True', 'send_anonymous_usage_stats': 'True', 'empty': 'False', 'quiet': 'False', 'target_path': 'None', 'log_format': 'default', 'fail_fast': 'False', 'maximum_seed_size_mib': '1', 'use_colors': 'True', 'debug': 'False', 'introspect': 'True', 'warn_error_options': 'WarnErrorOptionsV2(error=[], warn=[], silence=[])', 'invocation_command': 'dbt snapshot --profiles-dir .'}
[0m16:01:29.238613 [debug] [MainThread]: Sending event: {'category': 'dbt', 'action': 'project_id', 'label': '8bff52f9-c26b-495a-b4d2-4ba663bb8172', 'context': [<snowplow_tracker.self_describing_json.SelfDescribingJson object at 0x7f5ca429d550>]}
[0m16:01:29.320042 [debug] [MainThread]: Sending event: {'category': 'dbt', 'action': 'adapter_info', 'label': '8bff52f9-c26b-495a-b4d2-4ba663bb8172', 'context': [<snowplow_tracker.self_describing_json.SelfDescribingJson object at 0x7f5ca5402840>]}
[0m16:01:29.321232 [info ] [MainThread]: Registered adapter: postgres=1.11.0
[0m16:01:29.432583 [debug] [MainThread]: checksum: b11284278684f540b15704c99909c8df3c16bdaf6844ccd0ae0d76372c1b52b6, vars: {}, profile: tiki, target: dev, version: 1.12.3
[0m16:01:29.587763 [debug] [MainThread]: Partial parsing enabled: 0 files deleted, 0 files added, 0 files changed.
[0m16:01:29.588283 [debug] [MainThread]: Nothing changed, skipping partial parsing.
[0m16:01:29.588918 [debug] [MainThread]: Partial parsing enabled, no changes found, skipping parsing
[0m16:01:29.599266 [debug] [MainThread]: Sending event: {'category': 'dbt', 'action': 'load_project', 'label': '8bff52f9-c26b-495a-b4d2-4ba663bb8172', 'context': [<snowplow_tracker.self_describing_json.SelfDescribingJson object at 0x7f5ca3711430>]}
[0m16:01:29.767200 [debug] [MainThread]: Wrote artifact WritableManifest to /home/hai/tiki-crawl/dbt/target/manifest.json
[0m16:01:29.770310 [debug] [MainThread]: Wrote artifact SemanticManifest to /home/hai/tiki-crawl/dbt/target/semantic_manifest.json
[0m16:01:29.785764 [debug] [MainThread]: Wrote artifact OsiDocument to /home/hai/tiki-crawl/dbt/target/osi_document.json
[0m16:01:29.796044 [debug] [MainThread]: Sending event: {'category': 'dbt', 'action': 'resource_counts', 'label': '8bff52f9-c26b-495a-b4d2-4ba663bb8172', 'context': [<snowplow_tracker.self_describing_json.SelfDescribingJson object at 0x7f5ca335aea0>]}
[0m16:01:29.796694 [info ] [MainThread]: Found 2 models, 1 snapshot, 1 source, 478 macros
[0m16:01:29.797142 [debug] [MainThread]: Sending event: {'category': 'dbt', 'action': 'runnable_timing', 'label': '8bff52f9-c26b-495a-b4d2-4ba663bb8172', 'context': [<snowplow_tracker.self_describing_json.SelfDescribingJson object at 0x7f5ca3338bc0>]}
[0m16:01:29.799147 [info ] [MainThread]: 
[0m16:01:29.799601 [info ] [MainThread]: Concurrency: 4 threads (target='dev')
[0m16:01:29.800007 [info ] [MainThread]: 
[0m16:01:29.800725 [debug] [MainThread]: Acquiring new postgres connection 'master'
[0m16:01:29.802215 [debug] [ThreadPool]: Acquiring new postgres connection 'list_tiki'
[0m16:01:29.845658 [debug] [ThreadPool]: Using postgres connection "list_tiki"
[0m16:01:29.846271 [debug] [ThreadPool]: On list_tiki: /* {"app": "dbt", "dbt_version": "1.12.3", "profile_name": "tiki", "target_name": "dev", "connection_name": "list_tiki"} */

    select distinct nspname from pg_namespace
  
[0m16:01:29.846668 [debug] [ThreadPool]: Opening a new connection, currently in state init
[0m16:01:29.864154 [debug] [ThreadPool]: SQL status: SELECT 9 in 0.017 seconds
[0m16:01:29.866373 [debug] [ThreadPool]: On list_tiki: Close
[0m16:01:29.871879 [debug] [ThreadPool]: Re-using an available connection from the pool (formerly list_tiki, now list_tiki_staging)
[0m16:01:29.878845 [debug] [ThreadPool]: Acquiring new postgres connection 'list_tiki_gold'
[0m16:01:29.880481 [debug] [ThreadPool]: Using postgres connection "list_tiki_staging"
[0m16:01:29.881710 [debug] [ThreadPool]: Using postgres connection "list_tiki_gold"
[0m16:01:29.882412 [debug] [ThreadPool]: On list_tiki_staging: /* {"app": "dbt", "dbt_version": "1.12.3", "profile_name": "tiki", "target_name": "dev", "connection_name": "list_tiki_staging"} */
select
      'tiki' as database,
      tablename as name,
      schemaname as schema,
      'table' as type
    from pg_tables
    where schemaname ilike 'staging'
    union all
    select
      'tiki' as database,
      viewname as name,
      schemaname as schema,
      'view' as type
    from pg_views
    where schemaname ilike 'staging'
    union all
    select
      'tiki' as database,
      matviewname as name,
      schemaname as schema,
      'materialized_view' as type
    from pg_matviews
    where schemaname ilike 'staging'
    union all
    select distinct
     'tiki' as database,
     proname as name,
     ns.nspname as schema,
     'function' as type
    from pg_proc
     join pg_namespace as ns on pronamespace = ns.oid
    where ns.nspname ilike 'staging'
  
[0m16:01:29.883257 [debug] [ThreadPool]: On list_tiki_gold: /* {"app": "dbt", "dbt_version": "1.12.3", "profile_name": "tiki", "target_name": "dev", "connection_name": "list_tiki_gold"} */
select
      'tiki' as database,
      tablename as name,
      schemaname as schema,
      'table' as type
    from pg_tables
    where schemaname ilike 'gold'
    union all
    select
      'tiki' as database,
      viewname as name,
      schemaname as schema,
      'view' as type
    from pg_views
    where schemaname ilike 'gold'
    union all
    select
      'tiki' as database,
      matviewname as name,
      schemaname as schema,
      'materialized_view' as type
    from pg_matviews
    where schemaname ilike 'gold'
    union all
    select distinct
     'tiki' as database,
     proname as name,
     ns.nspname as schema,
     'function' as type
    from pg_proc
     join pg_namespace as ns on pronamespace = ns.oid
    where ns.nspname ilike 'gold'
  
[0m16:01:29.883961 [debug] [ThreadPool]: Opening a new connection, currently in state closed
[0m16:01:29.884505 [debug] [ThreadPool]: Opening a new connection, currently in state init
[0m16:01:29.902666 [debug] [ThreadPool]: SQL status: SELECT 1 in 0.019 seconds
[0m16:01:29.903380 [debug] [ThreadPool]: SQL status: SELECT 2 in 0.019 seconds
[0m16:01:29.904934 [debug] [ThreadPool]: On list_tiki_staging: ROLLBACK
[0m16:01:29.906729 [debug] [ThreadPool]: On list_tiki_gold: ROLLBACK
[0m16:01:29.907726 [debug] [ThreadPool]: On list_tiki_staging: Close
[0m16:01:29.908192 [debug] [ThreadPool]: On list_tiki_gold: Close
[0m16:01:29.914794 [debug] [MainThread]: Using postgres connection "master"
[0m16:01:29.915383 [debug] [MainThread]: On master: /* {"app": "dbt", "dbt_version": "1.12.3", "profile_name": "tiki", "target_name": "dev", "connection_name": "master"} */
select distinct
        dependent_namespace.nspname as dependent_schema,
        dependent_class.relname as dependent_name,
        referenced_namespace.nspname as referenced_schema,
        referenced_class.relname as referenced_name

    -- Query for views: views are entries in pg_class with an entry in pg_rewrite, but we avoid
    -- a seq scan on pg_rewrite by leveraging the fact there is an "internal" row in pg_depend for
    -- the view...
    from pg_class as dependent_class
    join pg_namespace as dependent_namespace on dependent_namespace.oid = dependent_class.relnamespace
    join pg_depend as dependent_depend on dependent_depend.refobjid = dependent_class.oid
        and dependent_depend.classid = 'pg_rewrite'::regclass
        and dependent_depend.refclassid = 'pg_class'::regclass
        and dependent_depend.deptype = 'i'

    -- ... and via pg_depend (that has a row per column, hence the need for "distinct" above, and
    -- making sure to exclude the internal row to avoid a view appearing to depend on itself)...
    join pg_depend as joining_depend on joining_depend.objid = dependent_depend.objid
        and joining_depend.classid = 'pg_rewrite'::regclass
        and joining_depend.refclassid = 'pg_class'::regclass
        and joining_depend.refobjid != dependent_depend.refobjid

    -- ... we can find the tables they query from in pg_class, but excluding system tables. Note we
    -- don't need need to exclude _dependent_ system tables, because they only query from other
    -- system tables, and so are automatically excluded by excluding _referenced_ system tables
    join pg_class as referenced_class on referenced_class.oid = joining_depend.refobjid
    join pg_namespace as referenced_namespace on referenced_namespace.oid = referenced_class.relnamespace
        and referenced_namespace.nspname != 'information_schema'
        and referenced_namespace.nspname not like 'pg\_%'

    order by
        dependent_schema, dependent_name, referenced_schema, referenced_name;
[0m16:01:29.915838 [debug] [MainThread]: Opening a new connection, currently in state init
[0m16:01:29.932516 [debug] [MainThread]: SQL status: SELECT 1 in 0.017 seconds
[0m16:01:29.933987 [debug] [MainThread]: Sending event: {'category': 'dbt', 'action': 'runnable_timing', 'label': '8bff52f9-c26b-495a-b4d2-4ba663bb8172', 'context': [<snowplow_tracker.self_describing_json.SelfDescribingJson object at 0x7f5ca2bdf0e0>]}
[0m16:01:29.934579 [debug] [MainThread]: On master: ROLLBACK
[0m16:01:29.935459 [debug] [MainThread]: On master: COMMIT
[0m16:01:29.935856 [debug] [MainThread]: Using postgres connection "master"
[0m16:01:29.936234 [debug] [MainThread]: On master: COMMIT
[0m16:01:29.937404 [debug] [MainThread]: SQL status: COMMIT in 0.001 seconds
[0m16:01:29.937875 [debug] [MainThread]: On master: Close
[0m16:01:29.942422 [debug] [Thread-1 (]: Began running node snapshot.tiki_gold.dim_product_snapshot
[0m16:01:29.943187 [info ] [Thread-1 (]: 1 of 1 START snapshot gold.dim_product_snapshot ................................ [RUN]
[0m16:01:29.943795 [debug] [Thread-1 (]: Re-using an available connection from the pool (formerly list_tiki_gold, now snapshot.tiki_gold.dim_product_snapshot)
[0m16:01:29.944332 [debug] [Thread-1 (]: Began compiling node snapshot.tiki_gold.dim_product_snapshot
[0m16:01:29.952901 [debug] [Thread-1 (]: Writing injected SQL for node "snapshot.tiki_gold.dim_product_snapshot"
[0m16:01:29.953728 [debug] [Thread-1 (]: Began executing node snapshot.tiki_gold.dim_product_snapshot
[0m16:01:30.021293 [debug] [Thread-1 (]: Using postgres connection "snapshot.tiki_gold.dim_product_snapshot"
[0m16:01:30.022042 [debug] [Thread-1 (]: On snapshot.tiki_gold.dim_product_snapshot: /* {"app": "dbt", "dbt_version": "1.12.3", "profile_name": "tiki", "target_name": "dev", "node_id": "snapshot.tiki_gold.dim_product_snapshot"} */
select * from (
        select name, brand_id, brand_name, seller_id, seller_name, category_id, category_name, is_authentic, thumbnail_url, url, url_key from (
                



-- Moi lan snapshot chay: lay ban ghi MOI NHAT cua tung product_id trong lan
-- crawl vua nap (co the co nhieu dong trung product_id do trung category).
--
-- Tie-break bang category_slug (khong chi crawled_at): 1 san pham co the
-- xuat hien o 2 category CUNG luc, CUNG crawled_at (vd sach nam ca trong
-- "nha-sach-tiki" va "sach-tieng-viet") - neu khong co tie-break on dinh,
-- Postgres chon dong nao trong 2 dong tie la KHONG XAC DINH, khien
-- category_id doi qua doi lai giua cac lan chay va lam SCD2 tuong nham
-- la san pham doi category that (da gap bug nay that khi test lai).
select distinct on (product_id)
    product_id,
    sku,
    name,
    url_key,
    url,
    brand_id,
    brand_name,
    seller_id,
    seller_name,
    category_id,
    category_name,
    is_authentic,
    thumbnail_url
from "tiki"."staging"."stg_listings"
order by product_id, crawled_at desc, category_slug

            ) subq
    ) as __dbt_sbq
    where false
    limit 0

    
[0m16:01:30.022585 [debug] [Thread-1 (]: Opening a new connection, currently in state closed
[0m16:01:30.035265 [debug] [Thread-1 (]: SQL status: SELECT 0 in 0.013 seconds
[0m16:01:30.050790 [debug] [Thread-1 (]: Using postgres connection "snapshot.tiki_gold.dim_product_snapshot"
[0m16:01:30.051379 [debug] [Thread-1 (]: On snapshot.tiki_gold.dim_product_snapshot: /* {"app": "dbt", "dbt_version": "1.12.3", "profile_name": "tiki", "target_name": "dev", "node_id": "snapshot.tiki_gold.dim_product_snapshot"} */

      select
          column_name,
          data_type,
          character_maximum_length,
          numeric_precision,
          numeric_scale

      from "tiki".INFORMATION_SCHEMA.columns
      where table_name = 'dim_product_snapshot'
        
        and table_schema = 'gold'
        
      order by ordinal_position

  
[0m16:01:30.062091 [debug] [Thread-1 (]: SQL status: SELECT 17 in 0.010 seconds
[0m16:01:30.152783 [debug] [Thread-1 (]: Using postgres connection "snapshot.tiki_gold.dim_product_snapshot"
[0m16:01:30.153444 [debug] [Thread-1 (]: On snapshot.tiki_gold.dim_product_snapshot: /* {"app": "dbt", "dbt_version": "1.12.3", "profile_name": "tiki", "target_name": "dev", "node_id": "snapshot.tiki_gold.dim_product_snapshot"} */

      select
          column_name,
          data_type,
          character_maximum_length,
          numeric_precision,
          numeric_scale

      from "tiki".INFORMATION_SCHEMA.columns
      where table_name = 'dim_product_snapshot'
        
        and table_schema = 'gold'
        
      order by ordinal_position

  
[0m16:01:30.158508 [debug] [Thread-1 (]: SQL status: SELECT 17 in 0.005 seconds
[0m16:01:30.216668 [debug] [Thread-1 (]: Using postgres connection "snapshot.tiki_gold.dim_product_snapshot"
[0m16:01:30.217547 [debug] [Thread-1 (]: On snapshot.tiki_gold.dim_product_snapshot: /* {"app": "dbt", "dbt_version": "1.12.3", "profile_name": "tiki", "target_name": "dev", "node_id": "snapshot.tiki_gold.dim_product_snapshot"} */

        
  
    

  create temporary table "dim_product_snapshot__dbt_tmp160130208154"
  
  
    as
  
  (
    
    
    with snapshot_query as (

        



-- Moi lan snapshot chay: lay ban ghi MOI NHAT cua tung product_id trong lan
-- crawl vua nap (co the co nhieu dong trung product_id do trung category).
--
-- Tie-break bang category_slug (khong chi crawled_at): 1 san pham co the
-- xuat hien o 2 category CUNG luc, CUNG crawled_at (vd sach nam ca trong
-- "nha-sach-tiki" va "sach-tieng-viet") - neu khong co tie-break on dinh,
-- Postgres chon dong nao trong 2 dong tie la KHONG XAC DINH, khien
-- category_id doi qua doi lai giua cac lan chay va lam SCD2 tuong nham
-- la san pham doi category that (da gap bug nay that khi test lai).
select distinct on (product_id)
    product_id,
    sku,
    name,
    url_key,
    url,
    brand_id,
    brand_name,
    seller_id,
    seller_name,
    category_id,
    category_name,
    is_authentic,
    thumbnail_url
from "tiki"."staging"."stg_listings"
order by product_id, crawled_at desc, category_slug


    ),

    snapshotted_data as (

        select *, 
    
        product_id as dbt_unique_key
    

        from "tiki"."gold"."dim_product_snapshot"
        where
            
                dbt_valid_to is null
            

    ),

    insertions_source_data as (

        select *, 
    
        product_id as dbt_unique_key
    
,
            now()::timestamp without time zone as dbt_updated_at,
            now()::timestamp without time zone as dbt_valid_from,
            
  
  coalesce(nullif(now()::timestamp without time zone, now()::timestamp without time zone), null)
  as dbt_valid_to
,
            md5(coalesce(cast(product_id as varchar ), '')
         || '|' || coalesce(cast(now()::timestamp without time zone as varchar ), '')
        ) as dbt_scd_id

        from snapshot_query
    ),

    updates_source_data as (

        select *, 
    
        product_id as dbt_unique_key
    
,
            now()::timestamp without time zone as dbt_updated_at,
            now()::timestamp without time zone as dbt_valid_from,
            now()::timestamp without time zone as dbt_valid_to

        from snapshot_query
    ),

    insertions as (

        select
            'insert' as dbt_change_type,
            source_data.*

        from insertions_source_data as source_data
        left outer join snapshotted_data
            on 
    
        snapshotted_data.dbt_unique_key = source_data.dbt_unique_key
    

            where 
    
        snapshotted_data.dbt_unique_key is null
    

            or (
    
        snapshotted_data.dbt_unique_key is not null
    
 and (
               (snapshotted_data."name" != source_data."name"
        or
        (
            ((snapshotted_data."name" is null) and not (source_data."name" is null))
            or
            ((not snapshotted_data."name" is null) and (source_data."name" is null))
        ) or snapshotted_data."brand_id" != source_data."brand_id"
        or
        (
            ((snapshotted_data."brand_id" is null) and not (source_data."brand_id" is null))
            or
            ((not snapshotted_data."brand_id" is null) and (source_data."brand_id" is null))
        ) or snapshotted_data."brand_name" != source_data."brand_name"
        or
        (
            ((snapshotted_data."brand_name" is null) and not (source_data."brand_name" is null))
            or
            ((not snapshotted_data."brand_name" is null) and (source_data."brand_name" is null))
        ) or snapshotted_data."seller_id" != source_data."seller_id"
        or
        (
            ((snapshotted_data."seller_id" is null) and not (source_data."seller_id" is null))
            or
            ((not snapshotted_data."seller_id" is null) and (source_data."seller_id" is null))
        ) or snapshotted_data."seller_name" != source_data."seller_name"
        or
        (
            ((snapshotted_data."seller_name" is null) and not (source_data."seller_name" is null))
            or
            ((not snapshotted_data."seller_name" is null) and (source_data."seller_name" is null))
        ) or snapshotted_data."category_id" != source_data."category_id"
        or
        (
            ((snapshotted_data."category_id" is null) and not (source_data."category_id" is null))
            or
            ((not snapshotted_data."category_id" is null) and (source_data."category_id" is null))
        ) or snapshotted_data."category_name" != source_data."category_name"
        or
        (
            ((snapshotted_data."category_name" is null) and not (source_data."category_name" is null))
            or
            ((not snapshotted_data."category_name" is null) and (source_data."category_name" is null))
        ) or snapshotted_data."is_authentic" != source_data."is_authentic"
        or
        (
            ((snapshotted_data."is_authentic" is null) and not (source_data."is_authentic" is null))
            or
            ((not snapshotted_data."is_authentic" is null) and (source_data."is_authentic" is null))
        ) or snapshotted_data."thumbnail_url" != source_data."thumbnail_url"
        or
        (
            ((snapshotted_data."thumbnail_url" is null) and not (source_data."thumbnail_url" is null))
            or
            ((not snapshotted_data."thumbnail_url" is null) and (source_data."thumbnail_url" is null))
        ) or snapshotted_data."url" != source_data."url"
        or
        (
            ((snapshotted_data."url" is null) and not (source_data."url" is null))
            or
            ((not snapshotted_data."url" is null) and (source_data."url" is null))
        ) or snapshotted_data."url_key" != source_data."url_key"
        or
        (
            ((snapshotted_data."url_key" is null) and not (source_data."url_key" is null))
            or
            ((not snapshotted_data."url_key" is null) and (source_data."url_key" is null))
        ))
            )

        )

    ),

    updates as (

        select
            'update' as dbt_change_type,
            source_data.*,
            snapshotted_data.dbt_scd_id

        from updates_source_data as source_data
        join snapshotted_data
            on 
    
        snapshotted_data.dbt_unique_key = source_data.dbt_unique_key
    

        where (
            (snapshotted_data."name" != source_data."name"
        or
        (
            ((snapshotted_data."name" is null) and not (source_data."name" is null))
            or
            ((not snapshotted_data."name" is null) and (source_data."name" is null))
        ) or snapshotted_data."brand_id" != source_data."brand_id"
        or
        (
            ((snapshotted_data."brand_id" is null) and not (source_data."brand_id" is null))
            or
            ((not snapshotted_data."brand_id" is null) and (source_data."brand_id" is null))
        ) or snapshotted_data."brand_name" != source_data."brand_name"
        or
        (
            ((snapshotted_data."brand_name" is null) and not (source_data."brand_name" is null))
            or
            ((not snapshotted_data."brand_name" is null) and (source_data."brand_name" is null))
        ) or snapshotted_data."seller_id" != source_data."seller_id"
        or
        (
            ((snapshotted_data."seller_id" is null) and not (source_data."seller_id" is null))
            or
            ((not snapshotted_data."seller_id" is null) and (source_data."seller_id" is null))
        ) or snapshotted_data."seller_name" != source_data."seller_name"
        or
        (
            ((snapshotted_data."seller_name" is null) and not (source_data."seller_name" is null))
            or
            ((not snapshotted_data."seller_name" is null) and (source_data."seller_name" is null))
        ) or snapshotted_data."category_id" != source_data."category_id"
        or
        (
            ((snapshotted_data."category_id" is null) and not (source_data."category_id" is null))
            or
            ((not snapshotted_data."category_id" is null) and (source_data."category_id" is null))
        ) or snapshotted_data."category_name" != source_data."category_name"
        or
        (
            ((snapshotted_data."category_name" is null) and not (source_data."category_name" is null))
            or
            ((not snapshotted_data."category_name" is null) and (source_data."category_name" is null))
        ) or snapshotted_data."is_authentic" != source_data."is_authentic"
        or
        (
            ((snapshotted_data."is_authentic" is null) and not (source_data."is_authentic" is null))
            or
            ((not snapshotted_data."is_authentic" is null) and (source_data."is_authentic" is null))
        ) or snapshotted_data."thumbnail_url" != source_data."thumbnail_url"
        or
        (
            ((snapshotted_data."thumbnail_url" is null) and not (source_data."thumbnail_url" is null))
            or
            ((not snapshotted_data."thumbnail_url" is null) and (source_data."thumbnail_url" is null))
        ) or snapshotted_data."url" != source_data."url"
        or
        (
            ((snapshotted_data."url" is null) and not (source_data."url" is null))
            or
            ((not snapshotted_data."url" is null) and (source_data."url" is null))
        ) or snapshotted_data."url_key" != source_data."url_key"
        or
        (
            ((snapshotted_data."url_key" is null) and not (source_data."url_key" is null))
            or
            ((not snapshotted_data."url_key" is null) and (source_data."url_key" is null))
        ))
        )
    )

    select * from insertions
    union all
    select * from updates

  );
  
    
[0m16:01:30.697785 [debug] [Thread-1 (]: SQL status: SELECT 0 in 0.479 seconds
[0m16:01:30.700361 [debug] [Thread-1 (]: Using postgres connection "snapshot.tiki_gold.dim_product_snapshot"
[0m16:01:30.701168 [debug] [Thread-1 (]: On snapshot.tiki_gold.dim_product_snapshot: /* {"app": "dbt", "dbt_version": "1.12.3", "profile_name": "tiki", "target_name": "dev", "node_id": "snapshot.tiki_gold.dim_product_snapshot"} */

      select
          column_name,
          data_type,
          character_maximum_length,
          numeric_precision,
          numeric_scale

      from INFORMATION_SCHEMA.columns
      where table_name = 'dim_product_snapshot__dbt_tmp160130208154'
        
      order by ordinal_position

  
[0m16:01:30.706487 [debug] [Thread-1 (]: SQL status: SELECT 19 in 0.005 seconds
[0m16:01:30.711323 [debug] [Thread-1 (]: Using postgres connection "snapshot.tiki_gold.dim_product_snapshot"
[0m16:01:30.711933 [debug] [Thread-1 (]: On snapshot.tiki_gold.dim_product_snapshot: /* {"app": "dbt", "dbt_version": "1.12.3", "profile_name": "tiki", "target_name": "dev", "node_id": "snapshot.tiki_gold.dim_product_snapshot"} */

      select
          column_name,
          data_type,
          character_maximum_length,
          numeric_precision,
          numeric_scale

      from "tiki".INFORMATION_SCHEMA.columns
      where table_name = 'dim_product_snapshot'
        
        and table_schema = 'gold'
        
      order by ordinal_position

  
[0m16:01:30.717268 [debug] [Thread-1 (]: SQL status: SELECT 17 in 0.005 seconds
[0m16:01:30.720895 [debug] [Thread-1 (]: Using postgres connection "snapshot.tiki_gold.dim_product_snapshot"
[0m16:01:30.721727 [debug] [Thread-1 (]: On snapshot.tiki_gold.dim_product_snapshot: /* {"app": "dbt", "dbt_version": "1.12.3", "profile_name": "tiki", "target_name": "dev", "node_id": "snapshot.tiki_gold.dim_product_snapshot"} */

      select
          column_name,
          data_type,
          character_maximum_length,
          numeric_precision,
          numeric_scale

      from INFORMATION_SCHEMA.columns
      where table_name = 'dim_product_snapshot__dbt_tmp160130208154'
        
      order by ordinal_position

  
[0m16:01:30.725355 [debug] [Thread-1 (]: SQL status: SELECT 19 in 0.003 seconds
[0m16:01:30.729152 [debug] [Thread-1 (]: Using postgres connection "snapshot.tiki_gold.dim_product_snapshot"
[0m16:01:30.729632 [debug] [Thread-1 (]: On snapshot.tiki_gold.dim_product_snapshot: /* {"app": "dbt", "dbt_version": "1.12.3", "profile_name": "tiki", "target_name": "dev", "node_id": "snapshot.tiki_gold.dim_product_snapshot"} */

      select
          column_name,
          data_type,
          character_maximum_length,
          numeric_precision,
          numeric_scale

      from "tiki".INFORMATION_SCHEMA.columns
      where table_name = 'dim_product_snapshot'
        
        and table_schema = 'gold'
        
      order by ordinal_position

  
[0m16:01:30.733257 [debug] [Thread-1 (]: SQL status: SELECT 17 in 0.003 seconds
[0m16:01:30.739912 [debug] [Thread-1 (]: Using postgres connection "snapshot.tiki_gold.dim_product_snapshot"
[0m16:01:30.740453 [debug] [Thread-1 (]: On snapshot.tiki_gold.dim_product_snapshot: /* {"app": "dbt", "dbt_version": "1.12.3", "profile_name": "tiki", "target_name": "dev", "node_id": "snapshot.tiki_gold.dim_product_snapshot"} */

      select
          column_name,
          data_type,
          character_maximum_length,
          numeric_precision,
          numeric_scale

      from INFORMATION_SCHEMA.columns
      where table_name = 'dim_product_snapshot__dbt_tmp160130208154'
        
      order by ordinal_position

  
[0m16:01:30.743639 [debug] [Thread-1 (]: SQL status: SELECT 19 in 0.003 seconds
[0m16:01:30.764822 [debug] [Thread-1 (]: Using postgres connection "snapshot.tiki_gold.dim_product_snapshot"
[0m16:01:30.765606 [debug] [Thread-1 (]: On snapshot.tiki_gold.dim_product_snapshot: /* {"app": "dbt", "dbt_version": "1.12.3", "profile_name": "tiki", "target_name": "dev", "node_id": "snapshot.tiki_gold.dim_product_snapshot"} */
select * from (
        
    
    with snapshot_query as (

        



-- Moi lan snapshot chay: lay ban ghi MOI NHAT cua tung product_id trong lan
-- crawl vua nap (co the co nhieu dong trung product_id do trung category).
--
-- Tie-break bang category_slug (khong chi crawled_at): 1 san pham co the
-- xuat hien o 2 category CUNG luc, CUNG crawled_at (vd sach nam ca trong
-- "nha-sach-tiki" va "sach-tieng-viet") - neu khong co tie-break on dinh,
-- Postgres chon dong nao trong 2 dong tie la KHONG XAC DINH, khien
-- category_id doi qua doi lai giua cac lan chay va lam SCD2 tuong nham
-- la san pham doi category that (da gap bug nay that khi test lai).
select distinct on (product_id)
    product_id,
    sku,
    name,
    url_key,
    url,
    brand_id,
    brand_name,
    seller_id,
    seller_name,
    category_id,
    category_name,
    is_authentic,
    thumbnail_url
from "tiki"."staging"."stg_listings"
order by product_id, crawled_at desc, category_slug


    ),

    snapshotted_data as (

        select *, 
    
        product_id as dbt_unique_key
    

        from "tiki"."gold"."dim_product_snapshot"
        where
            
                dbt_valid_to is null
            

    ),

    insertions_source_data as (

        select *, 
    
        product_id as dbt_unique_key
    
,
            now()::timestamp without time zone as dbt_updated_at,
            now()::timestamp without time zone as dbt_valid_from,
            
  
  coalesce(nullif(now()::timestamp without time zone, now()::timestamp without time zone), null)
  as dbt_valid_to
,
            md5(coalesce(cast(product_id as varchar ), '')
         || '|' || coalesce(cast(now()::timestamp without time zone as varchar ), '')
        ) as dbt_scd_id

        from snapshot_query
    ),

    updates_source_data as (

        select *, 
    
        product_id as dbt_unique_key
    
,
            now()::timestamp without time zone as dbt_updated_at,
            now()::timestamp without time zone as dbt_valid_from,
            now()::timestamp without time zone as dbt_valid_to

        from snapshot_query
    ),

    insertions as (

        select
            'insert' as dbt_change_type,
            source_data.*

        from insertions_source_data as source_data
        left outer join snapshotted_data
            on 
    
        snapshotted_data.dbt_unique_key = source_data.dbt_unique_key
    

            where 
    
        snapshotted_data.dbt_unique_key is null
    

            or (
    
        snapshotted_data.dbt_unique_key is not null
    
 and (
               (snapshotted_data."name" != source_data."name"
        or
        (
            ((snapshotted_data."name" is null) and not (source_data."name" is null))
            or
            ((not snapshotted_data."name" is null) and (source_data."name" is null))
        ) or snapshotted_data."brand_id" != source_data."brand_id"
        or
        (
            ((snapshotted_data."brand_id" is null) and not (source_data."brand_id" is null))
            or
            ((not snapshotted_data."brand_id" is null) and (source_data."brand_id" is null))
        ) or snapshotted_data."brand_name" != source_data."brand_name"
        or
        (
            ((snapshotted_data."brand_name" is null) and not (source_data."brand_name" is null))
            or
            ((not snapshotted_data."brand_name" is null) and (source_data."brand_name" is null))
        ) or snapshotted_data."seller_id" != source_data."seller_id"
        or
        (
            ((snapshotted_data."seller_id" is null) and not (source_data."seller_id" is null))
            or
            ((not snapshotted_data."seller_id" is null) and (source_data."seller_id" is null))
        ) or snapshotted_data."seller_name" != source_data."seller_name"
        or
        (
            ((snapshotted_data."seller_name" is null) and not (source_data."seller_name" is null))
            or
            ((not snapshotted_data."seller_name" is null) and (source_data."seller_name" is null))
        ) or snapshotted_data."category_id" != source_data."category_id"
        or
        (
            ((snapshotted_data."category_id" is null) and not (source_data."category_id" is null))
            or
            ((not snapshotted_data."category_id" is null) and (source_data."category_id" is null))
        ) or snapshotted_data."category_name" != source_data."category_name"
        or
        (
            ((snapshotted_data."category_name" is null) and not (source_data."category_name" is null))
            or
            ((not snapshotted_data."category_name" is null) and (source_data."category_name" is null))
        ) or snapshotted_data."is_authentic" != source_data."is_authentic"
        or
        (
            ((snapshotted_data."is_authentic" is null) and not (source_data."is_authentic" is null))
            or
            ((not snapshotted_data."is_authentic" is null) and (source_data."is_authentic" is null))
        ) or snapshotted_data."thumbnail_url" != source_data."thumbnail_url"
        or
        (
            ((snapshotted_data."thumbnail_url" is null) and not (source_data."thumbnail_url" is null))
            or
            ((not snapshotted_data."thumbnail_url" is null) and (source_data."thumbnail_url" is null))
        ) or snapshotted_data."url" != source_data."url"
        or
        (
            ((snapshotted_data."url" is null) and not (source_data."url" is null))
            or
            ((not snapshotted_data."url" is null) and (source_data."url" is null))
        ) or snapshotted_data."url_key" != source_data."url_key"
        or
        (
            ((snapshotted_data."url_key" is null) and not (source_data."url_key" is null))
            or
            ((not snapshotted_data."url_key" is null) and (source_data."url_key" is null))
        ))
            )

        )

    ),

    updates as (

        select
            'update' as dbt_change_type,
            source_data.*,
            snapshotted_data.dbt_scd_id

        from updates_source_data as source_data
        join snapshotted_data
            on 
    
        snapshotted_data.dbt_unique_key = source_data.dbt_unique_key
    

        where (
            (snapshotted_data."name" != source_data."name"
        or
        (
            ((snapshotted_data."name" is null) and not (source_data."name" is null))
            or
            ((not snapshotted_data."name" is null) and (source_data."name" is null))
        ) or snapshotted_data."brand_id" != source_data."brand_id"
        or
        (
            ((snapshotted_data."brand_id" is null) and not (source_data."brand_id" is null))
            or
            ((not snapshotted_data."brand_id" is null) and (source_data."brand_id" is null))
        ) or snapshotted_data."brand_name" != source_data."brand_name"
        or
        (
            ((snapshotted_data."brand_name" is null) and not (source_data."brand_name" is null))
            or
            ((not snapshotted_data."brand_name" is null) and (source_data."brand_name" is null))
        ) or snapshotted_data."seller_id" != source_data."seller_id"
        or
        (
            ((snapshotted_data."seller_id" is null) and not (source_data."seller_id" is null))
            or
            ((not snapshotted_data."seller_id" is null) and (source_data."seller_id" is null))
        ) or snapshotted_data."seller_name" != source_data."seller_name"
        or
        (
            ((snapshotted_data."seller_name" is null) and not (source_data."seller_name" is null))
            or
            ((not snapshotted_data."seller_name" is null) and (source_data."seller_name" is null))
        ) or snapshotted_data."category_id" != source_data."category_id"
        or
        (
            ((snapshotted_data."category_id" is null) and not (source_data."category_id" is null))
            or
            ((not snapshotted_data."category_id" is null) and (source_data."category_id" is null))
        ) or snapshotted_data."category_name" != source_data."category_name"
        or
        (
            ((snapshotted_data."category_name" is null) and not (source_data."category_name" is null))
            or
            ((not snapshotted_data."category_name" is null) and (source_data."category_name" is null))
        ) or snapshotted_data."is_authentic" != source_data."is_authentic"
        or
        (
            ((snapshotted_data."is_authentic" is null) and not (source_data."is_authentic" is null))
            or
            ((not snapshotted_data."is_authentic" is null) and (source_data."is_authentic" is null))
        ) or snapshotted_data."thumbnail_url" != source_data."thumbnail_url"
        or
        (
            ((snapshotted_data."thumbnail_url" is null) and not (source_data."thumbnail_url" is null))
            or
            ((not snapshotted_data."thumbnail_url" is null) and (source_data."thumbnail_url" is null))
        ) or snapshotted_data."url" != source_data."url"
        or
        (
            ((snapshotted_data."url" is null) and not (source_data."url" is null))
            or
            ((not snapshotted_data."url" is null) and (source_data."url" is null))
        ) or snapshotted_data."url_key" != source_data."url_key"
        or
        (
            ((snapshotted_data."url_key" is null) and not (source_data."url_key" is null))
            or
            ((not snapshotted_data."url_key" is null) and (source_data."url_key" is null))
        ))
        )
    )

    select * from insertions
    union all
    select * from updates

    ) as __dbt_sbq
    where false
    limit 0

[0m16:01:30.767556 [debug] [Thread-1 (]: SQL status: SELECT 0 in 0.001 seconds
[0m16:01:30.771522 [debug] [Thread-1 (]: Using postgres connection "snapshot.tiki_gold.dim_product_snapshot"
[0m16:01:30.772092 [debug] [Thread-1 (]: On snapshot.tiki_gold.dim_product_snapshot: /* {"app": "dbt", "dbt_version": "1.12.3", "profile_name": "tiki", "target_name": "dev", "node_id": "snapshot.tiki_gold.dim_product_snapshot"} */
select * from (
        select now()::timestamp without time zone as dbt_snapshot_time
    ) as __dbt_sbq
    where false
    limit 0

[0m16:01:30.773187 [debug] [Thread-1 (]: SQL status: SELECT 0 in 0.001 seconds
[0m16:01:30.773865 [debug] [Thread-1 (]: Writing runtime sql for node "snapshot.tiki_gold.dim_product_snapshot"
[0m16:01:30.774673 [debug] [Thread-1 (]: Using postgres connection "snapshot.tiki_gold.dim_product_snapshot"
[0m16:01:30.775152 [debug] [Thread-1 (]: On snapshot.tiki_gold.dim_product_snapshot: /* {"app": "dbt", "dbt_version": "1.12.3", "profile_name": "tiki", "target_name": "dev", "node_id": "snapshot.tiki_gold.dim_product_snapshot"} */

      update "tiki"."gold"."dim_product_snapshot"
    set dbt_valid_to = DBT_INTERNAL_SOURCE.dbt_valid_to
    from "dim_product_snapshot__dbt_tmp160130208154" as DBT_INTERNAL_SOURCE
    where DBT_INTERNAL_SOURCE.dbt_scd_id::text = "tiki"."gold"."dim_product_snapshot".dbt_scd_id::text
      and DBT_INTERNAL_SOURCE.dbt_change_type::text in ('update'::text, 'delete'::text)
      
        and "tiki"."gold"."dim_product_snapshot".dbt_valid_to is null;
      


    insert into "tiki"."gold"."dim_product_snapshot" ("product_id", "sku", "name", "url_key", "url", "brand_id", "brand_name", "seller_id", "seller_name", "category_id", "category_name", "is_authentic", "thumbnail_url", "dbt_updated_at", "dbt_valid_from", "dbt_valid_to", "dbt_scd_id")
    select DBT_INTERNAL_SOURCE."product_id",DBT_INTERNAL_SOURCE."sku",DBT_INTERNAL_SOURCE."name",DBT_INTERNAL_SOURCE."url_key",DBT_INTERNAL_SOURCE."url",DBT_INTERNAL_SOURCE."brand_id",DBT_INTERNAL_SOURCE."brand_name",DBT_INTERNAL_SOURCE."seller_id",DBT_INTERNAL_SOURCE."seller_name",DBT_INTERNAL_SOURCE."category_id",DBT_INTERNAL_SOURCE."category_name",DBT_INTERNAL_SOURCE."is_authentic",DBT_INTERNAL_SOURCE."thumbnail_url",DBT_INTERNAL_SOURCE."dbt_updated_at",DBT_INTERNAL_SOURCE."dbt_valid_from",DBT_INTERNAL_SOURCE."dbt_valid_to",DBT_INTERNAL_SOURCE."dbt_scd_id"
    from "dim_product_snapshot__dbt_tmp160130208154" as DBT_INTERNAL_SOURCE
    where DBT_INTERNAL_SOURCE.dbt_change_type::text = 'insert'::text;

  
[0m16:01:30.783541 [debug] [Thread-1 (]: SQL status: INSERT 0 0 in 0.008 seconds
[0m16:01:30.801398 [debug] [Thread-1 (]: On snapshot.tiki_gold.dim_product_snapshot: COMMIT
[0m16:01:30.801986 [debug] [Thread-1 (]: Using postgres connection "snapshot.tiki_gold.dim_product_snapshot"
[0m16:01:30.802377 [debug] [Thread-1 (]: On snapshot.tiki_gold.dim_product_snapshot: COMMIT
[0m16:01:30.804877 [debug] [Thread-1 (]: SQL status: COMMIT in 0.002 seconds
[0m16:01:30.808994 [debug] [Thread-1 (]: On snapshot.tiki_gold.dim_product_snapshot: Close
[0m16:01:30.810669 [debug] [Thread-1 (]: Sending event: {'category': 'dbt', 'action': 'run_model', 'label': '8bff52f9-c26b-495a-b4d2-4ba663bb8172', 'context': [<snowplow_tracker.self_describing_json.SelfDescribingJson object at 0x7f5ca592de80>]}
[0m16:01:30.811724 [info ] [Thread-1 (]: 1 of 1 OK snapshotted gold.dim_product_snapshot ................................ [[32mINSERT 0 0[0m in 0.87s]
[0m16:01:30.812854 [debug] [Thread-1 (]: Finished running node snapshot.tiki_gold.dim_product_snapshot
[0m16:01:30.815462 [debug] [MainThread]: On master: COMMIT
[0m16:01:30.815879 [debug] [MainThread]: Using postgres connection "master"
[0m16:01:30.816316 [debug] [MainThread]: On master: COMMIT
[0m16:01:30.816705 [debug] [MainThread]: Opening a new connection, currently in state closed
[0m16:01:30.827610 [debug] [MainThread]: SQL status: COMMIT in 0.011 seconds
[0m16:01:30.828256 [debug] [MainThread]: On master: Close
[0m16:01:30.829034 [debug] [MainThread]: Connection 'master' was properly closed.
[0m16:01:30.829389 [debug] [MainThread]: Connection 'list_tiki_staging' was properly closed.
[0m16:01:30.829783 [debug] [MainThread]: Connection 'snapshot.tiki_gold.dim_product_snapshot' was properly closed.
[0m16:01:30.830163 [info ] [MainThread]: 
[0m16:01:30.830587 [info ] [MainThread]: Finished running 1 snapshot in 0 hours 0 minutes and 1.03 seconds (1.03s).
[0m16:01:30.831326 [debug] [MainThread]: Command end result
[0m16:01:30.867144 [debug] [MainThread]: Wrote artifact WritableManifest to /home/hai/tiki-crawl/dbt/target/manifest.json
[0m16:01:30.869966 [debug] [MainThread]: Wrote artifact SemanticManifest to /home/hai/tiki-crawl/dbt/target/semantic_manifest.json
[0m16:01:30.872519 [debug] [MainThread]: Wrote artifact OsiDocument to /home/hai/tiki-crawl/dbt/target/osi_document.json
[0m16:01:30.879973 [debug] [MainThread]: Wrote artifact RunExecutionResult to /home/hai/tiki-crawl/dbt/target/run_results.json
[0m16:01:30.880534 [info ] [MainThread]: 
[0m16:01:30.881010 [info ] [MainThread]: [32mCompleted successfully[0m
[0m16:01:30.881395 [info ] [MainThread]: 
[0m16:01:30.881888 [info ] [MainThread]: Done. PASS=1 WARN=0 ERROR=0 SKIP=0 NO-OP=0 REUSED=0 TOTAL=1
[0m16:01:30.882955 [debug] [MainThread]: Resource report: {"command_name": "snapshot", "command_success": true, "command_wall_clock_time": 1.9542166, "process_in_blocks": "0", "process_kernel_time": 0.483401, "process_mem_max_rss": "134204", "process_out_blocks": "2296", "process_user_time": 2.744118}
[0m16:01:30.883449 [debug] [MainThread]: Command `dbt snapshot` succeeded at 16:01:30.883347 after 1.95 seconds
[0m16:01:30.883864 [debug] [MainThread]: Sending event: {'category': 'dbt', 'action': 'invocation', 'label': 'end', 'context': [<snowplow_tracker.self_describing_json.SelfDescribingJson object at 0x7f5ca489a2d0>, <snowplow_tracker.self_describing_json.SelfDescribingJson object at 0x7f5ca53d7500>, <snowplow_tracker.self_describing_json.SelfDescribingJson object at 0x7f5ca5908b90>]}
[0m16:01:30.884277 [debug] [MainThread]: Flushing usage events
[0m16:01:31.882974 [debug] [MainThread]: An error was encountered while trying to flush usage events
[0m15:32:12.406797 [debug] [MainThread]: Sending event: {'category': 'dbt', 'action': 'invocation', 'label': 'start', 'context': [<snowplow_tracker.self_describing_json.SelfDescribingJson object at 0x7146c3319370>, <snowplow_tracker.self_describing_json.SelfDescribingJson object at 0x7146c3620500>, <snowplow_tracker.self_describing_json.SelfDescribingJson object at 0x7146c56a4170>]}


============================== 15:32:12.415084 | 81c33c8c-adc6-42c4-9348-f3247ff3cb93 ==============================
[0m15:32:12.415084 [info ] [MainThread]: Running with dbt=1.12.3
[0m15:32:12.416056 [debug] [MainThread]: running dbt with arguments {'log_format': 'default', 'log_cache_events': 'False', 'version_check': 'True', 'static_parser': 'True', 'write_json': 'True', 'maximum_seed_size_mib': '1', 'quiet': 'False', 'empty': 'False', 'fail_fast': 'False', 'printer_width': '80', 'profiles_dir': '.', 'send_anonymous_usage_stats': 'True', 'partial_parse': 'True', 'warn_error_options': 'WarnErrorOptionsV2(error=[], warn=[], silence=[])', 'warn_error': 'None', 'use_colors': 'True', 'log_path': '/home/hai/tiki-crawl/dbt/logs', 'no_print': 'None', 'indirect_selection': 'eager', 'introspect': 'True', 'invocation_command': 'dbt run --profiles-dir .', 'cache_selected_only': 'False', 'debug': 'False', 'use_experimental_parser': 'False', 'hints_enabled': 'True', 'target_path': 'None'}
[0m15:32:12.773386 [debug] [MainThread]: Sending event: {'category': 'dbt', 'action': 'project_id', 'label': '81c33c8c-adc6-42c4-9348-f3247ff3cb93', 'context': [<snowplow_tracker.self_describing_json.SelfDescribingJson object at 0x7146c233b1d0>]}
[0m15:32:12.857498 [debug] [MainThread]: Sending event: {'category': 'dbt', 'action': 'adapter_info', 'label': '81c33c8c-adc6-42c4-9348-f3247ff3cb93', 'context': [<snowplow_tracker.self_describing_json.SelfDescribingJson object at 0x7146c251f530>]}
[0m15:32:12.859438 [info ] [MainThread]: Registered adapter: postgres=1.11.0
[0m15:32:13.012152 [debug] [MainThread]: checksum: b11284278684f540b15704c99909c8df3c16bdaf6844ccd0ae0d76372c1b52b6, vars: {}, profile: tiki, target: dev, version: 1.12.3
[0m15:32:13.271159 [debug] [MainThread]: Partial parsing enabled: 0 files deleted, 0 files added, 0 files changed.
[0m15:32:13.271686 [debug] [MainThread]: Nothing changed, skipping partial parsing.
[0m15:32:13.272067 [debug] [MainThread]: Partial parsing enabled, no changes found, skipping parsing
[0m15:32:13.282547 [debug] [MainThread]: Sending event: {'category': 'dbt', 'action': 'load_project', 'label': '81c33c8c-adc6-42c4-9348-f3247ff3cb93', 'context': [<snowplow_tracker.self_describing_json.SelfDescribingJson object at 0x7146c1136d20>]}
[0m15:32:13.482938 [debug] [MainThread]: Wrote artifact WritableManifest to /home/hai/tiki-crawl/dbt/target/manifest.json
[0m15:32:13.488314 [debug] [MainThread]: Wrote artifact SemanticManifest to /home/hai/tiki-crawl/dbt/target/semantic_manifest.json
[0m15:32:13.519914 [debug] [MainThread]: Wrote artifact OsiDocument to /home/hai/tiki-crawl/dbt/target/osi_document.json
[0m15:32:13.538387 [debug] [MainThread]: Sending event: {'category': 'dbt', 'action': 'resource_counts', 'label': '81c33c8c-adc6-42c4-9348-f3247ff3cb93', 'context': [<snowplow_tracker.self_describing_json.SelfDescribingJson object at 0x7146c09bedb0>]}
[0m15:32:13.539042 [info ] [MainThread]: Found 2 models, 1 snapshot, 1 source, 478 macros
[0m15:32:13.539510 [debug] [MainThread]: Sending event: {'category': 'dbt', 'action': 'runnable_timing', 'label': '81c33c8c-adc6-42c4-9348-f3247ff3cb93', 'context': [<snowplow_tracker.self_describing_json.SelfDescribingJson object at 0x7146c0da3e60>]}
[0m15:32:13.541869 [info ] [MainThread]: 
[0m15:32:13.542478 [info ] [MainThread]: Concurrency: 4 threads (target='dev')
[0m15:32:13.542989 [info ] [MainThread]: 
[0m15:32:13.543815 [debug] [MainThread]: Acquiring new postgres connection 'master'
[0m15:32:13.550588 [debug] [ThreadPool]: Acquiring new postgres connection 'list_tiki'
[0m15:32:13.559349 [debug] [ThreadPool]: Acquiring new postgres connection 'list_tiki'
[0m15:32:13.627776 [debug] [ThreadPool]: Using postgres connection "list_tiki"
[0m15:32:13.628514 [debug] [ThreadPool]: Using postgres connection "list_tiki"
[0m15:32:13.629239 [debug] [ThreadPool]: On list_tiki: /* {"app": "dbt", "dbt_version": "1.12.3", "profile_name": "tiki", "target_name": "dev", "connection_name": "list_tiki"} */

    select distinct nspname from pg_namespace
  
[0m15:32:13.629964 [debug] [ThreadPool]: On list_tiki: /* {"app": "dbt", "dbt_version": "1.12.3", "profile_name": "tiki", "target_name": "dev", "connection_name": "list_tiki"} */

    select distinct nspname from pg_namespace
  
[0m15:32:13.630492 [debug] [ThreadPool]: Opening a new connection, currently in state init
[0m15:32:13.631089 [debug] [ThreadPool]: Opening a new connection, currently in state init
[0m15:32:13.670582 [debug] [ThreadPool]: SQL status: SELECT 9 in 0.040 seconds
[0m15:32:13.671104 [debug] [ThreadPool]: SQL status: SELECT 9 in 0.040 seconds
[0m15:32:13.672623 [debug] [ThreadPool]: On list_tiki: Close
[0m15:32:13.674659 [debug] [ThreadPool]: On list_tiki: Close
[0m15:32:13.677392 [debug] [ThreadPool]: Re-using an available connection from the pool (formerly list_tiki, now list_tiki_staging)
[0m15:32:13.678578 [debug] [ThreadPool]: Re-using an available connection from the pool (formerly list_tiki, now list_tiki_gold)
[0m15:32:13.686326 [debug] [ThreadPool]: Using postgres connection "list_tiki_staging"
[0m15:32:13.688012 [debug] [ThreadPool]: Using postgres connection "list_tiki_gold"
[0m15:32:13.688600 [debug] [ThreadPool]: On list_tiki_staging: /* {"app": "dbt", "dbt_version": "1.12.3", "profile_name": "tiki", "target_name": "dev", "connection_name": "list_tiki_staging"} */
select
      'tiki' as database,
      tablename as name,
      schemaname as schema,
      'table' as type
    from pg_tables
    where schemaname ilike 'staging'
    union all
    select
      'tiki' as database,
      viewname as name,
      schemaname as schema,
      'view' as type
    from pg_views
    where schemaname ilike 'staging'
    union all
    select
      'tiki' as database,
      matviewname as name,
      schemaname as schema,
      'materialized_view' as type
    from pg_matviews
    where schemaname ilike 'staging'
    union all
    select distinct
     'tiki' as database,
     proname as name,
     ns.nspname as schema,
     'function' as type
    from pg_proc
     join pg_namespace as ns on pronamespace = ns.oid
    where ns.nspname ilike 'staging'
  
[0m15:32:13.689116 [debug] [ThreadPool]: On list_tiki_gold: /* {"app": "dbt", "dbt_version": "1.12.3", "profile_name": "tiki", "target_name": "dev", "connection_name": "list_tiki_gold"} */
select
      'tiki' as database,
      tablename as name,
      schemaname as schema,
      'table' as type
    from pg_tables
    where schemaname ilike 'gold'
    union all
    select
      'tiki' as database,
      viewname as name,
      schemaname as schema,
      'view' as type
    from pg_views
    where schemaname ilike 'gold'
    union all
    select
      'tiki' as database,
      matviewname as name,
      schemaname as schema,
      'materialized_view' as type
    from pg_matviews
    where schemaname ilike 'gold'
    union all
    select distinct
     'tiki' as database,
     proname as name,
     ns.nspname as schema,
     'function' as type
    from pg_proc
     join pg_namespace as ns on pronamespace = ns.oid
    where ns.nspname ilike 'gold'
  
[0m15:32:13.689633 [debug] [ThreadPool]: Opening a new connection, currently in state closed
[0m15:32:13.690209 [debug] [ThreadPool]: Opening a new connection, currently in state closed
[0m15:32:13.723893 [debug] [ThreadPool]: SQL status: SELECT 2 in 0.034 seconds
[0m15:32:13.724585 [debug] [ThreadPool]: SQL status: SELECT 0 in 0.035 seconds
[0m15:32:13.726447 [debug] [ThreadPool]: On list_tiki_gold: ROLLBACK
[0m15:32:13.727769 [debug] [ThreadPool]: On list_tiki_staging: ROLLBACK
[0m15:32:13.728806 [debug] [ThreadPool]: On list_tiki_gold: Close
[0m15:32:13.729312 [debug] [ThreadPool]: On list_tiki_staging: Close
[0m15:32:13.735408 [debug] [MainThread]: Using postgres connection "master"
[0m15:32:13.736063 [debug] [MainThread]: On master: /* {"app": "dbt", "dbt_version": "1.12.3", "profile_name": "tiki", "target_name": "dev", "connection_name": "master"} */
select distinct
        dependent_namespace.nspname as dependent_schema,
        dependent_class.relname as dependent_name,
        referenced_namespace.nspname as referenced_schema,
        referenced_class.relname as referenced_name

    -- Query for views: views are entries in pg_class with an entry in pg_rewrite, but we avoid
    -- a seq scan on pg_rewrite by leveraging the fact there is an "internal" row in pg_depend for
    -- the view...
    from pg_class as dependent_class
    join pg_namespace as dependent_namespace on dependent_namespace.oid = dependent_class.relnamespace
    join pg_depend as dependent_depend on dependent_depend.refobjid = dependent_class.oid
        and dependent_depend.classid = 'pg_rewrite'::regclass
        and dependent_depend.refclassid = 'pg_class'::regclass
        and dependent_depend.deptype = 'i'

    -- ... and via pg_depend (that has a row per column, hence the need for "distinct" above, and
    -- making sure to exclude the internal row to avoid a view appearing to depend on itself)...
    join pg_depend as joining_depend on joining_depend.objid = dependent_depend.objid
        and joining_depend.classid = 'pg_rewrite'::regclass
        and joining_depend.refclassid = 'pg_class'::regclass
        and joining_depend.refobjid != dependent_depend.refobjid

    -- ... we can find the tables they query from in pg_class, but excluding system tables. Note we
    -- don't need need to exclude _dependent_ system tables, because they only query from other
    -- system tables, and so are automatically excluded by excluding _referenced_ system tables
    join pg_class as referenced_class on referenced_class.oid = joining_depend.refobjid
    join pg_namespace as referenced_namespace on referenced_namespace.oid = referenced_class.relnamespace
        and referenced_namespace.nspname != 'information_schema'
        and referenced_namespace.nspname not like 'pg\_%'

    order by
        dependent_schema, dependent_name, referenced_schema, referenced_name;
[0m15:32:13.736541 [debug] [MainThread]: Opening a new connection, currently in state init
[0m15:32:13.758649 [debug] [MainThread]: SQL status: SELECT 0 in 0.022 seconds
[0m15:32:13.760355 [debug] [MainThread]: Sending event: {'category': 'dbt', 'action': 'runnable_timing', 'label': '81c33c8c-adc6-42c4-9348-f3247ff3cb93', 'context': [<snowplow_tracker.self_describing_json.SelfDescribingJson object at 0x7146be548200>]}
[0m15:32:13.761076 [debug] [MainThread]: On master: ROLLBACK
[0m15:32:13.762189 [debug] [MainThread]: On master: COMMIT
[0m15:32:13.762704 [debug] [MainThread]: Using postgres connection "master"
[0m15:32:13.763085 [debug] [MainThread]: On master: COMMIT
[0m15:32:13.764418 [debug] [MainThread]: SQL status: COMMIT in 0.001 seconds
[0m15:32:13.764892 [debug] [MainThread]: On master: Close
[0m15:32:13.770197 [debug] [Thread-1 (]: Began running node model.tiki_gold.stg_listings
[0m15:32:13.771051 [info ] [Thread-1 (]: 1 of 2 START sql view model staging.stg_listings ............................... [RUN]
[0m15:32:13.772025 [debug] [Thread-1 (]: Re-using an available connection from the pool (formerly list_tiki_staging, now model.tiki_gold.stg_listings)
[0m15:32:13.772879 [debug] [Thread-1 (]: Began compiling node model.tiki_gold.stg_listings
[0m15:32:13.780544 [debug] [Thread-1 (]: Writing injected SQL for node "model.tiki_gold.stg_listings"
[0m15:32:13.781394 [debug] [Thread-1 (]: Began executing node model.tiki_gold.stg_listings
[0m15:32:13.819424 [debug] [Thread-1 (]: Writing runtime sql for node "model.tiki_gold.stg_listings"
[0m15:32:13.820839 [debug] [Thread-1 (]: Using postgres connection "model.tiki_gold.stg_listings"
[0m15:32:13.821606 [debug] [Thread-1 (]: On model.tiki_gold.stg_listings: /* {"app": "dbt", "dbt_version": "1.12.3", "profile_name": "tiki", "target_name": "dev", "node_id": "model.tiki_gold.stg_listings"} */

  create view "tiki"."staging"."stg_listings__dbt_tmp"
    
    
  as (
    select
    product_id::bigint                as product_id,
    sku,
    name,
    url_key,
    url,
    price::bigint                     as price,
    list_price::bigint                as list_price,
    discount::bigint                  as discount,
    discount_rate::int                as discount_rate,
    rating_average::double precision  as rating_average,
    review_count::int                 as review_count,
    quantity_sold::int                as quantity_sold,
    brand_id::int                     as brand_id,
    brand_name,
    seller_id::bigint                 as seller_id,
    seller_name,
    category_id::bigint               as category_id,
    primary_category_name             as category_name,
    inventory_status,
    is_authentic::boolean             as is_authentic,
    thumbnail_url,
    badge_count::int                  as badge_count,
    page::int                         as page,
    crawled_at::timestamp             as crawled_at,
    dt::date                          as dt,
    hour::int                         as hour,
    category                          as category_slug

from "tiki"."raw"."listings"
  );
[0m15:32:13.822192 [debug] [Thread-1 (]: Opening a new connection, currently in state closed
[0m15:32:13.841297 [debug] [Thread-1 (]: SQL status: CREATE VIEW in 0.019 seconds
[0m15:32:13.848409 [debug] [Thread-1 (]: Using postgres connection "model.tiki_gold.stg_listings"
[0m15:32:13.849036 [debug] [Thread-1 (]: On model.tiki_gold.stg_listings: /* {"app": "dbt", "dbt_version": "1.12.3", "profile_name": "tiki", "target_name": "dev", "node_id": "model.tiki_gold.stg_listings"} */
alter table "tiki"."staging"."stg_listings__dbt_tmp" rename to "stg_listings"
[0m15:32:13.850671 [debug] [Thread-1 (]: SQL status: ALTER TABLE in 0.001 seconds
[0m15:32:13.962307 [debug] [Thread-1 (]: On model.tiki_gold.stg_listings: COMMIT
[0m15:32:13.963367 [debug] [Thread-1 (]: Using postgres connection "model.tiki_gold.stg_listings"
[0m15:32:13.964019 [debug] [Thread-1 (]: On model.tiki_gold.stg_listings: COMMIT
[0m15:32:13.967652 [debug] [Thread-1 (]: SQL status: COMMIT in 0.003 seconds
[0m15:32:13.975454 [debug] [Thread-1 (]: Applying DROP to: "tiki"."staging"."stg_listings__dbt_backup"
[0m15:32:13.982891 [debug] [Thread-1 (]: Using postgres connection "model.tiki_gold.stg_listings"
[0m15:32:13.983507 [debug] [Thread-1 (]: On model.tiki_gold.stg_listings: /* {"app": "dbt", "dbt_version": "1.12.3", "profile_name": "tiki", "target_name": "dev", "node_id": "model.tiki_gold.stg_listings"} */
drop view if exists "tiki"."staging"."stg_listings__dbt_backup" cascade
[0m15:32:13.985853 [debug] [Thread-1 (]: SQL status: DROP VIEW in 0.002 seconds
[0m15:32:13.989703 [debug] [Thread-1 (]: On model.tiki_gold.stg_listings: Close
[0m15:32:13.993004 [debug] [Thread-1 (]: Sending event: {'category': 'dbt', 'action': 'run_model', 'label': '81c33c8c-adc6-42c4-9348-f3247ff3cb93', 'context': [<snowplow_tracker.self_describing_json.SelfDescribingJson object at 0x7146c3711c10>]}
[0m15:32:13.994168 [info ] [Thread-1 (]: 1 of 2 OK created sql view model staging.stg_listings .......................... [[32mCREATE VIEW[0m in 0.22s]
[0m15:32:13.994975 [debug] [Thread-1 (]: Finished running node model.tiki_gold.stg_listings
[0m15:32:13.996631 [debug] [Thread-3 (]: Began running node model.tiki_gold.fact_price_daily
[0m15:32:13.997396 [info ] [Thread-3 (]: 2 of 2 START sql table model gold.fact_price_daily ............................. [RUN]
[0m15:32:13.998448 [debug] [Thread-3 (]: Acquiring new postgres connection 'model.tiki_gold.fact_price_daily'
[0m15:32:13.998940 [debug] [Thread-3 (]: Began compiling node model.tiki_gold.fact_price_daily
[0m15:32:14.001371 [debug] [Thread-3 (]: Writing injected SQL for node "model.tiki_gold.fact_price_daily"
[0m15:32:14.002315 [debug] [Thread-3 (]: Began executing node model.tiki_gold.fact_price_daily
[0m15:32:14.040987 [debug] [Thread-3 (]: Writing runtime sql for node "model.tiki_gold.fact_price_daily"
[0m15:32:14.043446 [debug] [Thread-3 (]: Using postgres connection "model.tiki_gold.fact_price_daily"
[0m15:32:14.044141 [debug] [Thread-3 (]: On model.tiki_gold.fact_price_daily: /* {"app": "dbt", "dbt_version": "1.12.3", "profile_name": "tiki", "target_name": "dev", "node_id": "model.tiki_gold.fact_price_daily"} */

  
    

  create  table "tiki"."gold"."fact_price_daily__dbt_tmp"
  
  
    as
  
  (
    select distinct on (product_id, dt, hour)
    product_id,
    dt,
    hour,
    price,
    list_price,
    discount,
    discount_rate,
    rating_average,
    review_count,
    quantity_sold,
    inventory_status,
    badge_count,
    page,
    crawled_at
from "tiki"."staging"."stg_listings"
order by product_id, dt, hour, category_slug
  );
  
[0m15:32:14.044730 [debug] [Thread-3 (]: Opening a new connection, currently in state init
[0m15:32:13.897079 [debug] [Thread-3 (]: SQL status: SELECT 56082 in 0.338 seconds
[0m15:32:13.910310 [debug] [Thread-3 (]: Using postgres connection "model.tiki_gold.fact_price_daily"
[0m15:32:13.911776 [debug] [Thread-3 (]: On model.tiki_gold.fact_price_daily: /* {"app": "dbt", "dbt_version": "1.12.3", "profile_name": "tiki", "target_name": "dev", "node_id": "model.tiki_gold.fact_price_daily"} */
alter table "tiki"."gold"."fact_price_daily" rename to "fact_price_daily__dbt_backup"
[0m15:32:13.913529 [debug] [Thread-3 (]: SQL status: ALTER TABLE in 0.001 seconds
[0m15:32:13.917976 [debug] [Thread-3 (]: Using postgres connection "model.tiki_gold.fact_price_daily"
[0m15:32:13.918779 [debug] [Thread-3 (]: On model.tiki_gold.fact_price_daily: /* {"app": "dbt", "dbt_version": "1.12.3", "profile_name": "tiki", "target_name": "dev", "node_id": "model.tiki_gold.fact_price_daily"} */
alter table "tiki"."gold"."fact_price_daily__dbt_tmp" rename to "fact_price_daily"
[0m15:32:13.920615 [debug] [Thread-3 (]: SQL status: ALTER TABLE in 0.001 seconds
[0m15:32:13.927332 [debug] [Thread-3 (]: On model.tiki_gold.fact_price_daily: COMMIT
[0m15:32:13.928161 [debug] [Thread-3 (]: Using postgres connection "model.tiki_gold.fact_price_daily"
[0m15:32:13.928671 [debug] [Thread-3 (]: On model.tiki_gold.fact_price_daily: COMMIT
[0m15:32:13.966064 [debug] [Thread-3 (]: SQL status: COMMIT in 0.036 seconds
[0m15:32:13.971765 [debug] [Thread-3 (]: Applying DROP to: "tiki"."gold"."fact_price_daily__dbt_backup"
[0m15:32:13.978968 [debug] [Thread-3 (]: Using postgres connection "model.tiki_gold.fact_price_daily"
[0m15:32:13.979868 [debug] [Thread-3 (]: On model.tiki_gold.fact_price_daily: /* {"app": "dbt", "dbt_version": "1.12.3", "profile_name": "tiki", "target_name": "dev", "node_id": "model.tiki_gold.fact_price_daily"} */
drop table if exists "tiki"."gold"."fact_price_daily__dbt_backup" cascade
[0m15:32:13.986631 [debug] [Thread-3 (]: SQL status: DROP TABLE in 0.006 seconds
[0m15:32:13.990660 [debug] [Thread-3 (]: On model.tiki_gold.fact_price_daily: Close
[0m15:32:13.992366 [debug] [Thread-3 (]: Sending event: {'category': 'dbt', 'action': 'run_model', 'label': '81c33c8c-adc6-42c4-9348-f3247ff3cb93', 'context': [<snowplow_tracker.self_describing_json.SelfDescribingJson object at 0x7146c0d61250>]}
[0m15:32:13.994273 [info ] [Thread-3 (]: 2 of 2 OK created sql table model gold.fact_price_daily ........................ [[32mSELECT 56082[0m in -0.01s]
[0m15:32:13.996038 [debug] [Thread-3 (]: Finished running node model.tiki_gold.fact_price_daily
[0m15:32:14.001123 [debug] [MainThread]: On master: COMMIT
[0m15:32:14.002102 [debug] [MainThread]: Using postgres connection "master"
[0m15:32:14.002848 [debug] [MainThread]: On master: COMMIT
[0m15:32:14.003697 [debug] [MainThread]: Opening a new connection, currently in state closed
[0m15:32:14.022141 [debug] [MainThread]: SQL status: COMMIT in 0.018 seconds
[0m15:32:14.022922 [debug] [MainThread]: On master: Close
[0m15:32:14.023840 [debug] [MainThread]: Connection 'master' was properly closed.
[0m15:32:14.024420 [debug] [MainThread]: Connection 'list_tiki_gold' was properly closed.
[0m15:32:14.024917 [debug] [MainThread]: Connection 'model.tiki_gold.stg_listings' was properly closed.
[0m15:32:14.025519 [debug] [MainThread]: Connection 'model.tiki_gold.fact_price_daily' was properly closed.
[0m15:32:14.026309 [info ] [MainThread]: 
[0m15:32:14.026912 [info ] [MainThread]: Finished running 1 table model, 1 view model in 0 hours 0 minutes and 0.48 seconds (0.48s).
[0m15:32:14.028504 [debug] [MainThread]: Command end result
[0m15:32:14.086079 [debug] [MainThread]: Wrote artifact WritableManifest to /home/hai/tiki-crawl/dbt/target/manifest.json
[0m15:32:14.091937 [debug] [MainThread]: Wrote artifact SemanticManifest to /home/hai/tiki-crawl/dbt/target/semantic_manifest.json
[0m15:32:14.095943 [debug] [MainThread]: Wrote artifact OsiDocument to /home/hai/tiki-crawl/dbt/target/osi_document.json
[0m15:32:14.108290 [debug] [MainThread]: Wrote artifact RunExecutionResult to /home/hai/tiki-crawl/dbt/target/run_results.json
[0m15:32:14.109021 [info ] [MainThread]: 
[0m15:32:14.109811 [info ] [MainThread]: [32mCompleted successfully[0m
[0m15:32:14.110328 [info ] [MainThread]: 
[0m15:32:14.111066 [info ] [MainThread]: Done. PASS=2 WARN=0 ERROR=0 SKIP=0 NO-OP=0 REUSED=0 TOTAL=2
[0m15:32:14.114678 [debug] [MainThread]: Resource report: {"command_name": "run", "command_success": true, "command_wall_clock_time": 2.316926, "process_in_blocks": "89976", "process_kernel_time": 0.769774, "process_mem_max_rss": "133176", "process_out_blocks": "2280", "process_user_time": 3.105381}
[0m15:32:14.115821 [debug] [MainThread]: Command `dbt run` succeeded at 15:32:14.115639 after 2.32 seconds
[0m15:32:14.116740 [debug] [MainThread]: Sending event: {'category': 'dbt', 'action': 'invocation', 'label': 'end', 'context': [<snowplow_tracker.self_describing_json.SelfDescribingJson object at 0x7146c4aa7350>, <snowplow_tracker.self_describing_json.SelfDescribingJson object at 0x7146c3530590>, <snowplow_tracker.self_describing_json.SelfDescribingJson object at 0x7146c56a5fa0>]}
[0m15:32:14.117432 [debug] [MainThread]: Flushing usage events
[0m15:32:15.226979 [debug] [MainThread]: An error was encountered while trying to flush usage events
[0m15:32:18.054164 [debug] [MainThread]: Sending event: {'category': 'dbt', 'action': 'invocation', 'label': 'start', 'context': [<snowplow_tracker.self_describing_json.SelfDescribingJson object at 0x7401d7f10200>, <snowplow_tracker.self_describing_json.SelfDescribingJson object at 0x7401d8873140>, <snowplow_tracker.self_describing_json.SelfDescribingJson object at 0x7401d7cd3bf0>]}


============================== 15:32:18.058102 | c49bcffd-8b3e-442b-a9e4-bb2335311fe0 ==============================
[0m15:32:18.058102 [info ] [MainThread]: Running with dbt=1.12.3
[0m15:32:18.058721 [debug] [MainThread]: running dbt with arguments {'use_experimental_parser': 'False', 'quiet': 'False', 'cache_selected_only': 'False', 'profiles_dir': '.', 'partial_parse': 'True', 'empty': 'False', 'static_parser': 'True', 'invocation_command': 'dbt snapshot --profiles-dir .', 'log_format': 'default', 'hints_enabled': 'True', 'warn_error': 'None', 'write_json': 'True', 'no_print': 'None', 'indirect_selection': 'eager', 'use_colors': 'True', 'debug': 'False', 'introspect': 'True', 'fail_fast': 'False', 'warn_error_options': 'WarnErrorOptionsV2(error=[], warn=[], silence=[])', 'version_check': 'True', 'log_cache_events': 'False', 'send_anonymous_usage_stats': 'True', 'log_path': '/home/hai/tiki-crawl/dbt/logs', 'maximum_seed_size_mib': '1', 'target_path': 'None', 'printer_width': '80'}
[0m15:32:18.255470 [debug] [MainThread]: Sending event: {'category': 'dbt', 'action': 'project_id', 'label': 'c49bcffd-8b3e-442b-a9e4-bb2335311fe0', 'context': [<snowplow_tracker.self_describing_json.SelfDescribingJson object at 0x7401d6f704d0>]}
[0m15:32:18.334492 [debug] [MainThread]: Sending event: {'category': 'dbt', 'action': 'adapter_info', 'label': 'c49bcffd-8b3e-442b-a9e4-bb2335311fe0', 'context': [<snowplow_tracker.self_describing_json.SelfDescribingJson object at 0x7401d6749550>]}
[0m15:32:18.335808 [info ] [MainThread]: Registered adapter: postgres=1.11.0
[0m15:32:18.449171 [debug] [MainThread]: checksum: b11284278684f540b15704c99909c8df3c16bdaf6844ccd0ae0d76372c1b52b6, vars: {}, profile: tiki, target: dev, version: 1.12.3
[0m15:32:18.603416 [debug] [MainThread]: Partial parsing enabled: 0 files deleted, 0 files added, 0 files changed.
[0m15:32:18.603977 [debug] [MainThread]: Nothing changed, skipping partial parsing.
[0m15:32:18.604376 [debug] [MainThread]: Partial parsing enabled, no changes found, skipping parsing
[0m15:32:18.616623 [debug] [MainThread]: Sending event: {'category': 'dbt', 'action': 'load_project', 'label': 'c49bcffd-8b3e-442b-a9e4-bb2335311fe0', 'context': [<snowplow_tracker.self_describing_json.SelfDescribingJson object at 0x7401d6fb7d40>]}
[0m15:32:18.794385 [debug] [MainThread]: Wrote artifact WritableManifest to /home/hai/tiki-crawl/dbt/target/manifest.json
[0m15:32:18.797779 [debug] [MainThread]: Wrote artifact SemanticManifest to /home/hai/tiki-crawl/dbt/target/semantic_manifest.json
[0m15:32:18.813464 [debug] [MainThread]: Wrote artifact OsiDocument to /home/hai/tiki-crawl/dbt/target/osi_document.json
[0m15:32:18.824043 [debug] [MainThread]: Sending event: {'category': 'dbt', 'action': 'resource_counts', 'label': 'c49bcffd-8b3e-442b-a9e4-bb2335311fe0', 'context': [<snowplow_tracker.self_describing_json.SelfDescribingJson object at 0x7401d57bf0e0>]}
[0m15:32:18.824631 [info ] [MainThread]: Found 2 models, 1 snapshot, 1 source, 478 macros
[0m15:32:18.825079 [debug] [MainThread]: Sending event: {'category': 'dbt', 'action': 'runnable_timing', 'label': 'c49bcffd-8b3e-442b-a9e4-bb2335311fe0', 'context': [<snowplow_tracker.self_describing_json.SelfDescribingJson object at 0x7401d53e66f0>]}
[0m15:32:18.827114 [info ] [MainThread]: 
[0m15:32:18.827575 [info ] [MainThread]: Concurrency: 4 threads (target='dev')
[0m15:32:18.828014 [info ] [MainThread]: 
[0m15:32:18.828691 [debug] [MainThread]: Acquiring new postgres connection 'master'
[0m15:32:18.829953 [debug] [ThreadPool]: Acquiring new postgres connection 'list_tiki'
[0m15:32:18.876695 [debug] [ThreadPool]: Using postgres connection "list_tiki"
[0m15:32:18.877287 [debug] [ThreadPool]: On list_tiki: /* {"app": "dbt", "dbt_version": "1.12.3", "profile_name": "tiki", "target_name": "dev", "connection_name": "list_tiki"} */

    select distinct nspname from pg_namespace
  
[0m15:32:18.877680 [debug] [ThreadPool]: Opening a new connection, currently in state init
[0m15:32:18.898266 [debug] [ThreadPool]: SQL status: SELECT 9 in 0.020 seconds
[0m15:32:18.900315 [debug] [ThreadPool]: On list_tiki: Close
[0m15:32:18.905794 [debug] [ThreadPool]: Re-using an available connection from the pool (formerly list_tiki, now list_tiki_staging)
[0m15:32:18.912683 [debug] [ThreadPool]: Acquiring new postgres connection 'list_tiki_gold'
[0m15:32:18.914284 [debug] [ThreadPool]: Using postgres connection "list_tiki_staging"
[0m15:32:18.915690 [debug] [ThreadPool]: Using postgres connection "list_tiki_gold"
[0m15:32:18.916376 [debug] [ThreadPool]: On list_tiki_staging: /* {"app": "dbt", "dbt_version": "1.12.3", "profile_name": "tiki", "target_name": "dev", "connection_name": "list_tiki_staging"} */
select
      'tiki' as database,
      tablename as name,
      schemaname as schema,
      'table' as type
    from pg_tables
    where schemaname ilike 'staging'
    union all
    select
      'tiki' as database,
      viewname as name,
      schemaname as schema,
      'view' as type
    from pg_views
    where schemaname ilike 'staging'
    union all
    select
      'tiki' as database,
      matviewname as name,
      schemaname as schema,
      'materialized_view' as type
    from pg_matviews
    where schemaname ilike 'staging'
    union all
    select distinct
     'tiki' as database,
     proname as name,
     ns.nspname as schema,
     'function' as type
    from pg_proc
     join pg_namespace as ns on pronamespace = ns.oid
    where ns.nspname ilike 'staging'
  
[0m15:32:18.917036 [debug] [ThreadPool]: On list_tiki_gold: /* {"app": "dbt", "dbt_version": "1.12.3", "profile_name": "tiki", "target_name": "dev", "connection_name": "list_tiki_gold"} */
select
      'tiki' as database,
      tablename as name,
      schemaname as schema,
      'table' as type
    from pg_tables
    where schemaname ilike 'gold'
    union all
    select
      'tiki' as database,
      viewname as name,
      schemaname as schema,
      'view' as type
    from pg_views
    where schemaname ilike 'gold'
    union all
    select
      'tiki' as database,
      matviewname as name,
      schemaname as schema,
      'materialized_view' as type
    from pg_matviews
    where schemaname ilike 'gold'
    union all
    select distinct
     'tiki' as database,
     proname as name,
     ns.nspname as schema,
     'function' as type
    from pg_proc
     join pg_namespace as ns on pronamespace = ns.oid
    where ns.nspname ilike 'gold'
  
[0m15:32:18.917547 [debug] [ThreadPool]: Opening a new connection, currently in state closed
[0m15:32:18.917985 [debug] [ThreadPool]: Opening a new connection, currently in state init
[0m15:32:18.939059 [debug] [ThreadPool]: SQL status: SELECT 2 in 0.021 seconds
[0m15:32:18.939816 [debug] [ThreadPool]: SQL status: SELECT 1 in 0.022 seconds
[0m15:32:18.941994 [debug] [ThreadPool]: On list_tiki_gold: ROLLBACK
[0m15:32:18.943331 [debug] [ThreadPool]: On list_tiki_staging: ROLLBACK
[0m15:32:18.944301 [debug] [ThreadPool]: On list_tiki_gold: Close
[0m15:32:18.944712 [debug] [ThreadPool]: On list_tiki_staging: Close
[0m15:32:18.950282 [debug] [MainThread]: Using postgres connection "master"
[0m15:32:18.950833 [debug] [MainThread]: On master: /* {"app": "dbt", "dbt_version": "1.12.3", "profile_name": "tiki", "target_name": "dev", "connection_name": "master"} */
select distinct
        dependent_namespace.nspname as dependent_schema,
        dependent_class.relname as dependent_name,
        referenced_namespace.nspname as referenced_schema,
        referenced_class.relname as referenced_name

    -- Query for views: views are entries in pg_class with an entry in pg_rewrite, but we avoid
    -- a seq scan on pg_rewrite by leveraging the fact there is an "internal" row in pg_depend for
    -- the view...
    from pg_class as dependent_class
    join pg_namespace as dependent_namespace on dependent_namespace.oid = dependent_class.relnamespace
    join pg_depend as dependent_depend on dependent_depend.refobjid = dependent_class.oid
        and dependent_depend.classid = 'pg_rewrite'::regclass
        and dependent_depend.refclassid = 'pg_class'::regclass
        and dependent_depend.deptype = 'i'

    -- ... and via pg_depend (that has a row per column, hence the need for "distinct" above, and
    -- making sure to exclude the internal row to avoid a view appearing to depend on itself)...
    join pg_depend as joining_depend on joining_depend.objid = dependent_depend.objid
        and joining_depend.classid = 'pg_rewrite'::regclass
        and joining_depend.refclassid = 'pg_class'::regclass
        and joining_depend.refobjid != dependent_depend.refobjid

    -- ... we can find the tables they query from in pg_class, but excluding system tables. Note we
    -- don't need need to exclude _dependent_ system tables, because they only query from other
    -- system tables, and so are automatically excluded by excluding _referenced_ system tables
    join pg_class as referenced_class on referenced_class.oid = joining_depend.refobjid
    join pg_namespace as referenced_namespace on referenced_namespace.oid = referenced_class.relnamespace
        and referenced_namespace.nspname != 'information_schema'
        and referenced_namespace.nspname not like 'pg\_%'

    order by
        dependent_schema, dependent_name, referenced_schema, referenced_name;
[0m15:32:18.951355 [debug] [MainThread]: Opening a new connection, currently in state init
[0m15:32:18.967858 [debug] [MainThread]: SQL status: SELECT 1 in 0.016 seconds
[0m15:32:18.969469 [debug] [MainThread]: Sending event: {'category': 'dbt', 'action': 'runnable_timing', 'label': 'c49bcffd-8b3e-442b-a9e4-bb2335311fe0', 'context': [<snowplow_tracker.self_describing_json.SelfDescribingJson object at 0x7401d5f14fb0>]}
[0m15:32:18.970037 [debug] [MainThread]: On master: ROLLBACK
[0m15:32:18.970955 [debug] [MainThread]: On master: COMMIT
[0m15:32:18.971351 [debug] [MainThread]: Using postgres connection "master"
[0m15:32:18.971826 [debug] [MainThread]: On master: COMMIT
[0m15:32:18.972923 [debug] [MainThread]: SQL status: COMMIT in 0.001 seconds
[0m15:32:18.973323 [debug] [MainThread]: On master: Close
[0m15:32:18.978096 [debug] [Thread-1 (]: Began running node snapshot.tiki_gold.dim_product_snapshot
[0m15:32:18.978940 [info ] [Thread-1 (]: 1 of 1 START snapshot gold.dim_product_snapshot ................................ [RUN]
[0m15:32:18.979788 [debug] [Thread-1 (]: Re-using an available connection from the pool (formerly list_tiki_staging, now snapshot.tiki_gold.dim_product_snapshot)
[0m15:32:18.980263 [debug] [Thread-1 (]: Began compiling node snapshot.tiki_gold.dim_product_snapshot
[0m15:32:18.988273 [debug] [Thread-1 (]: Writing injected SQL for node "snapshot.tiki_gold.dim_product_snapshot"
[0m15:32:18.989684 [debug] [Thread-1 (]: Began executing node snapshot.tiki_gold.dim_product_snapshot
[0m15:32:19.056514 [debug] [Thread-1 (]: Using postgres connection "snapshot.tiki_gold.dim_product_snapshot"
[0m15:32:19.057204 [debug] [Thread-1 (]: On snapshot.tiki_gold.dim_product_snapshot: /* {"app": "dbt", "dbt_version": "1.12.3", "profile_name": "tiki", "target_name": "dev", "node_id": "snapshot.tiki_gold.dim_product_snapshot"} */
select * from (
        select name, brand_id, brand_name, seller_id, seller_name, category_id, category_name, is_authentic, thumbnail_url, url, url_key from (
                



-- Moi lan snapshot chay: lay ban ghi MOI NHAT cua tung product_id trong lan
-- crawl vua nap (co the co nhieu dong trung product_id do trung category).
--
-- Tie-break bang category_slug (khong chi crawled_at): 1 san pham co the
-- xuat hien o 2 category CUNG luc, CUNG crawled_at (vd sach nam ca trong
-- "nha-sach-tiki" va "sach-tieng-viet") - neu khong co tie-break on dinh,
-- Postgres chon dong nao trong 2 dong tie la KHONG XAC DINH, khien
-- category_id doi qua doi lai giua cac lan chay va lam SCD2 tuong nham
-- la san pham doi category that (da gap bug nay that khi test lai).
select distinct on (product_id)
    product_id,
    sku,
    name,
    url_key,
    url,
    brand_id,
    brand_name,
    seller_id,
    seller_name,
    category_id,
    category_name,
    is_authentic,
    thumbnail_url
from "tiki"."staging"."stg_listings"
order by product_id, crawled_at desc, category_slug

            ) subq
    ) as __dbt_sbq
    where false
    limit 0

    
[0m15:32:19.057716 [debug] [Thread-1 (]: Opening a new connection, currently in state closed
[0m15:32:19.071921 [debug] [Thread-1 (]: SQL status: SELECT 0 in 0.014 seconds
[0m15:32:19.087314 [debug] [Thread-1 (]: Using postgres connection "snapshot.tiki_gold.dim_product_snapshot"
[0m15:32:19.087979 [debug] [Thread-1 (]: On snapshot.tiki_gold.dim_product_snapshot: /* {"app": "dbt", "dbt_version": "1.12.3", "profile_name": "tiki", "target_name": "dev", "node_id": "snapshot.tiki_gold.dim_product_snapshot"} */

      select
          column_name,
          data_type,
          character_maximum_length,
          numeric_precision,
          numeric_scale

      from "tiki".INFORMATION_SCHEMA.columns
      where table_name = 'dim_product_snapshot'
        
        and table_schema = 'gold'
        
      order by ordinal_position

  
[0m15:32:19.107680 [debug] [Thread-1 (]: SQL status: SELECT 17 in 0.019 seconds
[0m15:32:27.404818 [debug] [Thread-1 (]: Using postgres connection "snapshot.tiki_gold.dim_product_snapshot"
[0m15:32:27.405615 [debug] [Thread-1 (]: On snapshot.tiki_gold.dim_product_snapshot: /* {"app": "dbt", "dbt_version": "1.12.3", "profile_name": "tiki", "target_name": "dev", "node_id": "snapshot.tiki_gold.dim_product_snapshot"} */

      select
          column_name,
          data_type,
          character_maximum_length,
          numeric_precision,
          numeric_scale

      from "tiki".INFORMATION_SCHEMA.columns
      where table_name = 'dim_product_snapshot'
        
        and table_schema = 'gold'
        
      order by ordinal_position

  
[0m15:32:27.410665 [debug] [Thread-1 (]: SQL status: SELECT 17 in 0.005 seconds
[0m15:32:27.472681 [debug] [Thread-1 (]: Using postgres connection "snapshot.tiki_gold.dim_product_snapshot"
[0m15:32:27.473950 [debug] [Thread-1 (]: On snapshot.tiki_gold.dim_product_snapshot: /* {"app": "dbt", "dbt_version": "1.12.3", "profile_name": "tiki", "target_name": "dev", "node_id": "snapshot.tiki_gold.dim_product_snapshot"} */

        
  
    

  create temporary table "dim_product_snapshot__dbt_tmp153227463893"
  
  
    as
  
  (
    
    
    with snapshot_query as (

        



-- Moi lan snapshot chay: lay ban ghi MOI NHAT cua tung product_id trong lan
-- crawl vua nap (co the co nhieu dong trung product_id do trung category).
--
-- Tie-break bang category_slug (khong chi crawled_at): 1 san pham co the
-- xuat hien o 2 category CUNG luc, CUNG crawled_at (vd sach nam ca trong
-- "nha-sach-tiki" va "sach-tieng-viet") - neu khong co tie-break on dinh,
-- Postgres chon dong nao trong 2 dong tie la KHONG XAC DINH, khien
-- category_id doi qua doi lai giua cac lan chay va lam SCD2 tuong nham
-- la san pham doi category that (da gap bug nay that khi test lai).
select distinct on (product_id)
    product_id,
    sku,
    name,
    url_key,
    url,
    brand_id,
    brand_name,
    seller_id,
    seller_name,
    category_id,
    category_name,
    is_authentic,
    thumbnail_url
from "tiki"."staging"."stg_listings"
order by product_id, crawled_at desc, category_slug


    ),

    snapshotted_data as (

        select *, 
    
        product_id as dbt_unique_key
    

        from "tiki"."gold"."dim_product_snapshot"
        where
            
                dbt_valid_to is null
            

    ),

    insertions_source_data as (

        select *, 
    
        product_id as dbt_unique_key
    
,
            now()::timestamp without time zone as dbt_updated_at,
            now()::timestamp without time zone as dbt_valid_from,
            
  
  coalesce(nullif(now()::timestamp without time zone, now()::timestamp without time zone), null)
  as dbt_valid_to
,
            md5(coalesce(cast(product_id as varchar ), '')
         || '|' || coalesce(cast(now()::timestamp without time zone as varchar ), '')
        ) as dbt_scd_id

        from snapshot_query
    ),

    updates_source_data as (

        select *, 
    
        product_id as dbt_unique_key
    
,
            now()::timestamp without time zone as dbt_updated_at,
            now()::timestamp without time zone as dbt_valid_from,
            now()::timestamp without time zone as dbt_valid_to

        from snapshot_query
    ),

    insertions as (

        select
            'insert' as dbt_change_type,
            source_data.*

        from insertions_source_data as source_data
        left outer join snapshotted_data
            on 
    
        snapshotted_data.dbt_unique_key = source_data.dbt_unique_key
    

            where 
    
        snapshotted_data.dbt_unique_key is null
    

            or (
    
        snapshotted_data.dbt_unique_key is not null
    
 and (
               (snapshotted_data."name" != source_data."name"
        or
        (
            ((snapshotted_data."name" is null) and not (source_data."name" is null))
            or
            ((not snapshotted_data."name" is null) and (source_data."name" is null))
        ) or snapshotted_data."brand_id" != source_data."brand_id"
        or
        (
            ((snapshotted_data."brand_id" is null) and not (source_data."brand_id" is null))
            or
            ((not snapshotted_data."brand_id" is null) and (source_data."brand_id" is null))
        ) or snapshotted_data."brand_name" != source_data."brand_name"
        or
        (
            ((snapshotted_data."brand_name" is null) and not (source_data."brand_name" is null))
            or
            ((not snapshotted_data."brand_name" is null) and (source_data."brand_name" is null))
        ) or snapshotted_data."seller_id" != source_data."seller_id"
        or
        (
            ((snapshotted_data."seller_id" is null) and not (source_data."seller_id" is null))
            or
            ((not snapshotted_data."seller_id" is null) and (source_data."seller_id" is null))
        ) or snapshotted_data."seller_name" != source_data."seller_name"
        or
        (
            ((snapshotted_data."seller_name" is null) and not (source_data."seller_name" is null))
            or
            ((not snapshotted_data."seller_name" is null) and (source_data."seller_name" is null))
        ) or snapshotted_data."category_id" != source_data."category_id"
        or
        (
            ((snapshotted_data."category_id" is null) and not (source_data."category_id" is null))
            or
            ((not snapshotted_data."category_id" is null) and (source_data."category_id" is null))
        ) or snapshotted_data."category_name" != source_data."category_name"
        or
        (
            ((snapshotted_data."category_name" is null) and not (source_data."category_name" is null))
            or
            ((not snapshotted_data."category_name" is null) and (source_data."category_name" is null))
        ) or snapshotted_data."is_authentic" != source_data."is_authentic"
        or
        (
            ((snapshotted_data."is_authentic" is null) and not (source_data."is_authentic" is null))
            or
            ((not snapshotted_data."is_authentic" is null) and (source_data."is_authentic" is null))
        ) or snapshotted_data."thumbnail_url" != source_data."thumbnail_url"
        or
        (
            ((snapshotted_data."thumbnail_url" is null) and not (source_data."thumbnail_url" is null))
            or
            ((not snapshotted_data."thumbnail_url" is null) and (source_data."thumbnail_url" is null))
        ) or snapshotted_data."url" != source_data."url"
        or
        (
            ((snapshotted_data."url" is null) and not (source_data."url" is null))
            or
            ((not snapshotted_data."url" is null) and (source_data."url" is null))
        ) or snapshotted_data."url_key" != source_data."url_key"
        or
        (
            ((snapshotted_data."url_key" is null) and not (source_data."url_key" is null))
            or
            ((not snapshotted_data."url_key" is null) and (source_data."url_key" is null))
        ))
            )

        )

    ),

    updates as (

        select
            'update' as dbt_change_type,
            source_data.*,
            snapshotted_data.dbt_scd_id

        from updates_source_data as source_data
        join snapshotted_data
            on 
    
        snapshotted_data.dbt_unique_key = source_data.dbt_unique_key
    

        where (
            (snapshotted_data."name" != source_data."name"
        or
        (
            ((snapshotted_data."name" is null) and not (source_data."name" is null))
            or
            ((not snapshotted_data."name" is null) and (source_data."name" is null))
        ) or snapshotted_data."brand_id" != source_data."brand_id"
        or
        (
            ((snapshotted_data."brand_id" is null) and not (source_data."brand_id" is null))
            or
            ((not snapshotted_data."brand_id" is null) and (source_data."brand_id" is null))
        ) or snapshotted_data."brand_name" != source_data."brand_name"
        or
        (
            ((snapshotted_data."brand_name" is null) and not (source_data."brand_name" is null))
            or
            ((not snapshotted_data."brand_name" is null) and (source_data."brand_name" is null))
        ) or snapshotted_data."seller_id" != source_data."seller_id"
        or
        (
            ((snapshotted_data."seller_id" is null) and not (source_data."seller_id" is null))
            or
            ((not snapshotted_data."seller_id" is null) and (source_data."seller_id" is null))
        ) or snapshotted_data."seller_name" != source_data."seller_name"
        or
        (
            ((snapshotted_data."seller_name" is null) and not (source_data."seller_name" is null))
            or
            ((not snapshotted_data."seller_name" is null) and (source_data."seller_name" is null))
        ) or snapshotted_data."category_id" != source_data."category_id"
        or
        (
            ((snapshotted_data."category_id" is null) and not (source_data."category_id" is null))
            or
            ((not snapshotted_data."category_id" is null) and (source_data."category_id" is null))
        ) or snapshotted_data."category_name" != source_data."category_name"
        or
        (
            ((snapshotted_data."category_name" is null) and not (source_data."category_name" is null))
            or
            ((not snapshotted_data."category_name" is null) and (source_data."category_name" is null))
        ) or snapshotted_data."is_authentic" != source_data."is_authentic"
        or
        (
            ((snapshotted_data."is_authentic" is null) and not (source_data."is_authentic" is null))
            or
            ((not snapshotted_data."is_authentic" is null) and (source_data."is_authentic" is null))
        ) or snapshotted_data."thumbnail_url" != source_data."thumbnail_url"
        or
        (
            ((snapshotted_data."thumbnail_url" is null) and not (source_data."thumbnail_url" is null))
            or
            ((not snapshotted_data."thumbnail_url" is null) and (source_data."thumbnail_url" is null))
        ) or snapshotted_data."url" != source_data."url"
        or
        (
            ((snapshotted_data."url" is null) and not (source_data."url" is null))
            or
            ((not snapshotted_data."url" is null) and (source_data."url" is null))
        ) or snapshotted_data."url_key" != source_data."url_key"
        or
        (
            ((snapshotted_data."url_key" is null) and not (source_data."url_key" is null))
            or
            ((not snapshotted_data."url_key" is null) and (source_data."url_key" is null))
        ))
        )
    )

    select * from insertions
    union all
    select * from updates

  );
  
    
[0m15:32:19.917329 [debug] [Thread-1 (]: SQL status: SELECT 0 in 1.127 seconds
[0m15:32:19.921109 [debug] [Thread-1 (]: Using postgres connection "snapshot.tiki_gold.dim_product_snapshot"
[0m15:32:19.921907 [debug] [Thread-1 (]: On snapshot.tiki_gold.dim_product_snapshot: /* {"app": "dbt", "dbt_version": "1.12.3", "profile_name": "tiki", "target_name": "dev", "node_id": "snapshot.tiki_gold.dim_product_snapshot"} */

      select
          column_name,
          data_type,
          character_maximum_length,
          numeric_precision,
          numeric_scale

      from INFORMATION_SCHEMA.columns
      where table_name = 'dim_product_snapshot__dbt_tmp153227463893'
        
      order by ordinal_position

  
[0m15:32:19.926580 [debug] [Thread-1 (]: SQL status: SELECT 19 in 0.004 seconds
[0m15:32:19.930233 [debug] [Thread-1 (]: Using postgres connection "snapshot.tiki_gold.dim_product_snapshot"
[0m15:32:19.930970 [debug] [Thread-1 (]: On snapshot.tiki_gold.dim_product_snapshot: /* {"app": "dbt", "dbt_version": "1.12.3", "profile_name": "tiki", "target_name": "dev", "node_id": "snapshot.tiki_gold.dim_product_snapshot"} */

      select
          column_name,
          data_type,
          character_maximum_length,
          numeric_precision,
          numeric_scale

      from "tiki".INFORMATION_SCHEMA.columns
      where table_name = 'dim_product_snapshot'
        
        and table_schema = 'gold'
        
      order by ordinal_position

  
[0m15:32:19.934887 [debug] [Thread-1 (]: SQL status: SELECT 17 in 0.003 seconds
[0m15:32:19.938184 [debug] [Thread-1 (]: Using postgres connection "snapshot.tiki_gold.dim_product_snapshot"
[0m15:32:19.938702 [debug] [Thread-1 (]: On snapshot.tiki_gold.dim_product_snapshot: /* {"app": "dbt", "dbt_version": "1.12.3", "profile_name": "tiki", "target_name": "dev", "node_id": "snapshot.tiki_gold.dim_product_snapshot"} */

      select
          column_name,
          data_type,
          character_maximum_length,
          numeric_precision,
          numeric_scale

      from INFORMATION_SCHEMA.columns
      where table_name = 'dim_product_snapshot__dbt_tmp153227463893'
        
      order by ordinal_position

  
[0m15:32:19.942437 [debug] [Thread-1 (]: SQL status: SELECT 19 in 0.003 seconds
[0m15:32:19.945912 [debug] [Thread-1 (]: Using postgres connection "snapshot.tiki_gold.dim_product_snapshot"
[0m15:32:19.946494 [debug] [Thread-1 (]: On snapshot.tiki_gold.dim_product_snapshot: /* {"app": "dbt", "dbt_version": "1.12.3", "profile_name": "tiki", "target_name": "dev", "node_id": "snapshot.tiki_gold.dim_product_snapshot"} */

      select
          column_name,
          data_type,
          character_maximum_length,
          numeric_precision,
          numeric_scale

      from "tiki".INFORMATION_SCHEMA.columns
      where table_name = 'dim_product_snapshot'
        
        and table_schema = 'gold'
        
      order by ordinal_position

  
[0m15:32:19.950370 [debug] [Thread-1 (]: SQL status: SELECT 17 in 0.003 seconds
[0m15:32:19.957330 [debug] [Thread-1 (]: Using postgres connection "snapshot.tiki_gold.dim_product_snapshot"
[0m15:32:19.957987 [debug] [Thread-1 (]: On snapshot.tiki_gold.dim_product_snapshot: /* {"app": "dbt", "dbt_version": "1.12.3", "profile_name": "tiki", "target_name": "dev", "node_id": "snapshot.tiki_gold.dim_product_snapshot"} */

      select
          column_name,
          data_type,
          character_maximum_length,
          numeric_precision,
          numeric_scale

      from INFORMATION_SCHEMA.columns
      where table_name = 'dim_product_snapshot__dbt_tmp153227463893'
        
      order by ordinal_position

  
[0m15:32:19.961640 [debug] [Thread-1 (]: SQL status: SELECT 19 in 0.003 seconds
[0m15:32:19.981974 [debug] [Thread-1 (]: Using postgres connection "snapshot.tiki_gold.dim_product_snapshot"
[0m15:32:19.982926 [debug] [Thread-1 (]: On snapshot.tiki_gold.dim_product_snapshot: /* {"app": "dbt", "dbt_version": "1.12.3", "profile_name": "tiki", "target_name": "dev", "node_id": "snapshot.tiki_gold.dim_product_snapshot"} */
select * from (
        
    
    with snapshot_query as (

        



-- Moi lan snapshot chay: lay ban ghi MOI NHAT cua tung product_id trong lan
-- crawl vua nap (co the co nhieu dong trung product_id do trung category).
--
-- Tie-break bang category_slug (khong chi crawled_at): 1 san pham co the
-- xuat hien o 2 category CUNG luc, CUNG crawled_at (vd sach nam ca trong
-- "nha-sach-tiki" va "sach-tieng-viet") - neu khong co tie-break on dinh,
-- Postgres chon dong nao trong 2 dong tie la KHONG XAC DINH, khien
-- category_id doi qua doi lai giua cac lan chay va lam SCD2 tuong nham
-- la san pham doi category that (da gap bug nay that khi test lai).
select distinct on (product_id)
    product_id,
    sku,
    name,
    url_key,
    url,
    brand_id,
    brand_name,
    seller_id,
    seller_name,
    category_id,
    category_name,
    is_authentic,
    thumbnail_url
from "tiki"."staging"."stg_listings"
order by product_id, crawled_at desc, category_slug


    ),

    snapshotted_data as (

        select *, 
    
        product_id as dbt_unique_key
    

        from "tiki"."gold"."dim_product_snapshot"
        where
            
                dbt_valid_to is null
            

    ),

    insertions_source_data as (

        select *, 
    
        product_id as dbt_unique_key
    
,
            now()::timestamp without time zone as dbt_updated_at,
            now()::timestamp without time zone as dbt_valid_from,
            
  
  coalesce(nullif(now()::timestamp without time zone, now()::timestamp without time zone), null)
  as dbt_valid_to
,
            md5(coalesce(cast(product_id as varchar ), '')
         || '|' || coalesce(cast(now()::timestamp without time zone as varchar ), '')
        ) as dbt_scd_id

        from snapshot_query
    ),

    updates_source_data as (

        select *, 
    
        product_id as dbt_unique_key
    
,
            now()::timestamp without time zone as dbt_updated_at,
            now()::timestamp without time zone as dbt_valid_from,
            now()::timestamp without time zone as dbt_valid_to

        from snapshot_query
    ),

    insertions as (

        select
            'insert' as dbt_change_type,
            source_data.*

        from insertions_source_data as source_data
        left outer join snapshotted_data
            on 
    
        snapshotted_data.dbt_unique_key = source_data.dbt_unique_key
    

            where 
    
        snapshotted_data.dbt_unique_key is null
    

            or (
    
        snapshotted_data.dbt_unique_key is not null
    
 and (
               (snapshotted_data."name" != source_data."name"
        or
        (
            ((snapshotted_data."name" is null) and not (source_data."name" is null))
            or
            ((not snapshotted_data."name" is null) and (source_data."name" is null))
        ) or snapshotted_data."brand_id" != source_data."brand_id"
        or
        (
            ((snapshotted_data."brand_id" is null) and not (source_data."brand_id" is null))
            or
            ((not snapshotted_data."brand_id" is null) and (source_data."brand_id" is null))
        ) or snapshotted_data."brand_name" != source_data."brand_name"
        or
        (
            ((snapshotted_data."brand_name" is null) and not (source_data."brand_name" is null))
            or
            ((not snapshotted_data."brand_name" is null) and (source_data."brand_name" is null))
        ) or snapshotted_data."seller_id" != source_data."seller_id"
        or
        (
            ((snapshotted_data."seller_id" is null) and not (source_data."seller_id" is null))
            or
            ((not snapshotted_data."seller_id" is null) and (source_data."seller_id" is null))
        ) or snapshotted_data."seller_name" != source_data."seller_name"
        or
        (
            ((snapshotted_data."seller_name" is null) and not (source_data."seller_name" is null))
            or
            ((not snapshotted_data."seller_name" is null) and (source_data."seller_name" is null))
        ) or snapshotted_data."category_id" != source_data."category_id"
        or
        (
            ((snapshotted_data."category_id" is null) and not (source_data."category_id" is null))
            or
            ((not snapshotted_data."category_id" is null) and (source_data."category_id" is null))
        ) or snapshotted_data."category_name" != source_data."category_name"
        or
        (
            ((snapshotted_data."category_name" is null) and not (source_data."category_name" is null))
            or
            ((not snapshotted_data."category_name" is null) and (source_data."category_name" is null))
        ) or snapshotted_data."is_authentic" != source_data."is_authentic"
        or
        (
            ((snapshotted_data."is_authentic" is null) and not (source_data."is_authentic" is null))
            or
            ((not snapshotted_data."is_authentic" is null) and (source_data."is_authentic" is null))
        ) or snapshotted_data."thumbnail_url" != source_data."thumbnail_url"
        or
        (
            ((snapshotted_data."thumbnail_url" is null) and not (source_data."thumbnail_url" is null))
            or
            ((not snapshotted_data."thumbnail_url" is null) and (source_data."thumbnail_url" is null))
        ) or snapshotted_data."url" != source_data."url"
        or
        (
            ((snapshotted_data."url" is null) and not (source_data."url" is null))
            or
            ((not snapshotted_data."url" is null) and (source_data."url" is null))
        ) or snapshotted_data."url_key" != source_data."url_key"
        or
        (
            ((snapshotted_data."url_key" is null) and not (source_data."url_key" is null))
            or
            ((not snapshotted_data."url_key" is null) and (source_data."url_key" is null))
        ))
            )

        )

    ),

    updates as (

        select
            'update' as dbt_change_type,
            source_data.*,
            snapshotted_data.dbt_scd_id

        from updates_source_data as source_data
        join snapshotted_data
            on 
    
        snapshotted_data.dbt_unique_key = source_data.dbt_unique_key
    

        where (
            (snapshotted_data."name" != source_data."name"
        or
        (
            ((snapshotted_data."name" is null) and not (source_data."name" is null))
            or
            ((not snapshotted_data."name" is null) and (source_data."name" is null))
        ) or snapshotted_data."brand_id" != source_data."brand_id"
        or
        (
            ((snapshotted_data."brand_id" is null) and not (source_data."brand_id" is null))
            or
            ((not snapshotted_data."brand_id" is null) and (source_data."brand_id" is null))
        ) or snapshotted_data."brand_name" != source_data."brand_name"
        or
        (
            ((snapshotted_data."brand_name" is null) and not (source_data."brand_name" is null))
            or
            ((not snapshotted_data."brand_name" is null) and (source_data."brand_name" is null))
        ) or snapshotted_data."seller_id" != source_data."seller_id"
        or
        (
            ((snapshotted_data."seller_id" is null) and not (source_data."seller_id" is null))
            or
            ((not snapshotted_data."seller_id" is null) and (source_data."seller_id" is null))
        ) or snapshotted_data."seller_name" != source_data."seller_name"
        or
        (
            ((snapshotted_data."seller_name" is null) and not (source_data."seller_name" is null))
            or
            ((not snapshotted_data."seller_name" is null) and (source_data."seller_name" is null))
        ) or snapshotted_data."category_id" != source_data."category_id"
        or
        (
            ((snapshotted_data."category_id" is null) and not (source_data."category_id" is null))
            or
            ((not snapshotted_data."category_id" is null) and (source_data."category_id" is null))
        ) or snapshotted_data."category_name" != source_data."category_name"
        or
        (
            ((snapshotted_data."category_name" is null) and not (source_data."category_name" is null))
            or
            ((not snapshotted_data."category_name" is null) and (source_data."category_name" is null))
        ) or snapshotted_data."is_authentic" != source_data."is_authentic"
        or
        (
            ((snapshotted_data."is_authentic" is null) and not (source_data."is_authentic" is null))
            or
            ((not snapshotted_data."is_authentic" is null) and (source_data."is_authentic" is null))
        ) or snapshotted_data."thumbnail_url" != source_data."thumbnail_url"
        or
        (
            ((snapshotted_data."thumbnail_url" is null) and not (source_data."thumbnail_url" is null))
            or
            ((not snapshotted_data."thumbnail_url" is null) and (source_data."thumbnail_url" is null))
        ) or snapshotted_data."url" != source_data."url"
        or
        (
            ((snapshotted_data."url" is null) and not (source_data."url" is null))
            or
            ((not snapshotted_data."url" is null) and (source_data."url" is null))
        ) or snapshotted_data."url_key" != source_data."url_key"
        or
        (
            ((snapshotted_data."url_key" is null) and not (source_data."url_key" is null))
            or
            ((not snapshotted_data."url_key" is null) and (source_data."url_key" is null))
        ))
        )
    )

    select * from insertions
    union all
    select * from updates

    ) as __dbt_sbq
    where false
    limit 0

[0m15:32:19.985326 [debug] [Thread-1 (]: SQL status: SELECT 0 in 0.002 seconds
[0m15:32:19.989413 [debug] [Thread-1 (]: Using postgres connection "snapshot.tiki_gold.dim_product_snapshot"
[0m15:32:19.989956 [debug] [Thread-1 (]: On snapshot.tiki_gold.dim_product_snapshot: /* {"app": "dbt", "dbt_version": "1.12.3", "profile_name": "tiki", "target_name": "dev", "node_id": "snapshot.tiki_gold.dim_product_snapshot"} */
select * from (
        select now()::timestamp without time zone as dbt_snapshot_time
    ) as __dbt_sbq
    where false
    limit 0

[0m15:32:19.991443 [debug] [Thread-1 (]: SQL status: SELECT 0 in 0.001 seconds
[0m15:32:19.992318 [debug] [Thread-1 (]: Writing runtime sql for node "snapshot.tiki_gold.dim_product_snapshot"
[0m15:32:19.993276 [debug] [Thread-1 (]: Using postgres connection "snapshot.tiki_gold.dim_product_snapshot"
[0m15:32:19.994096 [debug] [Thread-1 (]: On snapshot.tiki_gold.dim_product_snapshot: /* {"app": "dbt", "dbt_version": "1.12.3", "profile_name": "tiki", "target_name": "dev", "node_id": "snapshot.tiki_gold.dim_product_snapshot"} */

      update "tiki"."gold"."dim_product_snapshot"
    set dbt_valid_to = DBT_INTERNAL_SOURCE.dbt_valid_to
    from "dim_product_snapshot__dbt_tmp153227463893" as DBT_INTERNAL_SOURCE
    where DBT_INTERNAL_SOURCE.dbt_scd_id::text = "tiki"."gold"."dim_product_snapshot".dbt_scd_id::text
      and DBT_INTERNAL_SOURCE.dbt_change_type::text in ('update'::text, 'delete'::text)
      
        and "tiki"."gold"."dim_product_snapshot".dbt_valid_to is null;
      


    insert into "tiki"."gold"."dim_product_snapshot" ("product_id", "sku", "name", "url_key", "url", "brand_id", "brand_name", "seller_id", "seller_name", "category_id", "category_name", "is_authentic", "thumbnail_url", "dbt_updated_at", "dbt_valid_from", "dbt_valid_to", "dbt_scd_id")
    select DBT_INTERNAL_SOURCE."product_id",DBT_INTERNAL_SOURCE."sku",DBT_INTERNAL_SOURCE."name",DBT_INTERNAL_SOURCE."url_key",DBT_INTERNAL_SOURCE."url",DBT_INTERNAL_SOURCE."brand_id",DBT_INTERNAL_SOURCE."brand_name",DBT_INTERNAL_SOURCE."seller_id",DBT_INTERNAL_SOURCE."seller_name",DBT_INTERNAL_SOURCE."category_id",DBT_INTERNAL_SOURCE."category_name",DBT_INTERNAL_SOURCE."is_authentic",DBT_INTERNAL_SOURCE."thumbnail_url",DBT_INTERNAL_SOURCE."dbt_updated_at",DBT_INTERNAL_SOURCE."dbt_valid_from",DBT_INTERNAL_SOURCE."dbt_valid_to",DBT_INTERNAL_SOURCE."dbt_scd_id"
    from "dim_product_snapshot__dbt_tmp153227463893" as DBT_INTERNAL_SOURCE
    where DBT_INTERNAL_SOURCE.dbt_change_type::text = 'insert'::text;

  
[0m15:32:19.998218 [debug] [Thread-1 (]: SQL status: INSERT 0 0 in 0.003 seconds
[0m15:32:20.020593 [debug] [Thread-1 (]: On snapshot.tiki_gold.dim_product_snapshot: COMMIT
[0m15:32:20.021300 [debug] [Thread-1 (]: Using postgres connection "snapshot.tiki_gold.dim_product_snapshot"
[0m15:32:20.021880 [debug] [Thread-1 (]: On snapshot.tiki_gold.dim_product_snapshot: COMMIT
[0m15:32:20.025225 [debug] [Thread-1 (]: SQL status: COMMIT in 0.003 seconds
[0m15:32:20.029668 [debug] [Thread-1 (]: On snapshot.tiki_gold.dim_product_snapshot: Close
[0m15:32:20.032326 [debug] [Thread-1 (]: Sending event: {'category': 'dbt', 'action': 'run_model', 'label': 'c49bcffd-8b3e-442b-a9e4-bb2335311fe0', 'context': [<snowplow_tracker.self_describing_json.SelfDescribingJson object at 0x7401d83b1a00>]}
[0m15:32:20.033622 [info ] [Thread-1 (]: 1 of 1 OK snapshotted gold.dim_product_snapshot ................................ [[32mINSERT 0 0[0m in 1.05s]
[0m15:32:20.034625 [debug] [Thread-1 (]: Finished running node snapshot.tiki_gold.dim_product_snapshot
[0m15:32:20.037410 [debug] [MainThread]: On master: COMMIT
[0m15:32:20.038087 [debug] [MainThread]: Using postgres connection "master"
[0m15:32:20.038523 [debug] [MainThread]: On master: COMMIT
[0m15:32:20.038937 [debug] [MainThread]: Opening a new connection, currently in state closed
[0m15:32:20.053466 [debug] [MainThread]: SQL status: COMMIT in 0.014 seconds
[0m15:32:20.054096 [debug] [MainThread]: On master: Close
[0m15:32:20.054845 [debug] [MainThread]: Connection 'master' was properly closed.
[0m15:32:20.055377 [debug] [MainThread]: Connection 'snapshot.tiki_gold.dim_product_snapshot' was properly closed.
[0m15:32:20.055803 [debug] [MainThread]: Connection 'list_tiki_gold' was properly closed.
[0m15:32:20.056420 [info ] [MainThread]: 
[0m15:32:20.056964 [info ] [MainThread]: Finished running 1 snapshot in 0 hours 0 minutes and 1.23 seconds (1.23s).
[0m15:32:20.058018 [debug] [MainThread]: Command end result
[0m15:32:20.099456 [debug] [MainThread]: Wrote artifact WritableManifest to /home/hai/tiki-crawl/dbt/target/manifest.json
[0m15:32:20.102458 [debug] [MainThread]: Wrote artifact SemanticManifest to /home/hai/tiki-crawl/dbt/target/semantic_manifest.json
[0m15:32:20.106188 [debug] [MainThread]: Wrote artifact OsiDocument to /home/hai/tiki-crawl/dbt/target/osi_document.json
[0m15:32:20.114575 [debug] [MainThread]: Wrote artifact RunExecutionResult to /home/hai/tiki-crawl/dbt/target/run_results.json
[0m15:32:20.115162 [info ] [MainThread]: 
[0m15:32:20.115923 [info ] [MainThread]: [32mCompleted successfully[0m
[0m15:32:20.116491 [info ] [MainThread]: 
[0m15:32:20.117044 [info ] [MainThread]: Done. PASS=1 WARN=0 ERROR=0 SKIP=0 NO-OP=0 REUSED=0 TOTAL=1
[0m15:32:20.118204 [debug] [MainThread]: Resource report: {"command_name": "snapshot", "command_success": true, "command_wall_clock_time": 2.6441886, "process_in_blocks": "880", "process_kernel_time": 0.547971, "process_mem_max_rss": "134116", "process_out_blocks": "2312", "process_user_time": 2.783695}
[0m15:32:20.118789 [debug] [MainThread]: Command `dbt snapshot` succeeded at 15:32:20.118675 after 2.64 seconds
[0m15:32:20.119235 [debug] [MainThread]: Sending event: {'category': 'dbt', 'action': 'invocation', 'label': 'end', 'context': [<snowplow_tracker.self_describing_json.SelfDescribingJson object at 0x7401d671b680>, <snowplow_tracker.self_describing_json.SelfDescribingJson object at 0x7401d53e6ba0>, <snowplow_tracker.self_describing_json.SelfDescribingJson object at 0x7401d53e7440>]}
[0m15:32:20.119702 [debug] [MainThread]: Flushing usage events
[0m15:32:21.191223 [debug] [MainThread]: An error was encountered while trying to flush usage events
[0m15:32:48.888745 [debug] [MainThread]: Sending event: {'category': 'dbt', 'action': 'invocation', 'label': 'start', 'context': [<snowplow_tracker.self_describing_json.SelfDescribingJson object at 0x77f184a4c5c0>, <snowplow_tracker.self_describing_json.SelfDescribingJson object at 0x77f186d77890>, <snowplow_tracker.self_describing_json.SelfDescribingJson object at 0x77f184a4e630>]}


============================== 15:32:48.893140 | 40a82cbd-e395-4a87-8b84-16f20ed43293 ==============================
[0m15:32:48.893140 [info ] [MainThread]: Running with dbt=1.12.3
[0m15:32:48.893775 [debug] [MainThread]: running dbt with arguments {'cache_selected_only': 'False', 'use_colors': 'True', 'use_experimental_parser': 'False', 'profiles_dir': '.', 'log_cache_events': 'False', 'fail_fast': 'False', 'target_path': 'None', 'indirect_selection': 'eager', 'quiet': 'False', 'version_check': 'True', 'partial_parse': 'True', 'write_json': 'True', 'debug': 'False', 'hints_enabled': 'True', 'warn_error': 'None', 'no_print': 'None', 'printer_width': '80', 'log_format': 'default', 'warn_error_options': 'WarnErrorOptionsV2(error=[], warn=[], silence=[])', 'maximum_seed_size_mib': '1', 'empty': 'False', 'introspect': 'True', 'log_path': '/home/hai/tiki-crawl/dbt/logs', 'send_anonymous_usage_stats': 'True', 'static_parser': 'True', 'invocation_command': 'dbt run --profiles-dir .'}
[0m15:32:49.103839 [debug] [MainThread]: Sending event: {'category': 'dbt', 'action': 'project_id', 'label': '40a82cbd-e395-4a87-8b84-16f20ed43293', 'context': [<snowplow_tracker.self_describing_json.SelfDescribingJson object at 0x77f187c953a0>]}
[0m15:32:57.388605 [debug] [MainThread]: Sending event: {'category': 'dbt', 'action': 'adapter_info', 'label': '40a82cbd-e395-4a87-8b84-16f20ed43293', 'context': [<snowplow_tracker.self_describing_json.SelfDescribingJson object at 0x77f184ac7380>]}
[0m15:32:57.390874 [info ] [MainThread]: Registered adapter: postgres=1.11.0
[0m15:32:57.502287 [debug] [MainThread]: checksum: b11284278684f540b15704c99909c8df3c16bdaf6844ccd0ae0d76372c1b52b6, vars: {}, profile: tiki, target: dev, version: 1.12.3
[0m15:32:48.975842 [debug] [MainThread]: Partial parsing enabled: 0 files deleted, 0 files added, 0 files changed.
[0m15:32:48.976375 [debug] [MainThread]: Nothing changed, skipping partial parsing.
[0m15:32:48.976731 [debug] [MainThread]: Partial parsing enabled, no changes found, skipping parsing
[0m15:32:48.988720 [debug] [MainThread]: Sending event: {'category': 'dbt', 'action': 'load_project', 'label': '40a82cbd-e395-4a87-8b84-16f20ed43293', 'context': [<snowplow_tracker.self_describing_json.SelfDescribingJson object at 0x77f183f2a5d0>]}
[0m15:32:49.194827 [debug] [MainThread]: Wrote artifact WritableManifest to /home/hai/tiki-crawl/dbt/target/manifest.json
[0m15:32:49.197759 [debug] [MainThread]: Wrote artifact SemanticManifest to /home/hai/tiki-crawl/dbt/target/semantic_manifest.json
[0m15:32:49.212896 [debug] [MainThread]: Wrote artifact OsiDocument to /home/hai/tiki-crawl/dbt/target/osi_document.json
[0m15:32:49.224190 [debug] [MainThread]: Sending event: {'category': 'dbt', 'action': 'resource_counts', 'label': '40a82cbd-e395-4a87-8b84-16f20ed43293', 'context': [<snowplow_tracker.self_describing_json.SelfDescribingJson object at 0x77f182b2e990>]}
[0m15:32:49.224821 [info ] [MainThread]: Found 2 models, 1 snapshot, 1 source, 478 macros
[0m15:32:49.225419 [debug] [MainThread]: Sending event: {'category': 'dbt', 'action': 'runnable_timing', 'label': '40a82cbd-e395-4a87-8b84-16f20ed43293', 'context': [<snowplow_tracker.self_describing_json.SelfDescribingJson object at 0x77f184708bc0>]}
[0m15:32:49.227580 [info ] [MainThread]: 
[0m15:32:49.228031 [info ] [MainThread]: Concurrency: 4 threads (target='dev')
[0m15:32:49.228400 [info ] [MainThread]: 
[0m15:32:49.229022 [debug] [MainThread]: Acquiring new postgres connection 'master'
[0m15:32:49.235171 [debug] [ThreadPool]: Acquiring new postgres connection 'list_tiki'
[0m15:32:49.236206 [debug] [ThreadPool]: Acquiring new postgres connection 'list_tiki'
[0m15:32:49.288874 [debug] [ThreadPool]: Using postgres connection "list_tiki"
[0m15:32:49.290126 [debug] [ThreadPool]: Using postgres connection "list_tiki"
[0m15:32:49.291378 [debug] [ThreadPool]: On list_tiki: /* {"app": "dbt", "dbt_version": "1.12.3", "profile_name": "tiki", "target_name": "dev", "connection_name": "list_tiki"} */

    select distinct nspname from pg_namespace
  
[0m15:32:49.292140 [debug] [ThreadPool]: On list_tiki: /* {"app": "dbt", "dbt_version": "1.12.3", "profile_name": "tiki", "target_name": "dev", "connection_name": "list_tiki"} */

    select distinct nspname from pg_namespace
  
[0m15:32:49.292720 [debug] [ThreadPool]: Opening a new connection, currently in state init
[0m15:32:49.293217 [debug] [ThreadPool]: Opening a new connection, currently in state init
[0m15:32:49.312890 [debug] [ThreadPool]: SQL status: SELECT 9 in 0.020 seconds
[0m15:32:49.313594 [debug] [ThreadPool]: SQL status: SELECT 9 in 0.021 seconds
[0m15:32:49.315334 [debug] [ThreadPool]: On list_tiki: Close
[0m15:32:49.317003 [debug] [ThreadPool]: On list_tiki: Close
[0m15:32:49.320188 [debug] [ThreadPool]: Re-using an available connection from the pool (formerly list_tiki, now list_tiki_gold)
[0m15:32:49.321046 [debug] [ThreadPool]: Re-using an available connection from the pool (formerly list_tiki, now list_tiki_staging)
[0m15:32:49.327857 [debug] [ThreadPool]: Using postgres connection "list_tiki_gold"
[0m15:32:49.329937 [debug] [ThreadPool]: Using postgres connection "list_tiki_staging"
[0m15:32:49.330768 [debug] [ThreadPool]: On list_tiki_gold: /* {"app": "dbt", "dbt_version": "1.12.3", "profile_name": "tiki", "target_name": "dev", "connection_name": "list_tiki_gold"} */
select
      'tiki' as database,
      tablename as name,
      schemaname as schema,
      'table' as type
    from pg_tables
    where schemaname ilike 'gold'
    union all
    select
      'tiki' as database,
      viewname as name,
      schemaname as schema,
      'view' as type
    from pg_views
    where schemaname ilike 'gold'
    union all
    select
      'tiki' as database,
      matviewname as name,
      schemaname as schema,
      'materialized_view' as type
    from pg_matviews
    where schemaname ilike 'gold'
    union all
    select distinct
     'tiki' as database,
     proname as name,
     ns.nspname as schema,
     'function' as type
    from pg_proc
     join pg_namespace as ns on pronamespace = ns.oid
    where ns.nspname ilike 'gold'
  
[0m15:32:49.331473 [debug] [ThreadPool]: On list_tiki_staging: /* {"app": "dbt", "dbt_version": "1.12.3", "profile_name": "tiki", "target_name": "dev", "connection_name": "list_tiki_staging"} */
select
      'tiki' as database,
      tablename as name,
      schemaname as schema,
      'table' as type
    from pg_tables
    where schemaname ilike 'staging'
    union all
    select
      'tiki' as database,
      viewname as name,
      schemaname as schema,
      'view' as type
    from pg_views
    where schemaname ilike 'staging'
    union all
    select
      'tiki' as database,
      matviewname as name,
      schemaname as schema,
      'materialized_view' as type
    from pg_matviews
    where schemaname ilike 'staging'
    union all
    select distinct
     'tiki' as database,
     proname as name,
     ns.nspname as schema,
     'function' as type
    from pg_proc
     join pg_namespace as ns on pronamespace = ns.oid
    where ns.nspname ilike 'staging'
  
[0m15:32:49.332046 [debug] [ThreadPool]: Opening a new connection, currently in state closed
[0m15:32:49.332476 [debug] [ThreadPool]: Opening a new connection, currently in state closed
[0m15:32:49.351919 [debug] [ThreadPool]: SQL status: SELECT 0 in 0.019 seconds
[0m15:32:49.352433 [debug] [ThreadPool]: SQL status: SELECT 2 in 0.020 seconds
[0m15:32:49.354671 [debug] [ThreadPool]: On list_tiki_staging: ROLLBACK
[0m15:32:49.357263 [debug] [ThreadPool]: On list_tiki_gold: ROLLBACK
[0m15:32:49.358449 [debug] [ThreadPool]: On list_tiki_staging: Close
[0m15:32:49.358836 [debug] [ThreadPool]: On list_tiki_gold: Close
[0m15:32:49.364594 [debug] [MainThread]: Using postgres connection "master"
[0m15:32:49.365460 [debug] [MainThread]: On master: /* {"app": "dbt", "dbt_version": "1.12.3", "profile_name": "tiki", "target_name": "dev", "connection_name": "master"} */
select distinct
        dependent_namespace.nspname as dependent_schema,
        dependent_class.relname as dependent_name,
        referenced_namespace.nspname as referenced_schema,
        referenced_class.relname as referenced_name

    -- Query for views: views are entries in pg_class with an entry in pg_rewrite, but we avoid
    -- a seq scan on pg_rewrite by leveraging the fact there is an "internal" row in pg_depend for
    -- the view...
    from pg_class as dependent_class
    join pg_namespace as dependent_namespace on dependent_namespace.oid = dependent_class.relnamespace
    join pg_depend as dependent_depend on dependent_depend.refobjid = dependent_class.oid
        and dependent_depend.classid = 'pg_rewrite'::regclass
        and dependent_depend.refclassid = 'pg_class'::regclass
        and dependent_depend.deptype = 'i'

    -- ... and via pg_depend (that has a row per column, hence the need for "distinct" above, and
    -- making sure to exclude the internal row to avoid a view appearing to depend on itself)...
    join pg_depend as joining_depend on joining_depend.objid = dependent_depend.objid
        and joining_depend.classid = 'pg_rewrite'::regclass
        and joining_depend.refclassid = 'pg_class'::regclass
        and joining_depend.refobjid != dependent_depend.refobjid

    -- ... we can find the tables they query from in pg_class, but excluding system tables. Note we
    -- don't need need to exclude _dependent_ system tables, because they only query from other
    -- system tables, and so are automatically excluded by excluding _referenced_ system tables
    join pg_class as referenced_class on referenced_class.oid = joining_depend.refobjid
    join pg_namespace as referenced_namespace on referenced_namespace.oid = referenced_class.relnamespace
        and referenced_namespace.nspname != 'information_schema'
        and referenced_namespace.nspname not like 'pg\_%'

    order by
        dependent_schema, dependent_name, referenced_schema, referenced_name;
[0m15:32:49.365936 [debug] [MainThread]: Opening a new connection, currently in state init
[0m15:32:49.383283 [debug] [MainThread]: SQL status: SELECT 0 in 0.017 seconds
[0m15:32:49.385084 [debug] [MainThread]: Sending event: {'category': 'dbt', 'action': 'runnable_timing', 'label': '40a82cbd-e395-4a87-8b84-16f20ed43293', 'context': [<snowplow_tracker.self_describing_json.SelfDescribingJson object at 0x77f182b2f440>]}
[0m15:32:49.385795 [debug] [MainThread]: On master: ROLLBACK
[0m15:32:49.386829 [debug] [MainThread]: On master: COMMIT
[0m15:32:49.387291 [debug] [MainThread]: Using postgres connection "master"
[0m15:32:49.387683 [debug] [MainThread]: On master: COMMIT
[0m15:32:49.389025 [debug] [MainThread]: SQL status: COMMIT in 0.001 seconds
[0m15:32:49.389419 [debug] [MainThread]: On master: Close
[0m15:32:49.394921 [debug] [Thread-1 (]: Began running node model.tiki_gold.stg_listings
[0m15:32:49.395735 [info ] [Thread-1 (]: 1 of 2 START sql view model staging.stg_listings ............................... [RUN]
[0m15:32:49.396366 [debug] [Thread-1 (]: Re-using an available connection from the pool (formerly list_tiki_gold, now model.tiki_gold.stg_listings)
[0m15:32:49.396835 [debug] [Thread-1 (]: Began compiling node model.tiki_gold.stg_listings
[0m15:32:49.405272 [debug] [Thread-1 (]: Writing injected SQL for node "model.tiki_gold.stg_listings"
[0m15:32:49.406153 [debug] [Thread-1 (]: Began executing node model.tiki_gold.stg_listings
[0m15:32:49.448546 [debug] [Thread-1 (]: Writing runtime sql for node "model.tiki_gold.stg_listings"
[0m15:32:49.449637 [debug] [Thread-1 (]: Using postgres connection "model.tiki_gold.stg_listings"
[0m15:32:49.450166 [debug] [Thread-1 (]: On model.tiki_gold.stg_listings: /* {"app": "dbt", "dbt_version": "1.12.3", "profile_name": "tiki", "target_name": "dev", "node_id": "model.tiki_gold.stg_listings"} */

  create view "tiki"."staging"."stg_listings__dbt_tmp"
    
    
  as (
    select
    product_id::bigint                as product_id,
    sku,
    name,
    url_key,
    url,
    price::bigint                     as price,
    list_price::bigint                as list_price,
    discount::bigint                  as discount,
    discount_rate::int                as discount_rate,
    rating_average::double precision  as rating_average,
    review_count::int                 as review_count,
    quantity_sold::int                as quantity_sold,
    brand_id::int                     as brand_id,
    brand_name,
    seller_id::bigint                 as seller_id,
    seller_name,
    category_id::bigint               as category_id,
    primary_category_name             as category_name,
    inventory_status,
    is_authentic::boolean             as is_authentic,
    thumbnail_url,
    badge_count::int                  as badge_count,
    page::int                         as page,
    crawled_at::timestamp             as crawled_at,
    dt::date                          as dt,
    hour::int                         as hour,
    category                          as category_slug

from "tiki"."raw"."listings"
  );
[0m15:32:49.450637 [debug] [Thread-1 (]: Opening a new connection, currently in state closed
[0m15:32:49.466754 [debug] [Thread-1 (]: SQL status: CREATE VIEW in 0.016 seconds
[0m15:32:49.473478 [debug] [Thread-1 (]: Using postgres connection "model.tiki_gold.stg_listings"
[0m15:32:49.474414 [debug] [Thread-1 (]: On model.tiki_gold.stg_listings: /* {"app": "dbt", "dbt_version": "1.12.3", "profile_name": "tiki", "target_name": "dev", "node_id": "model.tiki_gold.stg_listings"} */
alter table "tiki"."staging"."stg_listings__dbt_tmp" rename to "stg_listings"
[0m15:32:49.475988 [debug] [Thread-1 (]: SQL status: ALTER TABLE in 0.001 seconds
[0m15:32:49.578134 [debug] [Thread-1 (]: On model.tiki_gold.stg_listings: COMMIT
[0m15:32:49.578795 [debug] [Thread-1 (]: Using postgres connection "model.tiki_gold.stg_listings"
[0m15:32:49.579297 [debug] [Thread-1 (]: On model.tiki_gold.stg_listings: COMMIT
[0m15:32:49.583222 [debug] [Thread-1 (]: SQL status: COMMIT in 0.003 seconds
[0m15:32:49.589505 [debug] [Thread-1 (]: Applying DROP to: "tiki"."staging"."stg_listings__dbt_backup"
[0m15:32:49.596165 [debug] [Thread-1 (]: Using postgres connection "model.tiki_gold.stg_listings"
[0m15:32:49.596684 [debug] [Thread-1 (]: On model.tiki_gold.stg_listings: /* {"app": "dbt", "dbt_version": "1.12.3", "profile_name": "tiki", "target_name": "dev", "node_id": "model.tiki_gold.stg_listings"} */
drop view if exists "tiki"."staging"."stg_listings__dbt_backup" cascade
[0m15:32:49.597934 [debug] [Thread-1 (]: SQL status: DROP VIEW in 0.001 seconds
[0m15:32:49.600494 [debug] [Thread-1 (]: On model.tiki_gold.stg_listings: Close
[0m15:32:49.602784 [debug] [Thread-1 (]: Sending event: {'category': 'dbt', 'action': 'run_model', 'label': '40a82cbd-e395-4a87-8b84-16f20ed43293', 'context': [<snowplow_tracker.self_describing_json.SelfDescribingJson object at 0x77f185d35be0>]}
[0m15:32:49.603764 [info ] [Thread-1 (]: 1 of 2 OK created sql view model staging.stg_listings .......................... [[32mCREATE VIEW[0m in 0.21s]
[0m15:32:49.604474 [debug] [Thread-1 (]: Finished running node model.tiki_gold.stg_listings
[0m15:32:49.606130 [debug] [Thread-3 (]: Began running node model.tiki_gold.fact_price_daily
[0m15:32:49.607016 [info ] [Thread-3 (]: 2 of 2 START sql table model gold.fact_price_daily ............................. [RUN]
[0m15:32:49.607857 [debug] [Thread-3 (]: Acquiring new postgres connection 'model.tiki_gold.fact_price_daily'
[0m15:32:49.608555 [debug] [Thread-3 (]: Began compiling node model.tiki_gold.fact_price_daily
[0m15:32:49.611898 [debug] [Thread-3 (]: Writing injected SQL for node "model.tiki_gold.fact_price_daily"
[0m15:32:49.612754 [debug] [Thread-3 (]: Began executing node model.tiki_gold.fact_price_daily
[0m15:32:49.638198 [debug] [Thread-3 (]: Writing runtime sql for node "model.tiki_gold.fact_price_daily"
[0m15:32:49.639243 [debug] [Thread-3 (]: Using postgres connection "model.tiki_gold.fact_price_daily"
[0m15:32:49.639735 [debug] [Thread-3 (]: On model.tiki_gold.fact_price_daily: /* {"app": "dbt", "dbt_version": "1.12.3", "profile_name": "tiki", "target_name": "dev", "node_id": "model.tiki_gold.fact_price_daily"} */

  
    

  create  table "tiki"."gold"."fact_price_daily__dbt_tmp"
  
  
    as
  
  (
    select distinct on (product_id, dt, hour)
    product_id,
    dt,
    hour,
    price,
    list_price,
    discount,
    discount_rate,
    rating_average,
    review_count,
    quantity_sold,
    inventory_status,
    badge_count,
    page,
    crawled_at
from "tiki"."staging"."stg_listings"
order by product_id, dt, hour, category_slug
  );
  
[0m15:32:49.640170 [debug] [Thread-3 (]: Opening a new connection, currently in state init
[0m15:32:49.866640 [debug] [Thread-3 (]: SQL status: SELECT 56128 in 0.226 seconds
[0m15:32:49.873042 [debug] [Thread-3 (]: Using postgres connection "model.tiki_gold.fact_price_daily"
[0m15:32:49.873897 [debug] [Thread-3 (]: On model.tiki_gold.fact_price_daily: /* {"app": "dbt", "dbt_version": "1.12.3", "profile_name": "tiki", "target_name": "dev", "node_id": "model.tiki_gold.fact_price_daily"} */
alter table "tiki"."gold"."fact_price_daily" rename to "fact_price_daily__dbt_backup"
[0m15:32:49.893153 [debug] [Thread-3 (]: SQL status: ALTER TABLE in 0.019 seconds
[0m15:32:49.896445 [debug] [Thread-3 (]: Using postgres connection "model.tiki_gold.fact_price_daily"
[0m15:32:49.896938 [debug] [Thread-3 (]: On model.tiki_gold.fact_price_daily: /* {"app": "dbt", "dbt_version": "1.12.3", "profile_name": "tiki", "target_name": "dev", "node_id": "model.tiki_gold.fact_price_daily"} */
alter table "tiki"."gold"."fact_price_daily__dbt_tmp" rename to "fact_price_daily"
[0m15:32:49.898674 [debug] [Thread-3 (]: SQL status: ALTER TABLE in 0.001 seconds
[0m15:32:49.902608 [debug] [Thread-3 (]: On model.tiki_gold.fact_price_daily: COMMIT
[0m15:32:49.903290 [debug] [Thread-3 (]: Using postgres connection "model.tiki_gold.fact_price_daily"
[0m15:32:49.903738 [debug] [Thread-3 (]: On model.tiki_gold.fact_price_daily: COMMIT
[0m15:32:49.917270 [debug] [Thread-3 (]: SQL status: COMMIT in 0.013 seconds
[0m15:32:49.919463 [debug] [Thread-3 (]: Applying DROP to: "tiki"."gold"."fact_price_daily__dbt_backup"
[0m15:32:49.923904 [debug] [Thread-3 (]: Using postgres connection "model.tiki_gold.fact_price_daily"
[0m15:32:49.924567 [debug] [Thread-3 (]: On model.tiki_gold.fact_price_daily: /* {"app": "dbt", "dbt_version": "1.12.3", "profile_name": "tiki", "target_name": "dev", "node_id": "model.tiki_gold.fact_price_daily"} */
drop table if exists "tiki"."gold"."fact_price_daily__dbt_backup" cascade
[0m15:32:49.928673 [debug] [Thread-3 (]: SQL status: DROP TABLE in 0.004 seconds
[0m15:32:49.930703 [debug] [Thread-3 (]: On model.tiki_gold.fact_price_daily: Close
[0m15:32:49.931695 [debug] [Thread-3 (]: Sending event: {'category': 'dbt', 'action': 'run_model', 'label': '40a82cbd-e395-4a87-8b84-16f20ed43293', 'context': [<snowplow_tracker.self_describing_json.SelfDescribingJson object at 0x77f184c9e300>]}
[0m15:32:49.932455 [info ] [Thread-3 (]: 2 of 2 OK created sql table model gold.fact_price_daily ........................ [[32mSELECT 56128[0m in 0.32s]
[0m15:32:49.933232 [debug] [Thread-3 (]: Finished running node model.tiki_gold.fact_price_daily
[0m15:32:49.936102 [debug] [MainThread]: On master: COMMIT
[0m15:32:49.936760 [debug] [MainThread]: Using postgres connection "master"
[0m15:32:49.937183 [debug] [MainThread]: On master: COMMIT
[0m15:32:49.937545 [debug] [MainThread]: Opening a new connection, currently in state closed
[0m15:32:49.948974 [debug] [MainThread]: SQL status: COMMIT in 0.011 seconds
[0m15:32:49.949575 [debug] [MainThread]: On master: Close
[0m15:32:49.950228 [debug] [MainThread]: Connection 'master' was properly closed.
[0m15:32:49.950664 [debug] [MainThread]: Connection 'model.tiki_gold.stg_listings' was properly closed.
[0m15:32:49.951004 [debug] [MainThread]: Connection 'list_tiki_staging' was properly closed.
[0m15:32:49.951328 [debug] [MainThread]: Connection 'model.tiki_gold.fact_price_daily' was properly closed.
[0m15:32:49.951736 [info ] [MainThread]: 
[0m15:32:49.952173 [info ] [MainThread]: Finished running 1 table model, 1 view model in 0 hours 0 minutes and 0.72 seconds (0.72s).
[0m15:32:49.953050 [debug] [MainThread]: Command end result
[0m15:32:49.991028 [debug] [MainThread]: Wrote artifact WritableManifest to /home/hai/tiki-crawl/dbt/target/manifest.json
[0m15:32:49.994296 [debug] [MainThread]: Wrote artifact SemanticManifest to /home/hai/tiki-crawl/dbt/target/semantic_manifest.json
[0m15:32:49.997769 [debug] [MainThread]: Wrote artifact OsiDocument to /home/hai/tiki-crawl/dbt/target/osi_document.json
[0m15:32:50.005385 [debug] [MainThread]: Wrote artifact RunExecutionResult to /home/hai/tiki-crawl/dbt/target/run_results.json
[0m15:32:50.005861 [info ] [MainThread]: 
[0m15:32:50.006344 [info ] [MainThread]: [32mCompleted successfully[0m
[0m15:32:50.006836 [info ] [MainThread]: 
[0m15:32:50.007254 [info ] [MainThread]: Done. PASS=2 WARN=0 ERROR=0 SKIP=0 NO-OP=0 REUSED=0 TOTAL=2
[0m15:32:50.008459 [debug] [MainThread]: Resource report: {"command_name": "run", "command_success": true, "command_wall_clock_time": 1.7143369, "process_in_blocks": "0", "process_kernel_time": 0.427671, "process_mem_max_rss": "133320", "process_out_blocks": "2288", "process_user_time": 2.792659}
[0m15:32:50.008991 [debug] [MainThread]: Command `dbt run` succeeded at 15:32:50.008879 after 1.72 seconds
[0m15:32:50.009427 [debug] [MainThread]: Sending event: {'category': 'dbt', 'action': 'invocation', 'label': 'end', 'context': [<snowplow_tracker.self_describing_json.SelfDescribingJson object at 0x77f185d5c6e0>, <snowplow_tracker.self_describing_json.SelfDescribingJson object at 0x77f1823eb500>, <snowplow_tracker.self_describing_json.SelfDescribingJson object at 0x77f1857d9b20>]}
[0m15:32:50.009891 [debug] [MainThread]: Flushing usage events
[0m15:32:51.095097 [debug] [MainThread]: An error was encountered while trying to flush usage events
[0m15:32:53.808201 [debug] [MainThread]: Sending event: {'category': 'dbt', 'action': 'invocation', 'label': 'start', 'context': [<snowplow_tracker.self_describing_json.SelfDescribingJson object at 0x7ea465cc6060>, <snowplow_tracker.self_describing_json.SelfDescribingJson object at 0x7ea4666abaa0>, <snowplow_tracker.self_describing_json.SelfDescribingJson object at 0x7ea4666a95b0>]}


============================== 15:32:53.811787 | fc1e0014-b142-4efa-ae33-2f4d733b899b ==============================
[0m15:32:53.811787 [info ] [MainThread]: Running with dbt=1.12.3
[0m15:32:53.812731 [debug] [MainThread]: running dbt with arguments {'warn_error_options': 'WarnErrorOptionsV2(error=[], warn=[], silence=[])', 'use_colors': 'True', 'profiles_dir': '.', 'cache_selected_only': 'False', 'debug': 'False', 'invocation_command': 'dbt snapshot --profiles-dir .', 'introspect': 'True', 'hints_enabled': 'True', 'log_cache_events': 'False', 'log_path': '/home/hai/tiki-crawl/dbt/logs', 'quiet': 'False', 'indirect_selection': 'eager', 'no_print': 'None', 'write_json': 'True', 'target_path': 'None', 'maximum_seed_size_mib': '1', 'empty': 'False', 'fail_fast': 'False', 'warn_error': 'None', 'log_format': 'default', 'printer_width': '80', 'partial_parse': 'True', 'static_parser': 'True', 'version_check': 'True', 'send_anonymous_usage_stats': 'True', 'use_experimental_parser': 'False'}
[0m15:32:54.024455 [debug] [MainThread]: Sending event: {'category': 'dbt', 'action': 'project_id', 'label': 'fc1e0014-b142-4efa-ae33-2f4d733b899b', 'context': [<snowplow_tracker.self_describing_json.SelfDescribingJson object at 0x7ea464fd2e70>]}
[0m15:32:54.126026 [debug] [MainThread]: Sending event: {'category': 'dbt', 'action': 'adapter_info', 'label': 'fc1e0014-b142-4efa-ae33-2f4d733b899b', 'context': [<snowplow_tracker.self_describing_json.SelfDescribingJson object at 0x7ea465133d70>]}
[0m15:32:54.127417 [info ] [MainThread]: Registered adapter: postgres=1.11.0
[0m15:33:02.452813 [debug] [MainThread]: checksum: b11284278684f540b15704c99909c8df3c16bdaf6844ccd0ae0d76372c1b52b6, vars: {}, profile: tiki, target: dev, version: 1.12.3
[0m15:32:53.947690 [debug] [MainThread]: Partial parsing enabled: 0 files deleted, 0 files added, 0 files changed.
[0m15:32:53.948514 [debug] [MainThread]: Nothing changed, skipping partial parsing.
[0m15:32:53.949059 [debug] [MainThread]: Partial parsing enabled, no changes found, skipping parsing
[0m15:32:53.963408 [debug] [MainThread]: Sending event: {'category': 'dbt', 'action': 'load_project', 'label': 'fc1e0014-b142-4efa-ae33-2f4d733b899b', 'context': [<snowplow_tracker.self_describing_json.SelfDescribingJson object at 0x7ea464ca8980>]}
[0m15:32:54.183230 [debug] [MainThread]: Wrote artifact WritableManifest to /home/hai/tiki-crawl/dbt/target/manifest.json
[0m15:32:54.187019 [debug] [MainThread]: Wrote artifact SemanticManifest to /home/hai/tiki-crawl/dbt/target/semantic_manifest.json
[0m15:32:54.203505 [debug] [MainThread]: Wrote artifact OsiDocument to /home/hai/tiki-crawl/dbt/target/osi_document.json
[0m15:32:54.215414 [debug] [MainThread]: Sending event: {'category': 'dbt', 'action': 'resource_counts', 'label': 'fc1e0014-b142-4efa-ae33-2f4d733b899b', 'context': [<snowplow_tracker.self_describing_json.SelfDescribingJson object at 0x7ea463136ea0>]}
[0m15:32:54.216058 [info ] [MainThread]: Found 2 models, 1 snapshot, 1 source, 478 macros
[0m15:32:54.216488 [debug] [MainThread]: Sending event: {'category': 'dbt', 'action': 'runnable_timing', 'label': 'fc1e0014-b142-4efa-ae33-2f4d733b899b', 'context': [<snowplow_tracker.self_describing_json.SelfDescribingJson object at 0x7ea466d60c80>]}
[0m15:32:54.218472 [info ] [MainThread]: 
[0m15:32:54.218965 [info ] [MainThread]: Concurrency: 4 threads (target='dev')
[0m15:32:54.219401 [info ] [MainThread]: 
[0m15:32:54.220028 [debug] [MainThread]: Acquiring new postgres connection 'master'
[0m15:32:54.221800 [debug] [ThreadPool]: Acquiring new postgres connection 'list_tiki'
[0m15:32:54.272910 [debug] [ThreadPool]: Using postgres connection "list_tiki"
[0m15:32:54.273519 [debug] [ThreadPool]: On list_tiki: /* {"app": "dbt", "dbt_version": "1.12.3", "profile_name": "tiki", "target_name": "dev", "connection_name": "list_tiki"} */

    select distinct nspname from pg_namespace
  
[0m15:32:54.274023 [debug] [ThreadPool]: Opening a new connection, currently in state init
[0m15:32:54.291856 [debug] [ThreadPool]: SQL status: SELECT 9 in 0.018 seconds
[0m15:32:54.293849 [debug] [ThreadPool]: On list_tiki: Close
[0m15:32:54.301681 [debug] [ThreadPool]: Re-using an available connection from the pool (formerly list_tiki, now list_tiki_staging)
[0m15:32:54.308551 [debug] [ThreadPool]: Acquiring new postgres connection 'list_tiki_gold'
[0m15:32:54.312853 [debug] [ThreadPool]: Using postgres connection "list_tiki_staging"
[0m15:32:54.315171 [debug] [ThreadPool]: Using postgres connection "list_tiki_gold"
[0m15:32:54.316101 [debug] [ThreadPool]: On list_tiki_staging: /* {"app": "dbt", "dbt_version": "1.12.3", "profile_name": "tiki", "target_name": "dev", "connection_name": "list_tiki_staging"} */
select
      'tiki' as database,
      tablename as name,
      schemaname as schema,
      'table' as type
    from pg_tables
    where schemaname ilike 'staging'
    union all
    select
      'tiki' as database,
      viewname as name,
      schemaname as schema,
      'view' as type
    from pg_views
    where schemaname ilike 'staging'
    union all
    select
      'tiki' as database,
      matviewname as name,
      schemaname as schema,
      'materialized_view' as type
    from pg_matviews
    where schemaname ilike 'staging'
    union all
    select distinct
     'tiki' as database,
     proname as name,
     ns.nspname as schema,
     'function' as type
    from pg_proc
     join pg_namespace as ns on pronamespace = ns.oid
    where ns.nspname ilike 'staging'
  
[0m15:32:54.316733 [debug] [ThreadPool]: On list_tiki_gold: /* {"app": "dbt", "dbt_version": "1.12.3", "profile_name": "tiki", "target_name": "dev", "connection_name": "list_tiki_gold"} */
select
      'tiki' as database,
      tablename as name,
      schemaname as schema,
      'table' as type
    from pg_tables
    where schemaname ilike 'gold'
    union all
    select
      'tiki' as database,
      viewname as name,
      schemaname as schema,
      'view' as type
    from pg_views
    where schemaname ilike 'gold'
    union all
    select
      'tiki' as database,
      matviewname as name,
      schemaname as schema,
      'materialized_view' as type
    from pg_matviews
    where schemaname ilike 'gold'
    union all
    select distinct
     'tiki' as database,
     proname as name,
     ns.nspname as schema,
     'function' as type
    from pg_proc
     join pg_namespace as ns on pronamespace = ns.oid
    where ns.nspname ilike 'gold'
  
[0m15:32:54.317353 [debug] [ThreadPool]: Opening a new connection, currently in state closed
[0m15:32:54.317999 [debug] [ThreadPool]: Opening a new connection, currently in state init
[0m15:32:54.339589 [debug] [ThreadPool]: SQL status: SELECT 2 in 0.021 seconds
[0m15:32:54.340724 [debug] [ThreadPool]: SQL status: SELECT 1 in 0.023 seconds
[0m15:32:54.343354 [debug] [ThreadPool]: On list_tiki_gold: ROLLBACK
[0m15:32:54.345321 [debug] [ThreadPool]: On list_tiki_staging: ROLLBACK
[0m15:32:54.346654 [debug] [ThreadPool]: On list_tiki_staging: Close
[0m15:32:54.347252 [debug] [ThreadPool]: On list_tiki_gold: Close
[0m15:32:54.354726 [debug] [MainThread]: Using postgres connection "master"
[0m15:32:54.355441 [debug] [MainThread]: On master: /* {"app": "dbt", "dbt_version": "1.12.3", "profile_name": "tiki", "target_name": "dev", "connection_name": "master"} */
select distinct
        dependent_namespace.nspname as dependent_schema,
        dependent_class.relname as dependent_name,
        referenced_namespace.nspname as referenced_schema,
        referenced_class.relname as referenced_name

    -- Query for views: views are entries in pg_class with an entry in pg_rewrite, but we avoid
    -- a seq scan on pg_rewrite by leveraging the fact there is an "internal" row in pg_depend for
    -- the view...
    from pg_class as dependent_class
    join pg_namespace as dependent_namespace on dependent_namespace.oid = dependent_class.relnamespace
    join pg_depend as dependent_depend on dependent_depend.refobjid = dependent_class.oid
        and dependent_depend.classid = 'pg_rewrite'::regclass
        and dependent_depend.refclassid = 'pg_class'::regclass
        and dependent_depend.deptype = 'i'

    -- ... and via pg_depend (that has a row per column, hence the need for "distinct" above, and
    -- making sure to exclude the internal row to avoid a view appearing to depend on itself)...
    join pg_depend as joining_depend on joining_depend.objid = dependent_depend.objid
        and joining_depend.classid = 'pg_rewrite'::regclass
        and joining_depend.refclassid = 'pg_class'::regclass
        and joining_depend.refobjid != dependent_depend.refobjid

    -- ... we can find the tables they query from in pg_class, but excluding system tables. Note we
    -- don't need need to exclude _dependent_ system tables, because they only query from other
    -- system tables, and so are automatically excluded by excluding _referenced_ system tables
    join pg_class as referenced_class on referenced_class.oid = joining_depend.refobjid
    join pg_namespace as referenced_namespace on referenced_namespace.oid = referenced_class.relnamespace
        and referenced_namespace.nspname != 'information_schema'
        and referenced_namespace.nspname not like 'pg\_%'

    order by
        dependent_schema, dependent_name, referenced_schema, referenced_name;
[0m15:32:54.355951 [debug] [MainThread]: Opening a new connection, currently in state init
[0m15:32:54.377421 [debug] [MainThread]: SQL status: SELECT 1 in 0.021 seconds
[0m15:32:54.379538 [debug] [MainThread]: Sending event: {'category': 'dbt', 'action': 'runnable_timing', 'label': 'fc1e0014-b142-4efa-ae33-2f4d733b899b', 'context': [<snowplow_tracker.self_describing_json.SelfDescribingJson object at 0x7ea464eec380>]}
[0m15:32:54.380537 [debug] [MainThread]: On master: ROLLBACK
[0m15:32:54.381789 [debug] [MainThread]: On master: COMMIT
[0m15:32:54.382608 [debug] [MainThread]: Using postgres connection "master"
[0m15:32:54.383076 [debug] [MainThread]: On master: COMMIT
[0m15:32:54.384534 [debug] [MainThread]: SQL status: COMMIT in 0.001 seconds
[0m15:32:54.385143 [debug] [MainThread]: On master: Close
[0m15:32:54.392022 [debug] [Thread-1 (]: Began running node snapshot.tiki_gold.dim_product_snapshot
[0m15:32:54.393175 [info ] [Thread-1 (]: 1 of 1 START snapshot gold.dim_product_snapshot ................................ [RUN]
[0m15:32:54.394148 [debug] [Thread-1 (]: Re-using an available connection from the pool (formerly list_tiki_gold, now snapshot.tiki_gold.dim_product_snapshot)
[0m15:32:54.395016 [debug] [Thread-1 (]: Began compiling node snapshot.tiki_gold.dim_product_snapshot
[0m15:32:54.405964 [debug] [Thread-1 (]: Writing injected SQL for node "snapshot.tiki_gold.dim_product_snapshot"
[0m15:32:54.407396 [debug] [Thread-1 (]: Began executing node snapshot.tiki_gold.dim_product_snapshot
[0m15:32:54.497134 [debug] [Thread-1 (]: Using postgres connection "snapshot.tiki_gold.dim_product_snapshot"
[0m15:32:54.498036 [debug] [Thread-1 (]: On snapshot.tiki_gold.dim_product_snapshot: /* {"app": "dbt", "dbt_version": "1.12.3", "profile_name": "tiki", "target_name": "dev", "node_id": "snapshot.tiki_gold.dim_product_snapshot"} */
select * from (
        select name, brand_id, brand_name, seller_id, seller_name, category_id, category_name, is_authentic, thumbnail_url, url, url_key from (
                



-- Moi lan snapshot chay: lay ban ghi MOI NHAT cua tung product_id trong lan
-- crawl vua nap (co the co nhieu dong trung product_id do trung category).
--
-- Tie-break bang category_slug (khong chi crawled_at): 1 san pham co the
-- xuat hien o 2 category CUNG luc, CUNG crawled_at (vd sach nam ca trong
-- "nha-sach-tiki" va "sach-tieng-viet") - neu khong co tie-break on dinh,
-- Postgres chon dong nao trong 2 dong tie la KHONG XAC DINH, khien
-- category_id doi qua doi lai giua cac lan chay va lam SCD2 tuong nham
-- la san pham doi category that (da gap bug nay that khi test lai).
select distinct on (product_id)
    product_id,
    sku,
    name,
    url_key,
    url,
    brand_id,
    brand_name,
    seller_id,
    seller_name,
    category_id,
    category_name,
    is_authentic,
    thumbnail_url
from "tiki"."staging"."stg_listings"
order by product_id, crawled_at desc, category_slug

            ) subq
    ) as __dbt_sbq
    where false
    limit 0

    
[0m15:32:54.498730 [debug] [Thread-1 (]: Opening a new connection, currently in state closed
[0m15:32:54.516299 [debug] [Thread-1 (]: SQL status: SELECT 0 in 0.017 seconds
[0m15:32:54.535606 [debug] [Thread-1 (]: Using postgres connection "snapshot.tiki_gold.dim_product_snapshot"
[0m15:32:54.536693 [debug] [Thread-1 (]: On snapshot.tiki_gold.dim_product_snapshot: /* {"app": "dbt", "dbt_version": "1.12.3", "profile_name": "tiki", "target_name": "dev", "node_id": "snapshot.tiki_gold.dim_product_snapshot"} */

      select
          column_name,
          data_type,
          character_maximum_length,
          numeric_precision,
          numeric_scale

      from "tiki".INFORMATION_SCHEMA.columns
      where table_name = 'dim_product_snapshot'
        
        and table_schema = 'gold'
        
      order by ordinal_position

  
[0m15:32:54.550506 [debug] [Thread-1 (]: SQL status: SELECT 17 in 0.013 seconds
[0m15:32:54.667146 [debug] [Thread-1 (]: Using postgres connection "snapshot.tiki_gold.dim_product_snapshot"
[0m15:32:54.668046 [debug] [Thread-1 (]: On snapshot.tiki_gold.dim_product_snapshot: /* {"app": "dbt", "dbt_version": "1.12.3", "profile_name": "tiki", "target_name": "dev", "node_id": "snapshot.tiki_gold.dim_product_snapshot"} */

      select
          column_name,
          data_type,
          character_maximum_length,
          numeric_precision,
          numeric_scale

      from "tiki".INFORMATION_SCHEMA.columns
      where table_name = 'dim_product_snapshot'
        
        and table_schema = 'gold'
        
      order by ordinal_position

  
[0m15:32:54.675657 [debug] [Thread-1 (]: SQL status: SELECT 17 in 0.007 seconds
[0m15:32:54.778412 [debug] [Thread-1 (]: Using postgres connection "snapshot.tiki_gold.dim_product_snapshot"
[0m15:32:54.780095 [debug] [Thread-1 (]: On snapshot.tiki_gold.dim_product_snapshot: /* {"app": "dbt", "dbt_version": "1.12.3", "profile_name": "tiki", "target_name": "dev", "node_id": "snapshot.tiki_gold.dim_product_snapshot"} */

        
  
    

  create temporary table "dim_product_snapshot__dbt_tmp153254761124"
  
  
    as
  
  (
    
    
    with snapshot_query as (

        



-- Moi lan snapshot chay: lay ban ghi MOI NHAT cua tung product_id trong lan
-- crawl vua nap (co the co nhieu dong trung product_id do trung category).
--
-- Tie-break bang category_slug (khong chi crawled_at): 1 san pham co the
-- xuat hien o 2 category CUNG luc, CUNG crawled_at (vd sach nam ca trong
-- "nha-sach-tiki" va "sach-tieng-viet") - neu khong co tie-break on dinh,
-- Postgres chon dong nao trong 2 dong tie la KHONG XAC DINH, khien
-- category_id doi qua doi lai giua cac lan chay va lam SCD2 tuong nham
-- la san pham doi category that (da gap bug nay that khi test lai).
select distinct on (product_id)
    product_id,
    sku,
    name,
    url_key,
    url,
    brand_id,
    brand_name,
    seller_id,
    seller_name,
    category_id,
    category_name,
    is_authentic,
    thumbnail_url
from "tiki"."staging"."stg_listings"
order by product_id, crawled_at desc, category_slug


    ),

    snapshotted_data as (

        select *, 
    
        product_id as dbt_unique_key
    

        from "tiki"."gold"."dim_product_snapshot"
        where
            
                dbt_valid_to is null
            

    ),

    insertions_source_data as (

        select *, 
    
        product_id as dbt_unique_key
    
,
            now()::timestamp without time zone as dbt_updated_at,
            now()::timestamp without time zone as dbt_valid_from,
            
  
  coalesce(nullif(now()::timestamp without time zone, now()::timestamp without time zone), null)
  as dbt_valid_to
,
            md5(coalesce(cast(product_id as varchar ), '')
         || '|' || coalesce(cast(now()::timestamp without time zone as varchar ), '')
        ) as dbt_scd_id

        from snapshot_query
    ),

    updates_source_data as (

        select *, 
    
        product_id as dbt_unique_key
    
,
            now()::timestamp without time zone as dbt_updated_at,
            now()::timestamp without time zone as dbt_valid_from,
            now()::timestamp without time zone as dbt_valid_to

        from snapshot_query
    ),

    insertions as (

        select
            'insert' as dbt_change_type,
            source_data.*

        from insertions_source_data as source_data
        left outer join snapshotted_data
            on 
    
        snapshotted_data.dbt_unique_key = source_data.dbt_unique_key
    

            where 
    
        snapshotted_data.dbt_unique_key is null
    

            or (
    
        snapshotted_data.dbt_unique_key is not null
    
 and (
               (snapshotted_data."name" != source_data."name"
        or
        (
            ((snapshotted_data."name" is null) and not (source_data."name" is null))
            or
            ((not snapshotted_data."name" is null) and (source_data."name" is null))
        ) or snapshotted_data."brand_id" != source_data."brand_id"
        or
        (
            ((snapshotted_data."brand_id" is null) and not (source_data."brand_id" is null))
            or
            ((not snapshotted_data."brand_id" is null) and (source_data."brand_id" is null))
        ) or snapshotted_data."brand_name" != source_data."brand_name"
        or
        (
            ((snapshotted_data."brand_name" is null) and not (source_data."brand_name" is null))
            or
            ((not snapshotted_data."brand_name" is null) and (source_data."brand_name" is null))
        ) or snapshotted_data."seller_id" != source_data."seller_id"
        or
        (
            ((snapshotted_data."seller_id" is null) and not (source_data."seller_id" is null))
            or
            ((not snapshotted_data."seller_id" is null) and (source_data."seller_id" is null))
        ) or snapshotted_data."seller_name" != source_data."seller_name"
        or
        (
            ((snapshotted_data."seller_name" is null) and not (source_data."seller_name" is null))
            or
            ((not snapshotted_data."seller_name" is null) and (source_data."seller_name" is null))
        ) or snapshotted_data."category_id" != source_data."category_id"
        or
        (
            ((snapshotted_data."category_id" is null) and not (source_data."category_id" is null))
            or
            ((not snapshotted_data."category_id" is null) and (source_data."category_id" is null))
        ) or snapshotted_data."category_name" != source_data."category_name"
        or
        (
            ((snapshotted_data."category_name" is null) and not (source_data."category_name" is null))
            or
            ((not snapshotted_data."category_name" is null) and (source_data."category_name" is null))
        ) or snapshotted_data."is_authentic" != source_data."is_authentic"
        or
        (
            ((snapshotted_data."is_authentic" is null) and not (source_data."is_authentic" is null))
            or
            ((not snapshotted_data."is_authentic" is null) and (source_data."is_authentic" is null))
        ) or snapshotted_data."thumbnail_url" != source_data."thumbnail_url"
        or
        (
            ((snapshotted_data."thumbnail_url" is null) and not (source_data."thumbnail_url" is null))
            or
            ((not snapshotted_data."thumbnail_url" is null) and (source_data."thumbnail_url" is null))
        ) or snapshotted_data."url" != source_data."url"
        or
        (
            ((snapshotted_data."url" is null) and not (source_data."url" is null))
            or
            ((not snapshotted_data."url" is null) and (source_data."url" is null))
        ) or snapshotted_data."url_key" != source_data."url_key"
        or
        (
            ((snapshotted_data."url_key" is null) and not (source_data."url_key" is null))
            or
            ((not snapshotted_data."url_key" is null) and (source_data."url_key" is null))
        ))
            )

        )

    ),

    updates as (

        select
            'update' as dbt_change_type,
            source_data.*,
            snapshotted_data.dbt_scd_id

        from updates_source_data as source_data
        join snapshotted_data
            on 
    
        snapshotted_data.dbt_unique_key = source_data.dbt_unique_key
    

        where (
            (snapshotted_data."name" != source_data."name"
        or
        (
            ((snapshotted_data."name" is null) and not (source_data."name" is null))
            or
            ((not snapshotted_data."name" is null) and (source_data."name" is null))
        ) or snapshotted_data."brand_id" != source_data."brand_id"
        or
        (
            ((snapshotted_data."brand_id" is null) and not (source_data."brand_id" is null))
            or
            ((not snapshotted_data."brand_id" is null) and (source_data."brand_id" is null))
        ) or snapshotted_data."brand_name" != source_data."brand_name"
        or
        (
            ((snapshotted_data."brand_name" is null) and not (source_data."brand_name" is null))
            or
            ((not snapshotted_data."brand_name" is null) and (source_data."brand_name" is null))
        ) or snapshotted_data."seller_id" != source_data."seller_id"
        or
        (
            ((snapshotted_data."seller_id" is null) and not (source_data."seller_id" is null))
            or
            ((not snapshotted_data."seller_id" is null) and (source_data."seller_id" is null))
        ) or snapshotted_data."seller_name" != source_data."seller_name"
        or
        (
            ((snapshotted_data."seller_name" is null) and not (source_data."seller_name" is null))
            or
            ((not snapshotted_data."seller_name" is null) and (source_data."seller_name" is null))
        ) or snapshotted_data."category_id" != source_data."category_id"
        or
        (
            ((snapshotted_data."category_id" is null) and not (source_data."category_id" is null))
            or
            ((not snapshotted_data."category_id" is null) and (source_data."category_id" is null))
        ) or snapshotted_data."category_name" != source_data."category_name"
        or
        (
            ((snapshotted_data."category_name" is null) and not (source_data."category_name" is null))
            or
            ((not snapshotted_data."category_name" is null) and (source_data."category_name" is null))
        ) or snapshotted_data."is_authentic" != source_data."is_authentic"
        or
        (
            ((snapshotted_data."is_authentic" is null) and not (source_data."is_authentic" is null))
            or
            ((not snapshotted_data."is_authentic" is null) and (source_data."is_authentic" is null))
        ) or snapshotted_data."thumbnail_url" != source_data."thumbnail_url"
        or
        (
            ((snapshotted_data."thumbnail_url" is null) and not (source_data."thumbnail_url" is null))
            or
            ((not snapshotted_data."thumbnail_url" is null) and (source_data."thumbnail_url" is null))
        ) or snapshotted_data."url" != source_data."url"
        or
        (
            ((snapshotted_data."url" is null) and not (source_data."url" is null))
            or
            ((not snapshotted_data."url" is null) and (source_data."url" is null))
        ) or snapshotted_data."url_key" != source_data."url_key"
        or
        (
            ((snapshotted_data."url_key" is null) and not (source_data."url_key" is null))
            or
            ((not snapshotted_data."url_key" is null) and (source_data."url_key" is null))
        ))
        )
    )

    select * from insertions
    union all
    select * from updates

  );
  
    
[0m15:32:55.445679 [debug] [Thread-1 (]: SQL status: SELECT 2 in 0.664 seconds
[0m15:32:55.448608 [debug] [Thread-1 (]: Using postgres connection "snapshot.tiki_gold.dim_product_snapshot"
[0m15:32:55.449246 [debug] [Thread-1 (]: On snapshot.tiki_gold.dim_product_snapshot: /* {"app": "dbt", "dbt_version": "1.12.3", "profile_name": "tiki", "target_name": "dev", "node_id": "snapshot.tiki_gold.dim_product_snapshot"} */

      select
          column_name,
          data_type,
          character_maximum_length,
          numeric_precision,
          numeric_scale

      from INFORMATION_SCHEMA.columns
      where table_name = 'dim_product_snapshot__dbt_tmp153254761124'
        
      order by ordinal_position

  
[0m15:32:55.452731 [debug] [Thread-1 (]: SQL status: SELECT 19 in 0.003 seconds
[0m15:32:55.456011 [debug] [Thread-1 (]: Using postgres connection "snapshot.tiki_gold.dim_product_snapshot"
[0m15:32:55.456738 [debug] [Thread-1 (]: On snapshot.tiki_gold.dim_product_snapshot: /* {"app": "dbt", "dbt_version": "1.12.3", "profile_name": "tiki", "target_name": "dev", "node_id": "snapshot.tiki_gold.dim_product_snapshot"} */

      select
          column_name,
          data_type,
          character_maximum_length,
          numeric_precision,
          numeric_scale

      from "tiki".INFORMATION_SCHEMA.columns
      where table_name = 'dim_product_snapshot'
        
        and table_schema = 'gold'
        
      order by ordinal_position

  
[0m15:32:55.461307 [debug] [Thread-1 (]: SQL status: SELECT 17 in 0.004 seconds
[0m15:32:55.464972 [debug] [Thread-1 (]: Using postgres connection "snapshot.tiki_gold.dim_product_snapshot"
[0m15:32:55.465859 [debug] [Thread-1 (]: On snapshot.tiki_gold.dim_product_snapshot: /* {"app": "dbt", "dbt_version": "1.12.3", "profile_name": "tiki", "target_name": "dev", "node_id": "snapshot.tiki_gold.dim_product_snapshot"} */

      select
          column_name,
          data_type,
          character_maximum_length,
          numeric_precision,
          numeric_scale

      from INFORMATION_SCHEMA.columns
      where table_name = 'dim_product_snapshot__dbt_tmp153254761124'
        
      order by ordinal_position

  
[0m15:32:55.469723 [debug] [Thread-1 (]: SQL status: SELECT 19 in 0.003 seconds
[0m15:32:55.473530 [debug] [Thread-1 (]: Using postgres connection "snapshot.tiki_gold.dim_product_snapshot"
[0m15:32:55.474174 [debug] [Thread-1 (]: On snapshot.tiki_gold.dim_product_snapshot: /* {"app": "dbt", "dbt_version": "1.12.3", "profile_name": "tiki", "target_name": "dev", "node_id": "snapshot.tiki_gold.dim_product_snapshot"} */

      select
          column_name,
          data_type,
          character_maximum_length,
          numeric_precision,
          numeric_scale

      from "tiki".INFORMATION_SCHEMA.columns
      where table_name = 'dim_product_snapshot'
        
        and table_schema = 'gold'
        
      order by ordinal_position

  
[0m15:32:55.478435 [debug] [Thread-1 (]: SQL status: SELECT 17 in 0.004 seconds
[0m15:32:55.486075 [debug] [Thread-1 (]: Using postgres connection "snapshot.tiki_gold.dim_product_snapshot"
[0m15:32:55.486888 [debug] [Thread-1 (]: On snapshot.tiki_gold.dim_product_snapshot: /* {"app": "dbt", "dbt_version": "1.12.3", "profile_name": "tiki", "target_name": "dev", "node_id": "snapshot.tiki_gold.dim_product_snapshot"} */

      select
          column_name,
          data_type,
          character_maximum_length,
          numeric_precision,
          numeric_scale

      from INFORMATION_SCHEMA.columns
      where table_name = 'dim_product_snapshot__dbt_tmp153254761124'
        
      order by ordinal_position

  
[0m15:32:55.491203 [debug] [Thread-1 (]: SQL status: SELECT 19 in 0.004 seconds
[0m15:32:55.517430 [debug] [Thread-1 (]: Using postgres connection "snapshot.tiki_gold.dim_product_snapshot"
[0m15:32:55.518388 [debug] [Thread-1 (]: On snapshot.tiki_gold.dim_product_snapshot: /* {"app": "dbt", "dbt_version": "1.12.3", "profile_name": "tiki", "target_name": "dev", "node_id": "snapshot.tiki_gold.dim_product_snapshot"} */
select * from (
        
    
    with snapshot_query as (

        



-- Moi lan snapshot chay: lay ban ghi MOI NHAT cua tung product_id trong lan
-- crawl vua nap (co the co nhieu dong trung product_id do trung category).
--
-- Tie-break bang category_slug (khong chi crawled_at): 1 san pham co the
-- xuat hien o 2 category CUNG luc, CUNG crawled_at (vd sach nam ca trong
-- "nha-sach-tiki" va "sach-tieng-viet") - neu khong co tie-break on dinh,
-- Postgres chon dong nao trong 2 dong tie la KHONG XAC DINH, khien
-- category_id doi qua doi lai giua cac lan chay va lam SCD2 tuong nham
-- la san pham doi category that (da gap bug nay that khi test lai).
select distinct on (product_id)
    product_id,
    sku,
    name,
    url_key,
    url,
    brand_id,
    brand_name,
    seller_id,
    seller_name,
    category_id,
    category_name,
    is_authentic,
    thumbnail_url
from "tiki"."staging"."stg_listings"
order by product_id, crawled_at desc, category_slug


    ),

    snapshotted_data as (

        select *, 
    
        product_id as dbt_unique_key
    

        from "tiki"."gold"."dim_product_snapshot"
        where
            
                dbt_valid_to is null
            

    ),

    insertions_source_data as (

        select *, 
    
        product_id as dbt_unique_key
    
,
            now()::timestamp without time zone as dbt_updated_at,
            now()::timestamp without time zone as dbt_valid_from,
            
  
  coalesce(nullif(now()::timestamp without time zone, now()::timestamp without time zone), null)
  as dbt_valid_to
,
            md5(coalesce(cast(product_id as varchar ), '')
         || '|' || coalesce(cast(now()::timestamp without time zone as varchar ), '')
        ) as dbt_scd_id

        from snapshot_query
    ),

    updates_source_data as (

        select *, 
    
        product_id as dbt_unique_key
    
,
            now()::timestamp without time zone as dbt_updated_at,
            now()::timestamp without time zone as dbt_valid_from,
            now()::timestamp without time zone as dbt_valid_to

        from snapshot_query
    ),

    insertions as (

        select
            'insert' as dbt_change_type,
            source_data.*

        from insertions_source_data as source_data
        left outer join snapshotted_data
            on 
    
        snapshotted_data.dbt_unique_key = source_data.dbt_unique_key
    

            where 
    
        snapshotted_data.dbt_unique_key is null
    

            or (
    
        snapshotted_data.dbt_unique_key is not null
    
 and (
               (snapshotted_data."name" != source_data."name"
        or
        (
            ((snapshotted_data."name" is null) and not (source_data."name" is null))
            or
            ((not snapshotted_data."name" is null) and (source_data."name" is null))
        ) or snapshotted_data."brand_id" != source_data."brand_id"
        or
        (
            ((snapshotted_data."brand_id" is null) and not (source_data."brand_id" is null))
            or
            ((not snapshotted_data."brand_id" is null) and (source_data."brand_id" is null))
        ) or snapshotted_data."brand_name" != source_data."brand_name"
        or
        (
            ((snapshotted_data."brand_name" is null) and not (source_data."brand_name" is null))
            or
            ((not snapshotted_data."brand_name" is null) and (source_data."brand_name" is null))
        ) or snapshotted_data."seller_id" != source_data."seller_id"
        or
        (
            ((snapshotted_data."seller_id" is null) and not (source_data."seller_id" is null))
            or
            ((not snapshotted_data."seller_id" is null) and (source_data."seller_id" is null))
        ) or snapshotted_data."seller_name" != source_data."seller_name"
        or
        (
            ((snapshotted_data."seller_name" is null) and not (source_data."seller_name" is null))
            or
            ((not snapshotted_data."seller_name" is null) and (source_data."seller_name" is null))
        ) or snapshotted_data."category_id" != source_data."category_id"
        or
        (
            ((snapshotted_data."category_id" is null) and not (source_data."category_id" is null))
            or
            ((not snapshotted_data."category_id" is null) and (source_data."category_id" is null))
        ) or snapshotted_data."category_name" != source_data."category_name"
        or
        (
            ((snapshotted_data."category_name" is null) and not (source_data."category_name" is null))
            or
            ((not snapshotted_data."category_name" is null) and (source_data."category_name" is null))
        ) or snapshotted_data."is_authentic" != source_data."is_authentic"
        or
        (
            ((snapshotted_data."is_authentic" is null) and not (source_data."is_authentic" is null))
            or
            ((not snapshotted_data."is_authentic" is null) and (source_data."is_authentic" is null))
        ) or snapshotted_data."thumbnail_url" != source_data."thumbnail_url"
        or
        (
            ((snapshotted_data."thumbnail_url" is null) and not (source_data."thumbnail_url" is null))
            or
            ((not snapshotted_data."thumbnail_url" is null) and (source_data."thumbnail_url" is null))
        ) or snapshotted_data."url" != source_data."url"
        or
        (
            ((snapshotted_data."url" is null) and not (source_data."url" is null))
            or
            ((not snapshotted_data."url" is null) and (source_data."url" is null))
        ) or snapshotted_data."url_key" != source_data."url_key"
        or
        (
            ((snapshotted_data."url_key" is null) and not (source_data."url_key" is null))
            or
            ((not snapshotted_data."url_key" is null) and (source_data."url_key" is null))
        ))
            )

        )

    ),

    updates as (

        select
            'update' as dbt_change_type,
            source_data.*,
            snapshotted_data.dbt_scd_id

        from updates_source_data as source_data
        join snapshotted_data
            on 
    
        snapshotted_data.dbt_unique_key = source_data.dbt_unique_key
    

        where (
            (snapshotted_data."name" != source_data."name"
        or
        (
            ((snapshotted_data."name" is null) and not (source_data."name" is null))
            or
            ((not snapshotted_data."name" is null) and (source_data."name" is null))
        ) or snapshotted_data."brand_id" != source_data."brand_id"
        or
        (
            ((snapshotted_data."brand_id" is null) and not (source_data."brand_id" is null))
            or
            ((not snapshotted_data."brand_id" is null) and (source_data."brand_id" is null))
        ) or snapshotted_data."brand_name" != source_data."brand_name"
        or
        (
            ((snapshotted_data."brand_name" is null) and not (source_data."brand_name" is null))
            or
            ((not snapshotted_data."brand_name" is null) and (source_data."brand_name" is null))
        ) or snapshotted_data."seller_id" != source_data."seller_id"
        or
        (
            ((snapshotted_data."seller_id" is null) and not (source_data."seller_id" is null))
            or
            ((not snapshotted_data."seller_id" is null) and (source_data."seller_id" is null))
        ) or snapshotted_data."seller_name" != source_data."seller_name"
        or
        (
            ((snapshotted_data."seller_name" is null) and not (source_data."seller_name" is null))
            or
            ((not snapshotted_data."seller_name" is null) and (source_data."seller_name" is null))
        ) or snapshotted_data."category_id" != source_data."category_id"
        or
        (
            ((snapshotted_data."category_id" is null) and not (source_data."category_id" is null))
            or
            ((not snapshotted_data."category_id" is null) and (source_data."category_id" is null))
        ) or snapshotted_data."category_name" != source_data."category_name"
        or
        (
            ((snapshotted_data."category_name" is null) and not (source_data."category_name" is null))
            or
            ((not snapshotted_data."category_name" is null) and (source_data."category_name" is null))
        ) or snapshotted_data."is_authentic" != source_data."is_authentic"
        or
        (
            ((snapshotted_data."is_authentic" is null) and not (source_data."is_authentic" is null))
            or
            ((not snapshotted_data."is_authentic" is null) and (source_data."is_authentic" is null))
        ) or snapshotted_data."thumbnail_url" != source_data."thumbnail_url"
        or
        (
            ((snapshotted_data."thumbnail_url" is null) and not (source_data."thumbnail_url" is null))
            or
            ((not snapshotted_data."thumbnail_url" is null) and (source_data."thumbnail_url" is null))
        ) or snapshotted_data."url" != source_data."url"
        or
        (
            ((snapshotted_data."url" is null) and not (source_data."url" is null))
            or
            ((not snapshotted_data."url" is null) and (source_data."url" is null))
        ) or snapshotted_data."url_key" != source_data."url_key"
        or
        (
            ((snapshotted_data."url_key" is null) and not (source_data."url_key" is null))
            or
            ((not snapshotted_data."url_key" is null) and (source_data."url_key" is null))
        ))
        )
    )

    select * from insertions
    union all
    select * from updates

    ) as __dbt_sbq
    where false
    limit 0

[0m15:32:55.520878 [debug] [Thread-1 (]: SQL status: SELECT 0 in 0.001 seconds
[0m15:32:55.529381 [debug] [Thread-1 (]: Using postgres connection "snapshot.tiki_gold.dim_product_snapshot"
[0m15:32:55.530625 [debug] [Thread-1 (]: On snapshot.tiki_gold.dim_product_snapshot: /* {"app": "dbt", "dbt_version": "1.12.3", "profile_name": "tiki", "target_name": "dev", "node_id": "snapshot.tiki_gold.dim_product_snapshot"} */
select * from (
        select now()::timestamp without time zone as dbt_snapshot_time
    ) as __dbt_sbq
    where false
    limit 0

[0m15:32:55.532603 [debug] [Thread-1 (]: SQL status: SELECT 0 in 0.001 seconds
[0m15:32:55.534094 [debug] [Thread-1 (]: Writing runtime sql for node "snapshot.tiki_gold.dim_product_snapshot"
[0m15:32:55.535820 [debug] [Thread-1 (]: Using postgres connection "snapshot.tiki_gold.dim_product_snapshot"
[0m15:32:55.536826 [debug] [Thread-1 (]: On snapshot.tiki_gold.dim_product_snapshot: /* {"app": "dbt", "dbt_version": "1.12.3", "profile_name": "tiki", "target_name": "dev", "node_id": "snapshot.tiki_gold.dim_product_snapshot"} */

      update "tiki"."gold"."dim_product_snapshot"
    set dbt_valid_to = DBT_INTERNAL_SOURCE.dbt_valid_to
    from "dim_product_snapshot__dbt_tmp153254761124" as DBT_INTERNAL_SOURCE
    where DBT_INTERNAL_SOURCE.dbt_scd_id::text = "tiki"."gold"."dim_product_snapshot".dbt_scd_id::text
      and DBT_INTERNAL_SOURCE.dbt_change_type::text in ('update'::text, 'delete'::text)
      
        and "tiki"."gold"."dim_product_snapshot".dbt_valid_to is null;
      


    insert into "tiki"."gold"."dim_product_snapshot" ("product_id", "sku", "name", "url_key", "url", "brand_id", "brand_name", "seller_id", "seller_name", "category_id", "category_name", "is_authentic", "thumbnail_url", "dbt_updated_at", "dbt_valid_from", "dbt_valid_to", "dbt_scd_id")
    select DBT_INTERNAL_SOURCE."product_id",DBT_INTERNAL_SOURCE."sku",DBT_INTERNAL_SOURCE."name",DBT_INTERNAL_SOURCE."url_key",DBT_INTERNAL_SOURCE."url",DBT_INTERNAL_SOURCE."brand_id",DBT_INTERNAL_SOURCE."brand_name",DBT_INTERNAL_SOURCE."seller_id",DBT_INTERNAL_SOURCE."seller_name",DBT_INTERNAL_SOURCE."category_id",DBT_INTERNAL_SOURCE."category_name",DBT_INTERNAL_SOURCE."is_authentic",DBT_INTERNAL_SOURCE."thumbnail_url",DBT_INTERNAL_SOURCE."dbt_updated_at",DBT_INTERNAL_SOURCE."dbt_valid_from",DBT_INTERNAL_SOURCE."dbt_valid_to",DBT_INTERNAL_SOURCE."dbt_scd_id"
    from "dim_product_snapshot__dbt_tmp153254761124" as DBT_INTERNAL_SOURCE
    where DBT_INTERNAL_SOURCE.dbt_change_type::text = 'insert'::text;

  
[0m15:32:55.550137 [debug] [Thread-1 (]: SQL status: INSERT 0 1 in 0.013 seconds
[0m15:32:55.579797 [debug] [Thread-1 (]: On snapshot.tiki_gold.dim_product_snapshot: COMMIT
[0m15:32:55.581097 [debug] [Thread-1 (]: Using postgres connection "snapshot.tiki_gold.dim_product_snapshot"
[0m15:32:55.581641 [debug] [Thread-1 (]: On snapshot.tiki_gold.dim_product_snapshot: COMMIT
[0m15:32:55.585521 [debug] [Thread-1 (]: SQL status: COMMIT in 0.003 seconds
[0m15:32:55.590786 [debug] [Thread-1 (]: On snapshot.tiki_gold.dim_product_snapshot: Close
[0m15:32:55.594036 [debug] [Thread-1 (]: Sending event: {'category': 'dbt', 'action': 'run_model', 'label': 'fc1e0014-b142-4efa-ae33-2f4d733b899b', 'context': [<snowplow_tracker.self_describing_json.SelfDescribingJson object at 0x7ea46819ca70>]}
[0m15:32:55.595484 [info ] [Thread-1 (]: 1 of 1 OK snapshotted gold.dim_product_snapshot ................................ [[32mINSERT 0 1[0m in 1.20s]
[0m15:32:55.596544 [debug] [Thread-1 (]: Finished running node snapshot.tiki_gold.dim_product_snapshot
[0m15:32:55.599824 [debug] [MainThread]: On master: COMMIT
[0m15:32:55.600365 [debug] [MainThread]: Using postgres connection "master"
[0m15:32:55.600891 [debug] [MainThread]: On master: COMMIT
[0m15:32:55.601315 [debug] [MainThread]: Opening a new connection, currently in state closed
[0m15:32:55.614446 [debug] [MainThread]: SQL status: COMMIT in 0.013 seconds
[0m15:32:55.615387 [debug] [MainThread]: On master: Close
[0m15:32:55.616239 [debug] [MainThread]: Connection 'master' was properly closed.
[0m15:32:55.616743 [debug] [MainThread]: Connection 'list_tiki_staging' was properly closed.
[0m15:32:55.617248 [debug] [MainThread]: Connection 'snapshot.tiki_gold.dim_product_snapshot' was properly closed.
[0m15:32:55.617833 [info ] [MainThread]: 
[0m15:32:55.618566 [info ] [MainThread]: Finished running 1 snapshot in 0 hours 0 minutes and 1.40 seconds (1.40s).
[0m15:32:55.619641 [debug] [MainThread]: Command end result
[0m15:32:55.665914 [debug] [MainThread]: Wrote artifact WritableManifest to /home/hai/tiki-crawl/dbt/target/manifest.json
[0m15:32:55.669563 [debug] [MainThread]: Wrote artifact SemanticManifest to /home/hai/tiki-crawl/dbt/target/semantic_manifest.json
[0m15:32:55.672528 [debug] [MainThread]: Wrote artifact OsiDocument to /home/hai/tiki-crawl/dbt/target/osi_document.json
[0m15:32:55.681556 [debug] [MainThread]: Wrote artifact RunExecutionResult to /home/hai/tiki-crawl/dbt/target/run_results.json
[0m15:32:55.682167 [info ] [MainThread]: 
[0m15:32:55.682930 [info ] [MainThread]: [32mCompleted successfully[0m
[0m15:32:55.683513 [info ] [MainThread]: 
[0m15:32:55.684141 [info ] [MainThread]: Done. PASS=1 WARN=0 ERROR=0 SKIP=0 NO-OP=0 REUSED=0 TOTAL=1
[0m15:32:55.685859 [debug] [MainThread]: Resource report: {"command_name": "snapshot", "command_success": true, "command_wall_clock_time": 2.4720721, "process_in_blocks": "40", "process_kernel_time": 0.498862, "process_mem_max_rss": "133720", "process_out_blocks": "2296", "process_user_time": 3.015023}
[0m15:32:55.686829 [debug] [MainThread]: Command `dbt snapshot` succeeded at 15:32:55.686633 after 2.47 seconds
[0m15:32:55.687530 [debug] [MainThread]: Sending event: {'category': 'dbt', 'action': 'invocation', 'label': 'end', 'context': [<snowplow_tracker.self_describing_json.SelfDescribingJson object at 0x7ea465cc6060>, <snowplow_tracker.self_describing_json.SelfDescribingJson object at 0x7ea466c00e60>, <snowplow_tracker.self_describing_json.SelfDescribingJson object at 0x7ea463dbf1d0>]}
[0m15:32:55.688179 [debug] [MainThread]: Flushing usage events
[0m15:32:56.775507 [debug] [MainThread]: An error was encountered while trying to flush usage events
[0m18:07:17.705764 [debug] [MainThread]: Sending event: {'category': 'dbt', 'action': 'invocation', 'label': 'start', 'context': [<snowplow_tracker.self_describing_json.SelfDescribingJson object at 0x7bc99df8fd70>, <snowplow_tracker.self_describing_json.SelfDescribingJson object at 0x7bc99da9ae70>, <snowplow_tracker.self_describing_json.SelfDescribingJson object at 0x7bc99df8fda0>]}


============================== 18:07:17.711151 | b7c08b19-b0be-47a6-8059-80f6dd246d4d ==============================
[0m18:07:17.711151 [info ] [MainThread]: Running with dbt=1.12.3
[0m18:07:17.711992 [debug] [MainThread]: running dbt with arguments {'use_experimental_parser': 'False', 'log_path': '/home/hai/tiki-crawl/dbt/logs', 'empty': 'False', 'indirect_selection': 'eager', 'maximum_seed_size_mib': '1', 'warn_error_options': 'WarnErrorOptionsV2(error=[], warn=[], silence=[])', 'log_cache_events': 'False', 'partial_parse': 'True', 'log_format': 'default', 'no_print': 'None', 'use_colors': 'True', 'static_parser': 'True', 'write_json': 'True', 'profiles_dir': '.', 'introspect': 'True', 'fail_fast': 'False', 'printer_width': '80', 'invocation_command': 'dbt run --profiles-dir .', 'quiet': 'False', 'debug': 'False', 'cache_selected_only': 'False', 'hints_enabled': 'True', 'send_anonymous_usage_stats': 'True', 'target_path': 'None', 'version_check': 'True', 'warn_error': 'None'}
[0m18:07:17.938327 [debug] [MainThread]: Sending event: {'category': 'dbt', 'action': 'project_id', 'label': 'b7c08b19-b0be-47a6-8059-80f6dd246d4d', 'context': [<snowplow_tracker.self_describing_json.SelfDescribingJson object at 0x7bc99cb9ff20>]}
[0m18:07:18.013974 [debug] [MainThread]: Sending event: {'category': 'dbt', 'action': 'adapter_info', 'label': 'b7c08b19-b0be-47a6-8059-80f6dd246d4d', 'context': [<snowplow_tracker.self_describing_json.SelfDescribingJson object at 0x7bc99d9ef470>]}
[0m18:07:18.015108 [info ] [MainThread]: Registered adapter: postgres=1.11.0
[0m18:07:18.128314 [debug] [MainThread]: checksum: b11284278684f540b15704c99909c8df3c16bdaf6844ccd0ae0d76372c1b52b6, vars: {}, profile: tiki, target: dev, version: 1.12.3
[0m18:07:18.272013 [debug] [MainThread]: Partial parsing enabled: 0 files deleted, 0 files added, 0 files changed.
[0m18:07:18.272480 [debug] [MainThread]: Nothing changed, skipping partial parsing.
[0m18:07:18.272829 [debug] [MainThread]: Partial parsing enabled, no changes found, skipping parsing
[0m18:07:18.283265 [debug] [MainThread]: Sending event: {'category': 'dbt', 'action': 'load_project', 'label': 'b7c08b19-b0be-47a6-8059-80f6dd246d4d', 'context': [<snowplow_tracker.self_describing_json.SelfDescribingJson object at 0x7bc99bf38530>]}
[0m18:07:18.448823 [debug] [MainThread]: Wrote artifact WritableManifest to /home/hai/tiki-crawl/dbt/target/manifest.json
[0m18:07:18.453383 [debug] [MainThread]: Wrote artifact SemanticManifest to /home/hai/tiki-crawl/dbt/target/semantic_manifest.json
[0m18:07:18.471106 [debug] [MainThread]: Wrote artifact OsiDocument to /home/hai/tiki-crawl/dbt/target/osi_document.json
[0m18:07:18.481065 [debug] [MainThread]: Sending event: {'category': 'dbt', 'action': 'resource_counts', 'label': 'b7c08b19-b0be-47a6-8059-80f6dd246d4d', 'context': [<snowplow_tracker.self_describing_json.SelfDescribingJson object at 0x7bc99ab36000>]}
[0m18:07:18.481738 [info ] [MainThread]: Found 2 models, 1 snapshot, 1 source, 478 macros
[0m18:07:18.483626 [debug] [MainThread]: Sending event: {'category': 'dbt', 'action': 'runnable_timing', 'label': 'b7c08b19-b0be-47a6-8059-80f6dd246d4d', 'context': [<snowplow_tracker.self_describing_json.SelfDescribingJson object at 0x7bc99afe5f10>]}
[0m18:07:18.486278 [info ] [MainThread]: 
[0m18:07:18.486882 [info ] [MainThread]: Concurrency: 4 threads (target='dev')
[0m18:07:18.487414 [info ] [MainThread]: 
[0m18:07:18.488306 [debug] [MainThread]: Acquiring new postgres connection 'master'
[0m18:07:18.493075 [debug] [ThreadPool]: Acquiring new postgres connection 'list_tiki'
[0m18:07:18.500931 [debug] [ThreadPool]: Acquiring new postgres connection 'list_tiki'
[0m18:07:18.536751 [debug] [ThreadPool]: Using postgres connection "list_tiki"
[0m18:07:18.537459 [debug] [ThreadPool]: Using postgres connection "list_tiki"
[0m18:07:18.538036 [debug] [ThreadPool]: On list_tiki: /* {"app": "dbt", "dbt_version": "1.12.3", "profile_name": "tiki", "target_name": "dev", "connection_name": "list_tiki"} */

    select distinct nspname from pg_namespace
  
[0m18:07:18.538543 [debug] [ThreadPool]: On list_tiki: /* {"app": "dbt", "dbt_version": "1.12.3", "profile_name": "tiki", "target_name": "dev", "connection_name": "list_tiki"} */

    select distinct nspname from pg_namespace
  
[0m18:07:18.539031 [debug] [ThreadPool]: Opening a new connection, currently in state init
[0m18:07:18.539532 [debug] [ThreadPool]: Opening a new connection, currently in state init
[0m18:07:18.557917 [debug] [ThreadPool]: SQL status: SELECT 9 in 0.018 seconds
[0m18:07:18.558536 [debug] [ThreadPool]: SQL status: SELECT 9 in 0.019 seconds
[0m18:07:18.559953 [debug] [ThreadPool]: On list_tiki: Close
[0m18:07:18.561365 [debug] [ThreadPool]: On list_tiki: Close
[0m18:07:18.564217 [debug] [ThreadPool]: Re-using an available connection from the pool (formerly list_tiki, now list_tiki_staging)
[0m18:07:18.565053 [debug] [ThreadPool]: Re-using an available connection from the pool (formerly list_tiki, now list_tiki_gold)
[0m18:07:18.570987 [debug] [ThreadPool]: Using postgres connection "list_tiki_staging"
[0m18:07:18.572349 [debug] [ThreadPool]: Using postgres connection "list_tiki_gold"
[0m18:07:18.572839 [debug] [ThreadPool]: On list_tiki_staging: /* {"app": "dbt", "dbt_version": "1.12.3", "profile_name": "tiki", "target_name": "dev", "connection_name": "list_tiki_staging"} */
select
      'tiki' as database,
      tablename as name,
      schemaname as schema,
      'table' as type
    from pg_tables
    where schemaname ilike 'staging'
    union all
    select
      'tiki' as database,
      viewname as name,
      schemaname as schema,
      'view' as type
    from pg_views
    where schemaname ilike 'staging'
    union all
    select
      'tiki' as database,
      matviewname as name,
      schemaname as schema,
      'materialized_view' as type
    from pg_matviews
    where schemaname ilike 'staging'
    union all
    select distinct
     'tiki' as database,
     proname as name,
     ns.nspname as schema,
     'function' as type
    from pg_proc
     join pg_namespace as ns on pronamespace = ns.oid
    where ns.nspname ilike 'staging'
  
[0m18:07:18.573345 [debug] [ThreadPool]: On list_tiki_gold: /* {"app": "dbt", "dbt_version": "1.12.3", "profile_name": "tiki", "target_name": "dev", "connection_name": "list_tiki_gold"} */
select
      'tiki' as database,
      tablename as name,
      schemaname as schema,
      'table' as type
    from pg_tables
    where schemaname ilike 'gold'
    union all
    select
      'tiki' as database,
      viewname as name,
      schemaname as schema,
      'view' as type
    from pg_views
    where schemaname ilike 'gold'
    union all
    select
      'tiki' as database,
      matviewname as name,
      schemaname as schema,
      'materialized_view' as type
    from pg_matviews
    where schemaname ilike 'gold'
    union all
    select distinct
     'tiki' as database,
     proname as name,
     ns.nspname as schema,
     'function' as type
    from pg_proc
     join pg_namespace as ns on pronamespace = ns.oid
    where ns.nspname ilike 'gold'
  
[0m18:07:18.573801 [debug] [ThreadPool]: Opening a new connection, currently in state closed
[0m18:07:18.574207 [debug] [ThreadPool]: Opening a new connection, currently in state closed
[0m18:07:18.592360 [debug] [ThreadPool]: SQL status: SELECT 2 in 0.018 seconds
[0m18:07:18.592915 [debug] [ThreadPool]: SQL status: SELECT 0 in 0.019 seconds
[0m18:07:18.594497 [debug] [ThreadPool]: On list_tiki_gold: ROLLBACK
[0m18:07:18.596173 [debug] [ThreadPool]: On list_tiki_staging: ROLLBACK
[0m18:07:18.597066 [debug] [ThreadPool]: On list_tiki_gold: Close
[0m18:07:18.597426 [debug] [ThreadPool]: On list_tiki_staging: Close
[0m18:07:18.603161 [debug] [MainThread]: Using postgres connection "master"
[0m18:07:18.603592 [debug] [MainThread]: On master: /* {"app": "dbt", "dbt_version": "1.12.3", "profile_name": "tiki", "target_name": "dev", "connection_name": "master"} */
select distinct
        dependent_namespace.nspname as dependent_schema,
        dependent_class.relname as dependent_name,
        referenced_namespace.nspname as referenced_schema,
        referenced_class.relname as referenced_name

    -- Query for views: views are entries in pg_class with an entry in pg_rewrite, but we avoid
    -- a seq scan on pg_rewrite by leveraging the fact there is an "internal" row in pg_depend for
    -- the view...
    from pg_class as dependent_class
    join pg_namespace as dependent_namespace on dependent_namespace.oid = dependent_class.relnamespace
    join pg_depend as dependent_depend on dependent_depend.refobjid = dependent_class.oid
        and dependent_depend.classid = 'pg_rewrite'::regclass
        and dependent_depend.refclassid = 'pg_class'::regclass
        and dependent_depend.deptype = 'i'

    -- ... and via pg_depend (that has a row per column, hence the need for "distinct" above, and
    -- making sure to exclude the internal row to avoid a view appearing to depend on itself)...
    join pg_depend as joining_depend on joining_depend.objid = dependent_depend.objid
        and joining_depend.classid = 'pg_rewrite'::regclass
        and joining_depend.refclassid = 'pg_class'::regclass
        and joining_depend.refobjid != dependent_depend.refobjid

    -- ... we can find the tables they query from in pg_class, but excluding system tables. Note we
    -- don't need need to exclude _dependent_ system tables, because they only query from other
    -- system tables, and so are automatically excluded by excluding _referenced_ system tables
    join pg_class as referenced_class on referenced_class.oid = joining_depend.refobjid
    join pg_namespace as referenced_namespace on referenced_namespace.oid = referenced_class.relnamespace
        and referenced_namespace.nspname != 'information_schema'
        and referenced_namespace.nspname not like 'pg\_%'

    order by
        dependent_schema, dependent_name, referenced_schema, referenced_name;
[0m18:07:18.604025 [debug] [MainThread]: Opening a new connection, currently in state init
[0m18:07:18.618913 [debug] [MainThread]: SQL status: SELECT 0 in 0.015 seconds
[0m18:07:18.620529 [debug] [MainThread]: Sending event: {'category': 'dbt', 'action': 'runnable_timing', 'label': 'b7c08b19-b0be-47a6-8059-80f6dd246d4d', 'context': [<snowplow_tracker.self_describing_json.SelfDescribingJson object at 0x7bc99b7b4d70>]}
[0m18:07:18.621009 [debug] [MainThread]: On master: ROLLBACK
[0m18:07:18.621745 [debug] [MainThread]: On master: COMMIT
[0m18:07:18.622100 [debug] [MainThread]: Using postgres connection "master"
[0m18:07:18.622510 [debug] [MainThread]: On master: COMMIT
[0m18:07:18.623417 [debug] [MainThread]: SQL status: COMMIT in 0.001 seconds
[0m18:07:18.623830 [debug] [MainThread]: On master: Close
[0m18:07:18.627766 [debug] [Thread-1 (]: Began running node model.tiki_gold.stg_listings
[0m18:07:18.628459 [info ] [Thread-1 (]: 1 of 2 START sql view model staging.stg_listings ............................... [RUN]
[0m18:07:18.629014 [debug] [Thread-1 (]: Re-using an available connection from the pool (formerly list_tiki_staging, now model.tiki_gold.stg_listings)
[0m18:07:18.629385 [debug] [Thread-1 (]: Began compiling node model.tiki_gold.stg_listings
[0m18:07:18.636414 [debug] [Thread-1 (]: Writing injected SQL for node "model.tiki_gold.stg_listings"
[0m18:07:18.638252 [debug] [Thread-1 (]: Began executing node model.tiki_gold.stg_listings
[0m18:07:18.675527 [debug] [Thread-1 (]: Writing runtime sql for node "model.tiki_gold.stg_listings"
[0m18:07:18.677551 [debug] [Thread-1 (]: Using postgres connection "model.tiki_gold.stg_listings"
[0m18:07:18.678119 [debug] [Thread-1 (]: On model.tiki_gold.stg_listings: /* {"app": "dbt", "dbt_version": "1.12.3", "profile_name": "tiki", "target_name": "dev", "node_id": "model.tiki_gold.stg_listings"} */

  create view "tiki"."staging"."stg_listings__dbt_tmp"
    
    
  as (
    select
    product_id::bigint                as product_id,
    sku,
    name,
    url_key,
    url,
    price::bigint                     as price,
    list_price::bigint                as list_price,
    discount::bigint                  as discount,
    discount_rate::int                as discount_rate,
    rating_average::double precision  as rating_average,
    review_count::int                 as review_count,
    quantity_sold::int                as quantity_sold,
    brand_id::int                     as brand_id,
    brand_name,
    seller_id::bigint                 as seller_id,
    seller_name,
    category_id::bigint               as category_id,
    primary_category_name             as category_name,
    inventory_status,
    is_authentic::boolean             as is_authentic,
    thumbnail_url,
    badge_count::int                  as badge_count,
    page::int                         as page,
    crawled_at::timestamp             as crawled_at,
    dt::date                          as dt,
    hour::int                         as hour,
    category                          as category_slug

from "tiki"."raw"."listings"
  );
[0m18:07:18.678719 [debug] [Thread-1 (]: Opening a new connection, currently in state closed
[0m18:07:18.693546 [debug] [Thread-1 (]: SQL status: CREATE VIEW in 0.015 seconds
[0m18:07:18.699222 [debug] [Thread-1 (]: Using postgres connection "model.tiki_gold.stg_listings"
[0m18:07:18.699685 [debug] [Thread-1 (]: On model.tiki_gold.stg_listings: /* {"app": "dbt", "dbt_version": "1.12.3", "profile_name": "tiki", "target_name": "dev", "node_id": "model.tiki_gold.stg_listings"} */
alter table "tiki"."staging"."stg_listings__dbt_tmp" rename to "stg_listings"
[0m18:07:18.700774 [debug] [Thread-1 (]: SQL status: ALTER TABLE in 0.001 seconds
[0m18:07:18.791510 [debug] [Thread-1 (]: On model.tiki_gold.stg_listings: COMMIT
[0m18:07:18.792089 [debug] [Thread-1 (]: Using postgres connection "model.tiki_gold.stg_listings"
[0m18:07:18.792498 [debug] [Thread-1 (]: On model.tiki_gold.stg_listings: COMMIT
[0m18:07:18.795477 [debug] [Thread-1 (]: SQL status: COMMIT in 0.003 seconds
[0m18:07:18.801665 [debug] [Thread-1 (]: Applying DROP to: "tiki"."staging"."stg_listings__dbt_backup"
[0m18:07:18.808144 [debug] [Thread-1 (]: Using postgres connection "model.tiki_gold.stg_listings"
[0m18:07:18.808540 [debug] [Thread-1 (]: On model.tiki_gold.stg_listings: /* {"app": "dbt", "dbt_version": "1.12.3", "profile_name": "tiki", "target_name": "dev", "node_id": "model.tiki_gold.stg_listings"} */
drop view if exists "tiki"."staging"."stg_listings__dbt_backup" cascade
[0m18:07:18.809583 [debug] [Thread-1 (]: SQL status: DROP VIEW in 0.001 seconds
[0m18:07:18.812344 [debug] [Thread-1 (]: On model.tiki_gold.stg_listings: Close
[0m18:07:18.814244 [debug] [Thread-1 (]: Sending event: {'category': 'dbt', 'action': 'run_model', 'label': 'b7c08b19-b0be-47a6-8059-80f6dd246d4d', 'context': [<snowplow_tracker.self_describing_json.SelfDescribingJson object at 0x7bc99cd059a0>]}
[0m18:07:18.815297 [info ] [Thread-1 (]: 1 of 2 OK created sql view model staging.stg_listings .......................... [[32mCREATE VIEW[0m in 0.18s]
[0m18:07:18.816370 [debug] [Thread-1 (]: Finished running node model.tiki_gold.stg_listings
[0m18:07:18.817985 [debug] [Thread-3 (]: Began running node model.tiki_gold.fact_price_daily
[0m18:07:18.818704 [info ] [Thread-3 (]: 2 of 2 START sql table model gold.fact_price_daily ............................. [RUN]
[0m18:07:18.819330 [debug] [Thread-3 (]: Acquiring new postgres connection 'model.tiki_gold.fact_price_daily'
[0m18:07:18.819752 [debug] [Thread-3 (]: Began compiling node model.tiki_gold.fact_price_daily
[0m18:07:18.821813 [debug] [Thread-3 (]: Writing injected SQL for node "model.tiki_gold.fact_price_daily"
[0m18:07:18.823738 [debug] [Thread-3 (]: Began executing node model.tiki_gold.fact_price_daily
[0m18:07:18.851281 [debug] [Thread-3 (]: Writing runtime sql for node "model.tiki_gold.fact_price_daily"
[0m18:07:18.852321 [debug] [Thread-3 (]: Using postgres connection "model.tiki_gold.fact_price_daily"
[0m18:07:18.852836 [debug] [Thread-3 (]: On model.tiki_gold.fact_price_daily: /* {"app": "dbt", "dbt_version": "1.12.3", "profile_name": "tiki", "target_name": "dev", "node_id": "model.tiki_gold.fact_price_daily"} */

  
    

  create  table "tiki"."gold"."fact_price_daily__dbt_tmp"
  
  
    as
  
  (
    select distinct on (product_id, dt, hour)
    product_id,
    dt,
    hour,
    price,
    list_price,
    discount,
    discount_rate,
    rating_average,
    review_count,
    quantity_sold,
    inventory_status,
    badge_count,
    page,
    crawled_at
from "tiki"."staging"."stg_listings"
order by product_id, dt, hour, category_slug
  );
  
[0m18:07:18.853328 [debug] [Thread-3 (]: Opening a new connection, currently in state init
[0m18:07:19.107834 [debug] [Thread-3 (]: SQL status: SELECT 67488 in 0.254 seconds
[0m18:07:19.115088 [debug] [Thread-3 (]: Using postgres connection "model.tiki_gold.fact_price_daily"
[0m18:07:19.115524 [debug] [Thread-3 (]: On model.tiki_gold.fact_price_daily: /* {"app": "dbt", "dbt_version": "1.12.3", "profile_name": "tiki", "target_name": "dev", "node_id": "model.tiki_gold.fact_price_daily"} */
alter table "tiki"."gold"."fact_price_daily" rename to "fact_price_daily__dbt_backup"
[0m18:07:19.116758 [debug] [Thread-3 (]: SQL status: ALTER TABLE in 0.001 seconds
[0m18:07:19.119158 [debug] [Thread-3 (]: Using postgres connection "model.tiki_gold.fact_price_daily"
[0m18:07:19.119575 [debug] [Thread-3 (]: On model.tiki_gold.fact_price_daily: /* {"app": "dbt", "dbt_version": "1.12.3", "profile_name": "tiki", "target_name": "dev", "node_id": "model.tiki_gold.fact_price_daily"} */
alter table "tiki"."gold"."fact_price_daily__dbt_tmp" rename to "fact_price_daily"
[0m18:07:19.120505 [debug] [Thread-3 (]: SQL status: ALTER TABLE in 0.001 seconds
[0m18:07:19.124490 [debug] [Thread-3 (]: On model.tiki_gold.fact_price_daily: COMMIT
[0m18:07:19.124876 [debug] [Thread-3 (]: Using postgres connection "model.tiki_gold.fact_price_daily"
[0m18:07:19.125230 [debug] [Thread-3 (]: On model.tiki_gold.fact_price_daily: COMMIT
[0m18:07:19.157394 [debug] [Thread-3 (]: SQL status: COMMIT in 0.032 seconds
[0m18:07:19.159503 [debug] [Thread-3 (]: Applying DROP to: "tiki"."gold"."fact_price_daily__dbt_backup"
[0m18:07:19.163531 [debug] [Thread-3 (]: Using postgres connection "model.tiki_gold.fact_price_daily"
[0m18:07:19.163942 [debug] [Thread-3 (]: On model.tiki_gold.fact_price_daily: /* {"app": "dbt", "dbt_version": "1.12.3", "profile_name": "tiki", "target_name": "dev", "node_id": "model.tiki_gold.fact_price_daily"} */
drop table if exists "tiki"."gold"."fact_price_daily__dbt_backup" cascade
[0m18:07:19.169876 [debug] [Thread-3 (]: SQL status: DROP TABLE in 0.006 seconds
[0m18:07:19.171377 [debug] [Thread-3 (]: On model.tiki_gold.fact_price_daily: Close
[0m18:07:19.172107 [debug] [Thread-3 (]: Sending event: {'category': 'dbt', 'action': 'run_model', 'label': 'b7c08b19-b0be-47a6-8059-80f6dd246d4d', 'context': [<snowplow_tracker.self_describing_json.SelfDescribingJson object at 0x7bc99b7e7080>]}
[0m18:07:19.172746 [info ] [Thread-3 (]: 2 of 2 OK created sql table model gold.fact_price_daily ........................ [[32mSELECT 67488[0m in 0.35s]
[0m18:07:19.173382 [debug] [Thread-3 (]: Finished running node model.tiki_gold.fact_price_daily
[0m18:07:19.175645 [debug] [MainThread]: On master: COMMIT
[0m18:07:19.176005 [debug] [MainThread]: Using postgres connection "master"
[0m18:07:19.176360 [debug] [MainThread]: On master: COMMIT
[0m18:07:19.176666 [debug] [MainThread]: Opening a new connection, currently in state closed
[0m18:07:27.658127 [debug] [MainThread]: SQL status: COMMIT in 0.011 seconds
[0m18:07:27.658605 [debug] [MainThread]: On master: Close
[0m18:07:27.659153 [debug] [MainThread]: Connection 'master' was properly closed.
[0m18:07:27.659452 [debug] [MainThread]: Connection 'model.tiki_gold.stg_listings' was properly closed.
[0m18:07:27.659762 [debug] [MainThread]: Connection 'list_tiki_gold' was properly closed.
[0m18:07:27.660069 [debug] [MainThread]: Connection 'model.tiki_gold.fact_price_daily' was properly closed.
[0m18:07:27.660417 [info ] [MainThread]: 
[0m18:07:27.660906 [info ] [MainThread]: Finished running 1 table model, 1 view model in 0 hours 0 minutes and 9.17 seconds (9.17s).
[0m18:07:27.661822 [debug] [MainThread]: Command end result
[0m18:07:27.698311 [debug] [MainThread]: Wrote artifact WritableManifest to /home/hai/tiki-crawl/dbt/target/manifest.json
[0m18:07:27.701218 [debug] [MainThread]: Wrote artifact SemanticManifest to /home/hai/tiki-crawl/dbt/target/semantic_manifest.json
[0m18:07:27.703779 [debug] [MainThread]: Wrote artifact OsiDocument to /home/hai/tiki-crawl/dbt/target/osi_document.json
[0m18:07:27.711223 [debug] [MainThread]: Wrote artifact RunExecutionResult to /home/hai/tiki-crawl/dbt/target/run_results.json
[0m18:07:27.711606 [info ] [MainThread]: 
[0m18:07:27.712076 [info ] [MainThread]: [32mCompleted successfully[0m
[0m18:07:27.712484 [info ] [MainThread]: 
[0m18:07:27.712971 [info ] [MainThread]: Done. PASS=2 WARN=0 ERROR=0 SKIP=0 NO-OP=0 REUSED=0 TOTAL=2
[0m18:07:27.714684 [debug] [MainThread]: Resource report: {"command_name": "run", "command_success": true, "command_wall_clock_time": 1.6307057, "process_in_blocks": "5512", "process_kernel_time": 0.453913, "process_mem_max_rss": "133152", "process_out_blocks": "2296", "process_user_time": 2.60365}
[0m18:07:27.715169 [debug] [MainThread]: Command `dbt run` succeeded at 18:07:27.715058 after 1.63 seconds
[0m18:07:27.715582 [debug] [MainThread]: Sending event: {'category': 'dbt', 'action': 'invocation', 'label': 'end', 'context': [<snowplow_tracker.self_describing_json.SelfDescribingJson object at 0x7bc99de9a9c0>, <snowplow_tracker.self_describing_json.SelfDescribingJson object at 0x7bc99b7e7d40>, <snowplow_tracker.self_describing_json.SelfDescribingJson object at 0x7bc99b7e5b20>]}
[0m18:07:27.715965 [debug] [MainThread]: Flushing usage events
[0m18:07:19.866498 [debug] [MainThread]: An error was encountered while trying to flush usage events
[0m18:07:22.425850 [debug] [MainThread]: Sending event: {'category': 'dbt', 'action': 'invocation', 'label': 'start', 'context': [<snowplow_tracker.self_describing_json.SelfDescribingJson object at 0x7abe441de6c0>, <snowplow_tracker.self_describing_json.SelfDescribingJson object at 0x7abe44ec1700>, <snowplow_tracker.self_describing_json.SelfDescribingJson object at 0x7abe455782f0>]}


============================== 18:07:22.429067 | f34d76bf-30bf-41dd-8fe0-6e63947bf156 ==============================
[0m18:07:22.429067 [info ] [MainThread]: Running with dbt=1.12.3
[0m18:07:22.429706 [debug] [MainThread]: running dbt with arguments {'invocation_command': 'dbt snapshot --profiles-dir .', 'no_print': 'None', 'introspect': 'True', 'debug': 'False', 'version_check': 'True', 'empty': 'False', 'quiet': 'False', 'log_cache_events': 'False', 'log_path': '/home/hai/tiki-crawl/dbt/logs', 'fail_fast': 'False', 'use_experimental_parser': 'False', 'warn_error': 'None', 'cache_selected_only': 'False', 'hints_enabled': 'True', 'static_parser': 'True', 'target_path': 'None', 'use_colors': 'True', 'partial_parse': 'True', 'write_json': 'True', 'log_format': 'default', 'warn_error_options': 'WarnErrorOptionsV2(error=[], warn=[], silence=[])', 'profiles_dir': '.', 'printer_width': '80', 'send_anonymous_usage_stats': 'True', 'indirect_selection': 'eager', 'maximum_seed_size_mib': '1'}
[0m18:07:22.630829 [debug] [MainThread]: Sending event: {'category': 'dbt', 'action': 'project_id', 'label': 'f34d76bf-30bf-41dd-8fe0-6e63947bf156', 'context': [<snowplow_tracker.self_describing_json.SelfDescribingJson object at 0x7abe437ebfb0>]}
[0m18:07:22.722328 [debug] [MainThread]: Sending event: {'category': 'dbt', 'action': 'adapter_info', 'label': 'f34d76bf-30bf-41dd-8fe0-6e63947bf156', 'context': [<snowplow_tracker.self_describing_json.SelfDescribingJson object at 0x7abe43ff8bf0>]}
[0m18:07:22.723866 [info ] [MainThread]: Registered adapter: postgres=1.11.0
[0m18:07:22.832118 [debug] [MainThread]: checksum: b11284278684f540b15704c99909c8df3c16bdaf6844ccd0ae0d76372c1b52b6, vars: {}, profile: tiki, target: dev, version: 1.12.3
[0m18:07:22.971591 [debug] [MainThread]: Partial parsing enabled: 0 files deleted, 0 files added, 0 files changed.
[0m18:07:22.972118 [debug] [MainThread]: Nothing changed, skipping partial parsing.
[0m18:07:22.972416 [debug] [MainThread]: Partial parsing enabled, no changes found, skipping parsing
[0m18:07:22.983742 [debug] [MainThread]: Sending event: {'category': 'dbt', 'action': 'load_project', 'label': 'f34d76bf-30bf-41dd-8fe0-6e63947bf156', 'context': [<snowplow_tracker.self_describing_json.SelfDescribingJson object at 0x7abe433f2db0>]}
[0m18:07:23.212603 [debug] [MainThread]: Wrote artifact WritableManifest to /home/hai/tiki-crawl/dbt/target/manifest.json
[0m18:07:23.215525 [debug] [MainThread]: Wrote artifact SemanticManifest to /home/hai/tiki-crawl/dbt/target/semantic_manifest.json
[0m18:07:23.229470 [debug] [MainThread]: Wrote artifact OsiDocument to /home/hai/tiki-crawl/dbt/target/osi_document.json
[0m18:07:23.239710 [debug] [MainThread]: Sending event: {'category': 'dbt', 'action': 'resource_counts', 'label': 'f34d76bf-30bf-41dd-8fe0-6e63947bf156', 'context': [<snowplow_tracker.self_describing_json.SelfDescribingJson object at 0x7abe41f55eb0>]}
[0m18:07:23.240205 [info ] [MainThread]: Found 2 models, 1 snapshot, 1 source, 478 macros
[0m18:07:23.240610 [debug] [MainThread]: Sending event: {'category': 'dbt', 'action': 'runnable_timing', 'label': 'f34d76bf-30bf-41dd-8fe0-6e63947bf156', 'context': [<snowplow_tracker.self_describing_json.SelfDescribingJson object at 0x7abe43ff80e0>]}
[0m18:07:23.242590 [info ] [MainThread]: 
[0m18:07:23.243083 [info ] [MainThread]: Concurrency: 4 threads (target='dev')
[0m18:07:23.243456 [info ] [MainThread]: 
[0m18:07:23.244066 [debug] [MainThread]: Acquiring new postgres connection 'master'
[0m18:07:23.245598 [debug] [ThreadPool]: Acquiring new postgres connection 'list_tiki'
[0m18:07:23.284730 [debug] [ThreadPool]: Using postgres connection "list_tiki"
[0m18:07:23.285218 [debug] [ThreadPool]: On list_tiki: /* {"app": "dbt", "dbt_version": "1.12.3", "profile_name": "tiki", "target_name": "dev", "connection_name": "list_tiki"} */

    select distinct nspname from pg_namespace
  
[0m18:07:23.285563 [debug] [ThreadPool]: Opening a new connection, currently in state init
[0m18:07:23.299717 [debug] [ThreadPool]: SQL status: SELECT 9 in 0.014 seconds
[0m18:07:23.301147 [debug] [ThreadPool]: On list_tiki: Close
[0m18:07:23.306732 [debug] [ThreadPool]: Re-using an available connection from the pool (formerly list_tiki, now list_tiki_staging)
[0m18:07:23.313145 [debug] [ThreadPool]: Acquiring new postgres connection 'list_tiki_gold'
[0m18:07:23.313619 [debug] [ThreadPool]: Using postgres connection "list_tiki_staging"
[0m18:07:23.314919 [debug] [ThreadPool]: Using postgres connection "list_tiki_gold"
[0m18:07:23.315445 [debug] [ThreadPool]: On list_tiki_staging: /* {"app": "dbt", "dbt_version": "1.12.3", "profile_name": "tiki", "target_name": "dev", "connection_name": "list_tiki_staging"} */
select
      'tiki' as database,
      tablename as name,
      schemaname as schema,
      'table' as type
    from pg_tables
    where schemaname ilike 'staging'
    union all
    select
      'tiki' as database,
      viewname as name,
      schemaname as schema,
      'view' as type
    from pg_views
    where schemaname ilike 'staging'
    union all
    select
      'tiki' as database,
      matviewname as name,
      schemaname as schema,
      'materialized_view' as type
    from pg_matviews
    where schemaname ilike 'staging'
    union all
    select distinct
     'tiki' as database,
     proname as name,
     ns.nspname as schema,
     'function' as type
    from pg_proc
     join pg_namespace as ns on pronamespace = ns.oid
    where ns.nspname ilike 'staging'
  
[0m18:07:23.315908 [debug] [ThreadPool]: On list_tiki_gold: /* {"app": "dbt", "dbt_version": "1.12.3", "profile_name": "tiki", "target_name": "dev", "connection_name": "list_tiki_gold"} */
select
      'tiki' as database,
      tablename as name,
      schemaname as schema,
      'table' as type
    from pg_tables
    where schemaname ilike 'gold'
    union all
    select
      'tiki' as database,
      viewname as name,
      schemaname as schema,
      'view' as type
    from pg_views
    where schemaname ilike 'gold'
    union all
    select
      'tiki' as database,
      matviewname as name,
      schemaname as schema,
      'materialized_view' as type
    from pg_matviews
    where schemaname ilike 'gold'
    union all
    select distinct
     'tiki' as database,
     proname as name,
     ns.nspname as schema,
     'function' as type
    from pg_proc
     join pg_namespace as ns on pronamespace = ns.oid
    where ns.nspname ilike 'gold'
  
[0m18:07:23.316406 [debug] [ThreadPool]: Opening a new connection, currently in state closed
[0m18:07:23.316878 [debug] [ThreadPool]: Opening a new connection, currently in state init
[0m18:07:23.333876 [debug] [ThreadPool]: SQL status: SELECT 1 in 0.017 seconds
[0m18:07:23.334604 [debug] [ThreadPool]: SQL status: SELECT 2 in 0.018 seconds
[0m18:07:23.336170 [debug] [ThreadPool]: On list_tiki_staging: ROLLBACK
[0m18:07:23.337647 [debug] [ThreadPool]: On list_tiki_gold: ROLLBACK
[0m18:07:23.338937 [debug] [ThreadPool]: On list_tiki_staging: Close
[0m18:07:23.339398 [debug] [ThreadPool]: On list_tiki_gold: Close
[0m18:07:23.345485 [debug] [MainThread]: Using postgres connection "master"
[0m18:07:23.345986 [debug] [MainThread]: On master: /* {"app": "dbt", "dbt_version": "1.12.3", "profile_name": "tiki", "target_name": "dev", "connection_name": "master"} */
select distinct
        dependent_namespace.nspname as dependent_schema,
        dependent_class.relname as dependent_name,
        referenced_namespace.nspname as referenced_schema,
        referenced_class.relname as referenced_name

    -- Query for views: views are entries in pg_class with an entry in pg_rewrite, but we avoid
    -- a seq scan on pg_rewrite by leveraging the fact there is an "internal" row in pg_depend for
    -- the view...
    from pg_class as dependent_class
    join pg_namespace as dependent_namespace on dependent_namespace.oid = dependent_class.relnamespace
    join pg_depend as dependent_depend on dependent_depend.refobjid = dependent_class.oid
        and dependent_depend.classid = 'pg_rewrite'::regclass
        and dependent_depend.refclassid = 'pg_class'::regclass
        and dependent_depend.deptype = 'i'

    -- ... and via pg_depend (that has a row per column, hence the need for "distinct" above, and
    -- making sure to exclude the internal row to avoid a view appearing to depend on itself)...
    join pg_depend as joining_depend on joining_depend.objid = dependent_depend.objid
        and joining_depend.classid = 'pg_rewrite'::regclass
        and joining_depend.refclassid = 'pg_class'::regclass
        and joining_depend.refobjid != dependent_depend.refobjid

    -- ... we can find the tables they query from in pg_class, but excluding system tables. Note we
    -- don't need need to exclude _dependent_ system tables, because they only query from other
    -- system tables, and so are automatically excluded by excluding _referenced_ system tables
    join pg_class as referenced_class on referenced_class.oid = joining_depend.refobjid
    join pg_namespace as referenced_namespace on referenced_namespace.oid = referenced_class.relnamespace
        and referenced_namespace.nspname != 'information_schema'
        and referenced_namespace.nspname not like 'pg\_%'

    order by
        dependent_schema, dependent_name, referenced_schema, referenced_name;
[0m18:07:23.346428 [debug] [MainThread]: Opening a new connection, currently in state init
[0m18:07:23.362283 [debug] [MainThread]: SQL status: SELECT 1 in 0.015 seconds
[0m18:07:23.364306 [debug] [MainThread]: Sending event: {'category': 'dbt', 'action': 'runnable_timing', 'label': 'f34d76bf-30bf-41dd-8fe0-6e63947bf156', 'context': [<snowplow_tracker.self_describing_json.SelfDescribingJson object at 0x7abe4172ca70>]}
[0m18:07:23.364902 [debug] [MainThread]: On master: ROLLBACK
[0m18:07:23.366025 [debug] [MainThread]: On master: COMMIT
[0m18:07:23.366502 [debug] [MainThread]: Using postgres connection "master"
[0m18:07:23.367041 [debug] [MainThread]: On master: COMMIT
[0m18:07:23.368241 [debug] [MainThread]: SQL status: COMMIT in 0.001 seconds
[0m18:07:23.368632 [debug] [MainThread]: On master: Close
[0m18:07:23.374818 [debug] [Thread-1 (]: Began running node snapshot.tiki_gold.dim_product_snapshot
[0m18:07:23.375807 [info ] [Thread-1 (]: 1 of 1 START snapshot gold.dim_product_snapshot ................................ [RUN]
[0m18:07:23.376634 [debug] [Thread-1 (]: Re-using an available connection from the pool (formerly list_tiki_gold, now snapshot.tiki_gold.dim_product_snapshot)
[0m18:07:23.377149 [debug] [Thread-1 (]: Began compiling node snapshot.tiki_gold.dim_product_snapshot
[0m18:07:23.385405 [debug] [Thread-1 (]: Writing injected SQL for node "snapshot.tiki_gold.dim_product_snapshot"
[0m18:07:23.389455 [debug] [Thread-1 (]: Began executing node snapshot.tiki_gold.dim_product_snapshot
[0m18:07:23.459721 [debug] [Thread-1 (]: Using postgres connection "snapshot.tiki_gold.dim_product_snapshot"
[0m18:07:23.460290 [debug] [Thread-1 (]: On snapshot.tiki_gold.dim_product_snapshot: /* {"app": "dbt", "dbt_version": "1.12.3", "profile_name": "tiki", "target_name": "dev", "node_id": "snapshot.tiki_gold.dim_product_snapshot"} */
select * from (
        select name, brand_id, brand_name, seller_id, seller_name, category_id, category_name, is_authentic, thumbnail_url, url, url_key from (
                



-- Moi lan snapshot chay: lay ban ghi MOI NHAT cua tung product_id trong lan
-- crawl vua nap (co the co nhieu dong trung product_id do trung category).
--
-- Tie-break bang category_slug (khong chi crawled_at): 1 san pham co the
-- xuat hien o 2 category CUNG luc, CUNG crawled_at (vd sach nam ca trong
-- "nha-sach-tiki" va "sach-tieng-viet") - neu khong co tie-break on dinh,
-- Postgres chon dong nao trong 2 dong tie la KHONG XAC DINH, khien
-- category_id doi qua doi lai giua cac lan chay va lam SCD2 tuong nham
-- la san pham doi category that (da gap bug nay that khi test lai).
select distinct on (product_id)
    product_id,
    sku,
    name,
    url_key,
    url,
    brand_id,
    brand_name,
    seller_id,
    seller_name,
    category_id,
    category_name,
    is_authentic,
    thumbnail_url
from "tiki"."staging"."stg_listings"
order by product_id, crawled_at desc, category_slug

            ) subq
    ) as __dbt_sbq
    where false
    limit 0

    
[0m18:07:23.460757 [debug] [Thread-1 (]: Opening a new connection, currently in state closed
[0m18:07:23.473412 [debug] [Thread-1 (]: SQL status: SELECT 0 in 0.013 seconds
[0m18:07:23.486949 [debug] [Thread-1 (]: Using postgres connection "snapshot.tiki_gold.dim_product_snapshot"
[0m18:07:23.487383 [debug] [Thread-1 (]: On snapshot.tiki_gold.dim_product_snapshot: /* {"app": "dbt", "dbt_version": "1.12.3", "profile_name": "tiki", "target_name": "dev", "node_id": "snapshot.tiki_gold.dim_product_snapshot"} */

      select
          column_name,
          data_type,
          character_maximum_length,
          numeric_precision,
          numeric_scale

      from "tiki".INFORMATION_SCHEMA.columns
      where table_name = 'dim_product_snapshot'
        
        and table_schema = 'gold'
        
      order by ordinal_position

  
[0m18:07:23.497005 [debug] [Thread-1 (]: SQL status: SELECT 17 in 0.009 seconds
[0m18:07:23.591246 [debug] [Thread-1 (]: Using postgres connection "snapshot.tiki_gold.dim_product_snapshot"
[0m18:07:23.591835 [debug] [Thread-1 (]: On snapshot.tiki_gold.dim_product_snapshot: /* {"app": "dbt", "dbt_version": "1.12.3", "profile_name": "tiki", "target_name": "dev", "node_id": "snapshot.tiki_gold.dim_product_snapshot"} */

      select
          column_name,
          data_type,
          character_maximum_length,
          numeric_precision,
          numeric_scale

      from "tiki".INFORMATION_SCHEMA.columns
      where table_name = 'dim_product_snapshot'
        
        and table_schema = 'gold'
        
      order by ordinal_position

  
[0m18:07:23.596273 [debug] [Thread-1 (]: SQL status: SELECT 17 in 0.004 seconds
[0m18:07:23.691489 [debug] [Thread-1 (]: Using postgres connection "snapshot.tiki_gold.dim_product_snapshot"
[0m18:07:23.692794 [debug] [Thread-1 (]: On snapshot.tiki_gold.dim_product_snapshot: /* {"app": "dbt", "dbt_version": "1.12.3", "profile_name": "tiki", "target_name": "dev", "node_id": "snapshot.tiki_gold.dim_product_snapshot"} */

        
  
    

  create temporary table "dim_product_snapshot__dbt_tmp180723682032"
  
  
    as
  
  (
    
    
    with snapshot_query as (

        



-- Moi lan snapshot chay: lay ban ghi MOI NHAT cua tung product_id trong lan
-- crawl vua nap (co the co nhieu dong trung product_id do trung category).
--
-- Tie-break bang category_slug (khong chi crawled_at): 1 san pham co the
-- xuat hien o 2 category CUNG luc, CUNG crawled_at (vd sach nam ca trong
-- "nha-sach-tiki" va "sach-tieng-viet") - neu khong co tie-break on dinh,
-- Postgres chon dong nao trong 2 dong tie la KHONG XAC DINH, khien
-- category_id doi qua doi lai giua cac lan chay va lam SCD2 tuong nham
-- la san pham doi category that (da gap bug nay that khi test lai).
select distinct on (product_id)
    product_id,
    sku,
    name,
    url_key,
    url,
    brand_id,
    brand_name,
    seller_id,
    seller_name,
    category_id,
    category_name,
    is_authentic,
    thumbnail_url
from "tiki"."staging"."stg_listings"
order by product_id, crawled_at desc, category_slug


    ),

    snapshotted_data as (

        select *, 
    
        product_id as dbt_unique_key
    

        from "tiki"."gold"."dim_product_snapshot"
        where
            
                dbt_valid_to is null
            

    ),

    insertions_source_data as (

        select *, 
    
        product_id as dbt_unique_key
    
,
            now()::timestamp without time zone as dbt_updated_at,
            now()::timestamp without time zone as dbt_valid_from,
            
  
  coalesce(nullif(now()::timestamp without time zone, now()::timestamp without time zone), null)
  as dbt_valid_to
,
            md5(coalesce(cast(product_id as varchar ), '')
         || '|' || coalesce(cast(now()::timestamp without time zone as varchar ), '')
        ) as dbt_scd_id

        from snapshot_query
    ),

    updates_source_data as (

        select *, 
    
        product_id as dbt_unique_key
    
,
            now()::timestamp without time zone as dbt_updated_at,
            now()::timestamp without time zone as dbt_valid_from,
            now()::timestamp without time zone as dbt_valid_to

        from snapshot_query
    ),

    insertions as (

        select
            'insert' as dbt_change_type,
            source_data.*

        from insertions_source_data as source_data
        left outer join snapshotted_data
            on 
    
        snapshotted_data.dbt_unique_key = source_data.dbt_unique_key
    

            where 
    
        snapshotted_data.dbt_unique_key is null
    

            or (
    
        snapshotted_data.dbt_unique_key is not null
    
 and (
               (snapshotted_data."name" != source_data."name"
        or
        (
            ((snapshotted_data."name" is null) and not (source_data."name" is null))
            or
            ((not snapshotted_data."name" is null) and (source_data."name" is null))
        ) or snapshotted_data."brand_id" != source_data."brand_id"
        or
        (
            ((snapshotted_data."brand_id" is null) and not (source_data."brand_id" is null))
            or
            ((not snapshotted_data."brand_id" is null) and (source_data."brand_id" is null))
        ) or snapshotted_data."brand_name" != source_data."brand_name"
        or
        (
            ((snapshotted_data."brand_name" is null) and not (source_data."brand_name" is null))
            or
            ((not snapshotted_data."brand_name" is null) and (source_data."brand_name" is null))
        ) or snapshotted_data."seller_id" != source_data."seller_id"
        or
        (
            ((snapshotted_data."seller_id" is null) and not (source_data."seller_id" is null))
            or
            ((not snapshotted_data."seller_id" is null) and (source_data."seller_id" is null))
        ) or snapshotted_data."seller_name" != source_data."seller_name"
        or
        (
            ((snapshotted_data."seller_name" is null) and not (source_data."seller_name" is null))
            or
            ((not snapshotted_data."seller_name" is null) and (source_data."seller_name" is null))
        ) or snapshotted_data."category_id" != source_data."category_id"
        or
        (
            ((snapshotted_data."category_id" is null) and not (source_data."category_id" is null))
            or
            ((not snapshotted_data."category_id" is null) and (source_data."category_id" is null))
        ) or snapshotted_data."category_name" != source_data."category_name"
        or
        (
            ((snapshotted_data."category_name" is null) and not (source_data."category_name" is null))
            or
            ((not snapshotted_data."category_name" is null) and (source_data."category_name" is null))
        ) or snapshotted_data."is_authentic" != source_data."is_authentic"
        or
        (
            ((snapshotted_data."is_authentic" is null) and not (source_data."is_authentic" is null))
            or
            ((not snapshotted_data."is_authentic" is null) and (source_data."is_authentic" is null))
        ) or snapshotted_data."thumbnail_url" != source_data."thumbnail_url"
        or
        (
            ((snapshotted_data."thumbnail_url" is null) and not (source_data."thumbnail_url" is null))
            or
            ((not snapshotted_data."thumbnail_url" is null) and (source_data."thumbnail_url" is null))
        ) or snapshotted_data."url" != source_data."url"
        or
        (
            ((snapshotted_data."url" is null) and not (source_data."url" is null))
            or
            ((not snapshotted_data."url" is null) and (source_data."url" is null))
        ) or snapshotted_data."url_key" != source_data."url_key"
        or
        (
            ((snapshotted_data."url_key" is null) and not (source_data."url_key" is null))
            or
            ((not snapshotted_data."url_key" is null) and (source_data."url_key" is null))
        ))
            )

        )

    ),

    updates as (

        select
            'update' as dbt_change_type,
            source_data.*,
            snapshotted_data.dbt_scd_id

        from updates_source_data as source_data
        join snapshotted_data
            on 
    
        snapshotted_data.dbt_unique_key = source_data.dbt_unique_key
    

        where (
            (snapshotted_data."name" != source_data."name"
        or
        (
            ((snapshotted_data."name" is null) and not (source_data."name" is null))
            or
            ((not snapshotted_data."name" is null) and (source_data."name" is null))
        ) or snapshotted_data."brand_id" != source_data."brand_id"
        or
        (
            ((snapshotted_data."brand_id" is null) and not (source_data."brand_id" is null))
            or
            ((not snapshotted_data."brand_id" is null) and (source_data."brand_id" is null))
        ) or snapshotted_data."brand_name" != source_data."brand_name"
        or
        (
            ((snapshotted_data."brand_name" is null) and not (source_data."brand_name" is null))
            or
            ((not snapshotted_data."brand_name" is null) and (source_data."brand_name" is null))
        ) or snapshotted_data."seller_id" != source_data."seller_id"
        or
        (
            ((snapshotted_data."seller_id" is null) and not (source_data."seller_id" is null))
            or
            ((not snapshotted_data."seller_id" is null) and (source_data."seller_id" is null))
        ) or snapshotted_data."seller_name" != source_data."seller_name"
        or
        (
            ((snapshotted_data."seller_name" is null) and not (source_data."seller_name" is null))
            or
            ((not snapshotted_data."seller_name" is null) and (source_data."seller_name" is null))
        ) or snapshotted_data."category_id" != source_data."category_id"
        or
        (
            ((snapshotted_data."category_id" is null) and not (source_data."category_id" is null))
            or
            ((not snapshotted_data."category_id" is null) and (source_data."category_id" is null))
        ) or snapshotted_data."category_name" != source_data."category_name"
        or
        (
            ((snapshotted_data."category_name" is null) and not (source_data."category_name" is null))
            or
            ((not snapshotted_data."category_name" is null) and (source_data."category_name" is null))
        ) or snapshotted_data."is_authentic" != source_data."is_authentic"
        or
        (
            ((snapshotted_data."is_authentic" is null) and not (source_data."is_authentic" is null))
            or
            ((not snapshotted_data."is_authentic" is null) and (source_data."is_authentic" is null))
        ) or snapshotted_data."thumbnail_url" != source_data."thumbnail_url"
        or
        (
            ((snapshotted_data."thumbnail_url" is null) and not (source_data."thumbnail_url" is null))
            or
            ((not snapshotted_data."thumbnail_url" is null) and (source_data."thumbnail_url" is null))
        ) or snapshotted_data."url" != source_data."url"
        or
        (
            ((snapshotted_data."url" is null) and not (source_data."url" is null))
            or
            ((not snapshotted_data."url" is null) and (source_data."url" is null))
        ) or snapshotted_data."url_key" != source_data."url_key"
        or
        (
            ((snapshotted_data."url_key" is null) and not (source_data."url_key" is null))
            or
            ((not snapshotted_data."url_key" is null) and (source_data."url_key" is null))
        ))
        )
    )

    select * from insertions
    union all
    select * from updates

  );
  
    
[0m18:07:24.114315 [debug] [Thread-1 (]: SQL status: SELECT 1507 in 0.420 seconds
[0m18:07:24.116812 [debug] [Thread-1 (]: Using postgres connection "snapshot.tiki_gold.dim_product_snapshot"
[0m18:07:24.117335 [debug] [Thread-1 (]: On snapshot.tiki_gold.dim_product_snapshot: /* {"app": "dbt", "dbt_version": "1.12.3", "profile_name": "tiki", "target_name": "dev", "node_id": "snapshot.tiki_gold.dim_product_snapshot"} */

      select
          column_name,
          data_type,
          character_maximum_length,
          numeric_precision,
          numeric_scale

      from INFORMATION_SCHEMA.columns
      where table_name = 'dim_product_snapshot__dbt_tmp180723682032'
        
      order by ordinal_position

  
[0m18:07:24.120785 [debug] [Thread-1 (]: SQL status: SELECT 19 in 0.003 seconds
[0m18:07:24.123986 [debug] [Thread-1 (]: Using postgres connection "snapshot.tiki_gold.dim_product_snapshot"
[0m18:07:24.124444 [debug] [Thread-1 (]: On snapshot.tiki_gold.dim_product_snapshot: /* {"app": "dbt", "dbt_version": "1.12.3", "profile_name": "tiki", "target_name": "dev", "node_id": "snapshot.tiki_gold.dim_product_snapshot"} */

      select
          column_name,
          data_type,
          character_maximum_length,
          numeric_precision,
          numeric_scale

      from "tiki".INFORMATION_SCHEMA.columns
      where table_name = 'dim_product_snapshot'
        
        and table_schema = 'gold'
        
      order by ordinal_position

  
[0m18:07:24.127646 [debug] [Thread-1 (]: SQL status: SELECT 17 in 0.003 seconds
[0m18:07:24.130269 [debug] [Thread-1 (]: Using postgres connection "snapshot.tiki_gold.dim_product_snapshot"
[0m18:07:24.130715 [debug] [Thread-1 (]: On snapshot.tiki_gold.dim_product_snapshot: /* {"app": "dbt", "dbt_version": "1.12.3", "profile_name": "tiki", "target_name": "dev", "node_id": "snapshot.tiki_gold.dim_product_snapshot"} */

      select
          column_name,
          data_type,
          character_maximum_length,
          numeric_precision,
          numeric_scale

      from INFORMATION_SCHEMA.columns
      where table_name = 'dim_product_snapshot__dbt_tmp180723682032'
        
      order by ordinal_position

  
[0m18:07:24.133740 [debug] [Thread-1 (]: SQL status: SELECT 19 in 0.003 seconds
[0m18:07:24.136426 [debug] [Thread-1 (]: Using postgres connection "snapshot.tiki_gold.dim_product_snapshot"
[0m18:07:24.136895 [debug] [Thread-1 (]: On snapshot.tiki_gold.dim_product_snapshot: /* {"app": "dbt", "dbt_version": "1.12.3", "profile_name": "tiki", "target_name": "dev", "node_id": "snapshot.tiki_gold.dim_product_snapshot"} */

      select
          column_name,
          data_type,
          character_maximum_length,
          numeric_precision,
          numeric_scale

      from "tiki".INFORMATION_SCHEMA.columns
      where table_name = 'dim_product_snapshot'
        
        and table_schema = 'gold'
        
      order by ordinal_position

  
[0m18:07:24.141516 [debug] [Thread-1 (]: SQL status: SELECT 17 in 0.004 seconds
[0m18:07:24.150776 [debug] [Thread-1 (]: Using postgres connection "snapshot.tiki_gold.dim_product_snapshot"
[0m18:07:24.151339 [debug] [Thread-1 (]: On snapshot.tiki_gold.dim_product_snapshot: /* {"app": "dbt", "dbt_version": "1.12.3", "profile_name": "tiki", "target_name": "dev", "node_id": "snapshot.tiki_gold.dim_product_snapshot"} */

      select
          column_name,
          data_type,
          character_maximum_length,
          numeric_precision,
          numeric_scale

      from INFORMATION_SCHEMA.columns
      where table_name = 'dim_product_snapshot__dbt_tmp180723682032'
        
      order by ordinal_position

  
[0m18:07:24.155806 [debug] [Thread-1 (]: SQL status: SELECT 19 in 0.004 seconds
[0m18:07:24.178052 [debug] [Thread-1 (]: Using postgres connection "snapshot.tiki_gold.dim_product_snapshot"
[0m18:07:24.178856 [debug] [Thread-1 (]: On snapshot.tiki_gold.dim_product_snapshot: /* {"app": "dbt", "dbt_version": "1.12.3", "profile_name": "tiki", "target_name": "dev", "node_id": "snapshot.tiki_gold.dim_product_snapshot"} */
select * from (
        
    
    with snapshot_query as (

        



-- Moi lan snapshot chay: lay ban ghi MOI NHAT cua tung product_id trong lan
-- crawl vua nap (co the co nhieu dong trung product_id do trung category).
--
-- Tie-break bang category_slug (khong chi crawled_at): 1 san pham co the
-- xuat hien o 2 category CUNG luc, CUNG crawled_at (vd sach nam ca trong
-- "nha-sach-tiki" va "sach-tieng-viet") - neu khong co tie-break on dinh,
-- Postgres chon dong nao trong 2 dong tie la KHONG XAC DINH, khien
-- category_id doi qua doi lai giua cac lan chay va lam SCD2 tuong nham
-- la san pham doi category that (da gap bug nay that khi test lai).
select distinct on (product_id)
    product_id,
    sku,
    name,
    url_key,
    url,
    brand_id,
    brand_name,
    seller_id,
    seller_name,
    category_id,
    category_name,
    is_authentic,
    thumbnail_url
from "tiki"."staging"."stg_listings"
order by product_id, crawled_at desc, category_slug


    ),

    snapshotted_data as (

        select *, 
    
        product_id as dbt_unique_key
    

        from "tiki"."gold"."dim_product_snapshot"
        where
            
                dbt_valid_to is null
            

    ),

    insertions_source_data as (

        select *, 
    
        product_id as dbt_unique_key
    
,
            now()::timestamp without time zone as dbt_updated_at,
            now()::timestamp without time zone as dbt_valid_from,
            
  
  coalesce(nullif(now()::timestamp without time zone, now()::timestamp without time zone), null)
  as dbt_valid_to
,
            md5(coalesce(cast(product_id as varchar ), '')
         || '|' || coalesce(cast(now()::timestamp without time zone as varchar ), '')
        ) as dbt_scd_id

        from snapshot_query
    ),

    updates_source_data as (

        select *, 
    
        product_id as dbt_unique_key
    
,
            now()::timestamp without time zone as dbt_updated_at,
            now()::timestamp without time zone as dbt_valid_from,
            now()::timestamp without time zone as dbt_valid_to

        from snapshot_query
    ),

    insertions as (

        select
            'insert' as dbt_change_type,
            source_data.*

        from insertions_source_data as source_data
        left outer join snapshotted_data
            on 
    
        snapshotted_data.dbt_unique_key = source_data.dbt_unique_key
    

            where 
    
        snapshotted_data.dbt_unique_key is null
    

            or (
    
        snapshotted_data.dbt_unique_key is not null
    
 and (
               (snapshotted_data."name" != source_data."name"
        or
        (
            ((snapshotted_data."name" is null) and not (source_data."name" is null))
            or
            ((not snapshotted_data."name" is null) and (source_data."name" is null))
        ) or snapshotted_data."brand_id" != source_data."brand_id"
        or
        (
            ((snapshotted_data."brand_id" is null) and not (source_data."brand_id" is null))
            or
            ((not snapshotted_data."brand_id" is null) and (source_data."brand_id" is null))
        ) or snapshotted_data."brand_name" != source_data."brand_name"
        or
        (
            ((snapshotted_data."brand_name" is null) and not (source_data."brand_name" is null))
            or
            ((not snapshotted_data."brand_name" is null) and (source_data."brand_name" is null))
        ) or snapshotted_data."seller_id" != source_data."seller_id"
        or
        (
            ((snapshotted_data."seller_id" is null) and not (source_data."seller_id" is null))
            or
            ((not snapshotted_data."seller_id" is null) and (source_data."seller_id" is null))
        ) or snapshotted_data."seller_name" != source_data."seller_name"
        or
        (
            ((snapshotted_data."seller_name" is null) and not (source_data."seller_name" is null))
            or
            ((not snapshotted_data."seller_name" is null) and (source_data."seller_name" is null))
        ) or snapshotted_data."category_id" != source_data."category_id"
        or
        (
            ((snapshotted_data."category_id" is null) and not (source_data."category_id" is null))
            or
            ((not snapshotted_data."category_id" is null) and (source_data."category_id" is null))
        ) or snapshotted_data."category_name" != source_data."category_name"
        or
        (
            ((snapshotted_data."category_name" is null) and not (source_data."category_name" is null))
            or
            ((not snapshotted_data."category_name" is null) and (source_data."category_name" is null))
        ) or snapshotted_data."is_authentic" != source_data."is_authentic"
        or
        (
            ((snapshotted_data."is_authentic" is null) and not (source_data."is_authentic" is null))
            or
            ((not snapshotted_data."is_authentic" is null) and (source_data."is_authentic" is null))
        ) or snapshotted_data."thumbnail_url" != source_data."thumbnail_url"
        or
        (
            ((snapshotted_data."thumbnail_url" is null) and not (source_data."thumbnail_url" is null))
            or
            ((not snapshotted_data."thumbnail_url" is null) and (source_data."thumbnail_url" is null))
        ) or snapshotted_data."url" != source_data."url"
        or
        (
            ((snapshotted_data."url" is null) and not (source_data."url" is null))
            or
            ((not snapshotted_data."url" is null) and (source_data."url" is null))
        ) or snapshotted_data."url_key" != source_data."url_key"
        or
        (
            ((snapshotted_data."url_key" is null) and not (source_data."url_key" is null))
            or
            ((not snapshotted_data."url_key" is null) and (source_data."url_key" is null))
        ))
            )

        )

    ),

    updates as (

        select
            'update' as dbt_change_type,
            source_data.*,
            snapshotted_data.dbt_scd_id

        from updates_source_data as source_data
        join snapshotted_data
            on 
    
        snapshotted_data.dbt_unique_key = source_data.dbt_unique_key
    

        where (
            (snapshotted_data."name" != source_data."name"
        or
        (
            ((snapshotted_data."name" is null) and not (source_data."name" is null))
            or
            ((not snapshotted_data."name" is null) and (source_data."name" is null))
        ) or snapshotted_data."brand_id" != source_data."brand_id"
        or
        (
            ((snapshotted_data."brand_id" is null) and not (source_data."brand_id" is null))
            or
            ((not snapshotted_data."brand_id" is null) and (source_data."brand_id" is null))
        ) or snapshotted_data."brand_name" != source_data."brand_name"
        or
        (
            ((snapshotted_data."brand_name" is null) and not (source_data."brand_name" is null))
            or
            ((not snapshotted_data."brand_name" is null) and (source_data."brand_name" is null))
        ) or snapshotted_data."seller_id" != source_data."seller_id"
        or
        (
            ((snapshotted_data."seller_id" is null) and not (source_data."seller_id" is null))
            or
            ((not snapshotted_data."seller_id" is null) and (source_data."seller_id" is null))
        ) or snapshotted_data."seller_name" != source_data."seller_name"
        or
        (
            ((snapshotted_data."seller_name" is null) and not (source_data."seller_name" is null))
            or
            ((not snapshotted_data."seller_name" is null) and (source_data."seller_name" is null))
        ) or snapshotted_data."category_id" != source_data."category_id"
        or
        (
            ((snapshotted_data."category_id" is null) and not (source_data."category_id" is null))
            or
            ((not snapshotted_data."category_id" is null) and (source_data."category_id" is null))
        ) or snapshotted_data."category_name" != source_data."category_name"
        or
        (
            ((snapshotted_data."category_name" is null) and not (source_data."category_name" is null))
            or
            ((not snapshotted_data."category_name" is null) and (source_data."category_name" is null))
        ) or snapshotted_data."is_authentic" != source_data."is_authentic"
        or
        (
            ((snapshotted_data."is_authentic" is null) and not (source_data."is_authentic" is null))
            or
            ((not snapshotted_data."is_authentic" is null) and (source_data."is_authentic" is null))
        ) or snapshotted_data."thumbnail_url" != source_data."thumbnail_url"
        or
        (
            ((snapshotted_data."thumbnail_url" is null) and not (source_data."thumbnail_url" is null))
            or
            ((not snapshotted_data."thumbnail_url" is null) and (source_data."thumbnail_url" is null))
        ) or snapshotted_data."url" != source_data."url"
        or
        (
            ((snapshotted_data."url" is null) and not (source_data."url" is null))
            or
            ((not snapshotted_data."url" is null) and (source_data."url" is null))
        ) or snapshotted_data."url_key" != source_data."url_key"
        or
        (
            ((snapshotted_data."url_key" is null) and not (source_data."url_key" is null))
            or
            ((not snapshotted_data."url_key" is null) and (source_data."url_key" is null))
        ))
        )
    )

    select * from insertions
    union all
    select * from updates

    ) as __dbt_sbq
    where false
    limit 0

[0m18:07:24.180681 [debug] [Thread-1 (]: SQL status: SELECT 0 in 0.001 seconds
[0m18:07:24.185734 [debug] [Thread-1 (]: Using postgres connection "snapshot.tiki_gold.dim_product_snapshot"
[0m18:07:24.186296 [debug] [Thread-1 (]: On snapshot.tiki_gold.dim_product_snapshot: /* {"app": "dbt", "dbt_version": "1.12.3", "profile_name": "tiki", "target_name": "dev", "node_id": "snapshot.tiki_gold.dim_product_snapshot"} */
select * from (
        select now()::timestamp without time zone as dbt_snapshot_time
    ) as __dbt_sbq
    where false
    limit 0

[0m18:07:24.187354 [debug] [Thread-1 (]: SQL status: SELECT 0 in 0.001 seconds
[0m18:07:24.188159 [debug] [Thread-1 (]: Writing runtime sql for node "snapshot.tiki_gold.dim_product_snapshot"
[0m18:07:24.189125 [debug] [Thread-1 (]: Using postgres connection "snapshot.tiki_gold.dim_product_snapshot"
[0m18:07:24.189731 [debug] [Thread-1 (]: On snapshot.tiki_gold.dim_product_snapshot: /* {"app": "dbt", "dbt_version": "1.12.3", "profile_name": "tiki", "target_name": "dev", "node_id": "snapshot.tiki_gold.dim_product_snapshot"} */

      update "tiki"."gold"."dim_product_snapshot"
    set dbt_valid_to = DBT_INTERNAL_SOURCE.dbt_valid_to
    from "dim_product_snapshot__dbt_tmp180723682032" as DBT_INTERNAL_SOURCE
    where DBT_INTERNAL_SOURCE.dbt_scd_id::text = "tiki"."gold"."dim_product_snapshot".dbt_scd_id::text
      and DBT_INTERNAL_SOURCE.dbt_change_type::text in ('update'::text, 'delete'::text)
      
        and "tiki"."gold"."dim_product_snapshot".dbt_valid_to is null;
      


    insert into "tiki"."gold"."dim_product_snapshot" ("product_id", "sku", "name", "url_key", "url", "brand_id", "brand_name", "seller_id", "seller_name", "category_id", "category_name", "is_authentic", "thumbnail_url", "dbt_updated_at", "dbt_valid_from", "dbt_valid_to", "dbt_scd_id")
    select DBT_INTERNAL_SOURCE."product_id",DBT_INTERNAL_SOURCE."sku",DBT_INTERNAL_SOURCE."name",DBT_INTERNAL_SOURCE."url_key",DBT_INTERNAL_SOURCE."url",DBT_INTERNAL_SOURCE."brand_id",DBT_INTERNAL_SOURCE."brand_name",DBT_INTERNAL_SOURCE."seller_id",DBT_INTERNAL_SOURCE."seller_name",DBT_INTERNAL_SOURCE."category_id",DBT_INTERNAL_SOURCE."category_name",DBT_INTERNAL_SOURCE."is_authentic",DBT_INTERNAL_SOURCE."thumbnail_url",DBT_INTERNAL_SOURCE."dbt_updated_at",DBT_INTERNAL_SOURCE."dbt_valid_from",DBT_INTERNAL_SOURCE."dbt_valid_to",DBT_INTERNAL_SOURCE."dbt_scd_id"
    from "dim_product_snapshot__dbt_tmp180723682032" as DBT_INTERNAL_SOURCE
    where DBT_INTERNAL_SOURCE.dbt_change_type::text = 'insert'::text;

  
[0m18:07:32.689074 [debug] [Thread-1 (]: SQL status: INSERT 0 809 in 0.029 seconds
[0m18:07:32.713775 [debug] [Thread-1 (]: On snapshot.tiki_gold.dim_product_snapshot: COMMIT
[0m18:07:32.714416 [debug] [Thread-1 (]: Using postgres connection "snapshot.tiki_gold.dim_product_snapshot"
[0m18:07:32.714789 [debug] [Thread-1 (]: On snapshot.tiki_gold.dim_product_snapshot: COMMIT
[0m18:07:32.741172 [debug] [Thread-1 (]: SQL status: COMMIT in 0.026 seconds
[0m18:07:32.746262 [debug] [Thread-1 (]: On snapshot.tiki_gold.dim_product_snapshot: Close
[0m18:07:32.748393 [debug] [Thread-1 (]: Sending event: {'category': 'dbt', 'action': 'run_model', 'label': 'f34d76bf-30bf-41dd-8fe0-6e63947bf156', 'context': [<snowplow_tracker.self_describing_json.SelfDescribingJson object at 0x7abe40b0a720>]}
[0m18:07:32.749372 [info ] [Thread-1 (]: 1 of 1 OK snapshotted gold.dim_product_snapshot ................................ [[32mINSERT 0 809[0m in 9.37s]
[0m18:07:32.750499 [debug] [Thread-1 (]: Finished running node snapshot.tiki_gold.dim_product_snapshot
[0m18:07:32.753490 [debug] [MainThread]: On master: COMMIT
[0m18:07:32.753876 [debug] [MainThread]: Using postgres connection "master"
[0m18:07:32.754301 [debug] [MainThread]: On master: COMMIT
[0m18:07:32.754664 [debug] [MainThread]: Opening a new connection, currently in state closed
[0m18:07:32.766633 [debug] [MainThread]: SQL status: COMMIT in 0.012 seconds
[0m18:07:32.767128 [debug] [MainThread]: On master: Close
[0m18:07:32.767978 [debug] [MainThread]: Connection 'master' was properly closed.
[0m18:07:32.768324 [debug] [MainThread]: Connection 'list_tiki_staging' was properly closed.
[0m18:07:32.768777 [debug] [MainThread]: Connection 'snapshot.tiki_gold.dim_product_snapshot' was properly closed.
[0m18:07:32.769134 [info ] [MainThread]: 
[0m18:07:32.769941 [info ] [MainThread]: Finished running 1 snapshot in 0 hours 0 minutes and 9.53 seconds (9.53s).
[0m18:07:32.771018 [debug] [MainThread]: Command end result
[0m18:07:32.811050 [debug] [MainThread]: Wrote artifact WritableManifest to /home/hai/tiki-crawl/dbt/target/manifest.json
[0m18:07:32.814288 [debug] [MainThread]: Wrote artifact SemanticManifest to /home/hai/tiki-crawl/dbt/target/semantic_manifest.json
[0m18:07:32.817102 [debug] [MainThread]: Wrote artifact OsiDocument to /home/hai/tiki-crawl/dbt/target/osi_document.json
[0m18:07:32.825394 [debug] [MainThread]: Wrote artifact RunExecutionResult to /home/hai/tiki-crawl/dbt/target/run_results.json
[0m18:07:32.825776 [info ] [MainThread]: 
[0m18:07:32.826239 [info ] [MainThread]: [32mCompleted successfully[0m
[0m18:07:32.826598 [info ] [MainThread]: 
[0m18:07:32.827591 [info ] [MainThread]: Done. PASS=1 WARN=0 ERROR=0 SKIP=0 NO-OP=0 REUSED=0 TOTAL=1
[0m18:07:32.828748 [debug] [MainThread]: Resource report: {"command_name": "snapshot", "command_success": true, "command_wall_clock_time": 2.022621, "process_in_blocks": "264", "process_kernel_time": 0.42658, "process_mem_max_rss": "133964", "process_out_blocks": "2304", "process_user_time": 2.803766}
[0m18:07:32.829447 [debug] [MainThread]: Command `dbt snapshot` succeeded at 18:07:32.829247 after 2.02 seconds
[0m18:07:32.830153 [debug] [MainThread]: Sending event: {'category': 'dbt', 'action': 'invocation', 'label': 'end', 'context': [<snowplow_tracker.self_describing_json.SelfDescribingJson object at 0x7abe44ceac30>, <snowplow_tracker.self_describing_json.SelfDescribingJson object at 0x7abe423e38f0>, <snowplow_tracker.self_describing_json.SelfDescribingJson object at 0x7abe423e30e0>]}
[0m18:07:32.830710 [debug] [MainThread]: Flushing usage events
[0m18:07:24.940903 [debug] [MainThread]: An error was encountered while trying to flush usage events
[0m19:20:05.601329 [debug] [MainThread]: Sending event: {'category': 'dbt', 'action': 'invocation', 'label': 'start', 'context': [<snowplow_tracker.self_describing_json.SelfDescribingJson object at 0x726ad0f72c00>, <snowplow_tracker.self_describing_json.SelfDescribingJson object at 0x726ad12dd490>, <snowplow_tracker.self_describing_json.SelfDescribingJson object at 0x726ad0f726c0>]}


============================== 19:20:05.606393 | cb2fe0ab-d9cd-42ad-b57c-0c490c0a1733 ==============================
[0m19:20:05.606393 [info ] [MainThread]: Running with dbt=1.12.3
[0m19:20:05.607018 [debug] [MainThread]: running dbt with arguments {'static_parser': 'True', 'maximum_seed_size_mib': '1', 'send_anonymous_usage_stats': 'True', 'indirect_selection': 'eager', 'target_path': 'None', 'profiles_dir': '.', 'hints_enabled': 'True', 'invocation_command': 'dbt debug --profiles-dir .', 'empty': 'None', 'quiet': 'False', 'version_check': 'True', 'printer_width': '80', 'warn_error': 'None', 'debug': 'False', 'log_path': '/home/hai/tiki-crawl/dbt/logs', 'use_experimental_parser': 'False', 'fail_fast': 'False', 'partial_parse': 'True', 'warn_error_options': 'WarnErrorOptionsV2(error=[], warn=[], silence=[])', 'log_cache_events': 'False', 'introspect': 'True', 'log_format': 'default', 'no_print': 'None', 'use_colors': 'True', 'cache_selected_only': 'False', 'write_json': 'True'}
[0m19:20:05.626915 [info ] [MainThread]: dbt version: 1.12.3
[0m19:20:05.627471 [info ] [MainThread]: python version: 3.12.3
[0m19:20:05.627915 [info ] [MainThread]: python path: /home/hai/tiki-crawl/.venv/bin/python3
[0m19:20:05.628322 [info ] [MainThread]: os info: Linux-6.6.87.2-microsoft-standard-WSL2-x86_64-with-glibc2.39
[0m19:20:05.698708 [info ] [MainThread]: Using profiles dir at .
[0m19:20:05.699317 [info ] [MainThread]: Using profiles.yml file at ./profiles.yml
[0m19:20:05.699743 [info ] [MainThread]: Using dbt_project.yml file at /home/hai/tiki-crawl/dbt/dbt_project.yml
[0m19:20:05.700428 [info ] [MainThread]: adapter type: postgres
[0m19:20:05.700843 [info ] [MainThread]: adapter version: 1.11.0
[0m19:20:05.828773 [info ] [MainThread]: Configuration:
[0m19:20:05.829393 [info ] [MainThread]:   profiles.yml file [[32mOK found and valid[0m]
[0m19:20:05.829834 [info ] [MainThread]:   dbt_project.yml file [[32mOK found and valid[0m]
[0m19:20:05.830401 [info ] [MainThread]: Required dependencies:
[0m19:20:05.830936 [debug] [MainThread]: Executing "git --help"
[0m19:20:05.836441 [debug] [MainThread]: STDOUT: "b"usage: git [-v | --version] [-h | --help] [-C <path>] [-c <name>=<value>]\n           [--exec-path[=<path>]] [--html-path] [--man-path] [--info-path]\n           [-p | --paginate | -P | --no-pager] [--no-replace-objects] [--bare]\n           [--git-dir=<path>] [--work-tree=<path>] [--namespace=<name>]\n           [--config-env=<name>=<envvar>] <command> [<args>]\n\nThese are common Git commands used in various situations:\n\nstart a working area (see also: git help tutorial)\n   clone     Clone a repository into a new directory\n   init      Create an empty Git repository or reinitialize an existing one\n\nwork on the current change (see also: git help everyday)\n   add       Add file contents to the index\n   mv        Move or rename a file, a directory, or a symlink\n   restore   Restore working tree files\n   rm        Remove files from the working tree and from the index\n\nexamine the history and state (see also: git help revisions)\n   bisect    Use binary search to find the commit that introduced a bug\n   diff      Show changes between commits, commit and working tree, etc\n   grep      Print lines matching a pattern\n   log       Show commit logs\n   show      Show various types of objects\n   status    Show the working tree status\n\ngrow, mark and tweak your common history\n   branch    List, create, or delete branches\n   commit    Record changes to the repository\n   merge     Join two or more development histories together\n   rebase    Reapply commits on top of another base tip\n   reset     Reset current HEAD to the specified state\n   switch    Switch branches\n   tag       Create, list, delete or verify a tag object signed with GPG\n\ncollaborate (see also: git help workflows)\n   fetch     Download objects and refs from another repository\n   pull      Fetch from and integrate with another repository or a local branch\n   push      Update remote refs along with associated objects\n\n'git help -a' and 'git help -g' list available subcommands and some\nconcept guides. See 'git help <command>' or 'git help <concept>'\nto read about a specific subcommand or concept.\nSee 'git help git' for an overview of the system.\n""
[0m19:20:05.837039 [debug] [MainThread]: STDERR: "b''"
[0m19:20:05.837418 [info ] [MainThread]:  - git [[32mOK found[0m]

[0m19:20:05.837847 [info ] [MainThread]: Connection:
[0m19:20:05.838277 [info ] [MainThread]:   host: localhost
[0m19:20:05.838682 [info ] [MainThread]:   port: 5433
[0m19:20:05.839102 [info ] [MainThread]:   user: tiki
[0m19:20:05.839490 [info ] [MainThread]:   database: tiki
[0m19:20:05.839975 [info ] [MainThread]:   schema: staging
[0m19:20:05.840412 [info ] [MainThread]:   connect_timeout: 10
[0m19:20:05.840833 [info ] [MainThread]:   role: None
[0m19:20:05.841381 [info ] [MainThread]:   search_path: None
[0m19:20:05.841783 [info ] [MainThread]:   keepalives_idle: 0
[0m19:20:05.842308 [info ] [MainThread]:   sslmode: None
[0m19:20:05.842712 [info ] [MainThread]:   sslcert: None
[0m19:20:05.843236 [info ] [MainThread]:   sslkey: None
[0m19:20:05.844250 [info ] [MainThread]:   sslrootcert: None
[0m19:20:05.844976 [info ] [MainThread]:   application_name: dbt
[0m19:20:05.845691 [info ] [MainThread]:   autocommit: False
[0m19:20:05.846397 [info ] [MainThread]:   retries: 1
[0m19:20:05.847149 [info ] [MainThread]: Registered adapter: postgres=1.11.0
[0m19:20:05.953776 [debug] [MainThread]: Acquiring new postgres connection 'debug'
[0m19:20:06.004700 [debug] [MainThread]: Using postgres connection "debug"
[0m19:20:06.005350 [debug] [MainThread]: On debug: select 1 as id
[0m19:20:06.005917 [debug] [MainThread]: Opening a new connection, currently in state init
[0m19:20:06.034914 [debug] [MainThread]: SQL status: SELECT 1 in 0.029 seconds
[0m19:20:06.036308 [debug] [MainThread]: On debug: Close
[0m19:20:06.036917 [info ] [MainThread]:   Connection test: [[32mOK connection ok[0m]

[0m19:20:06.037596 [info ] [MainThread]: [32mAll checks passed![0m
[0m19:20:06.039155 [debug] [MainThread]: Resource report: {"command_name": "debug", "command_success": true, "command_wall_clock_time": 0.5407748, "process_in_blocks": "96", "process_kernel_time": 0.629005, "process_mem_max_rss": "124440", "process_out_blocks": "16", "process_user_time": 1.977914}
[0m19:20:06.042849 [debug] [MainThread]: Command `dbt debug` succeeded at 19:20:06.042673 after 0.54 seconds
[0m19:20:06.043460 [debug] [MainThread]: Connection 'debug' was properly closed.
[0m19:20:06.044174 [debug] [MainThread]: Sending event: {'category': 'dbt', 'action': 'invocation', 'label': 'end', 'context': [<snowplow_tracker.self_describing_json.SelfDescribingJson object at 0x726ad094ae70>, <snowplow_tracker.self_describing_json.SelfDescribingJson object at 0x726acfca5b80>, <snowplow_tracker.self_describing_json.SelfDescribingJson object at 0x726ad1968b60>]}
[0m19:20:06.044783 [debug] [MainThread]: Flushing usage events
[0m19:20:06.756903 [debug] [MainThread]: An error was encountered while trying to flush usage events
[0m19:23:00.073740 [debug] [MainThread]: Sending event: {'category': 'dbt', 'action': 'invocation', 'label': 'start', 'context': [<snowplow_tracker.self_describing_json.SelfDescribingJson object at 0x7db1e6276900>, <snowplow_tracker.self_describing_json.SelfDescribingJson object at 0x7db1e727b0e0>, <snowplow_tracker.self_describing_json.SelfDescribingJson object at 0x7db1e6489e80>]}


============================== 19:23:00.076869 | 5c0dd43c-db2e-48c4-953b-d6d0507c1c7f ==============================
[0m19:23:00.076869 [info ] [MainThread]: Running with dbt=1.12.3
[0m19:23:00.077827 [debug] [MainThread]: running dbt with arguments {'empty': 'None', 'indirect_selection': 'eager', 'printer_width': '80', 'profiles_dir': '.', 'hints_enabled': 'True', 'debug': 'False', 'version_check': 'True', 'use_colors': 'True', 'maximum_seed_size_mib': '1', 'use_experimental_parser': 'False', 'no_print': 'None', 'invocation_command': 'dbt test --profiles-dir .', 'quiet': 'False', 'partial_parse': 'True', 'write_json': 'True', 'static_parser': 'True', 'warn_error': 'None', 'send_anonymous_usage_stats': 'True', 'warn_error_options': 'WarnErrorOptionsV2(error=[], warn=[], silence=[])', 'cache_selected_only': 'False', 'fail_fast': 'False', 'log_path': '/home/hai/tiki-crawl/dbt/logs', 'log_cache_events': 'False', 'introspect': 'True', 'log_format': 'default', 'target_path': 'None'}
[0m19:23:00.336626 [debug] [MainThread]: Sending event: {'category': 'dbt', 'action': 'project_id', 'label': '5c0dd43c-db2e-48c4-953b-d6d0507c1c7f', 'context': [<snowplow_tracker.self_describing_json.SelfDescribingJson object at 0x7db1e5929610>]}
[0m19:23:00.435128 [debug] [MainThread]: Sending event: {'category': 'dbt', 'action': 'adapter_info', 'label': '5c0dd43c-db2e-48c4-953b-d6d0507c1c7f', 'context': [<snowplow_tracker.self_describing_json.SelfDescribingJson object at 0x7db1e89cff20>]}
[0m19:23:00.436715 [info ] [MainThread]: Registered adapter: postgres=1.11.0
[0m19:23:00.557231 [debug] [MainThread]: checksum: b11284278684f540b15704c99909c8df3c16bdaf6844ccd0ae0d76372c1b52b6, vars: {}, profile: tiki, target: dev, version: 1.12.3
[0m19:23:00.761341 [debug] [MainThread]: Partial parsing enabled: 0 files deleted, 2 files added, 0 files changed.
[0m19:23:00.762681 [debug] [MainThread]: Partial parsing: added file: tiki_gold://snapshots/_snapshots.yml
[0m19:23:00.763591 [debug] [MainThread]: Partial parsing: added file: tiki_gold://models/marts/_marts.yml
[0m19:23:10.237279 [debug] [MainThread]: Sending event: {'category': 'dbt', 'action': 'load_project', 'label': '5c0dd43c-db2e-48c4-953b-d6d0507c1c7f', 'context': [<snowplow_tracker.self_describing_json.SelfDescribingJson object at 0x7db1e6065970>]}
[0m19:23:01.318406 [debug] [MainThread]: Wrote artifact WritableManifest to /home/hai/tiki-crawl/dbt/target/manifest.json
[0m19:23:01.321548 [debug] [MainThread]: Wrote artifact SemanticManifest to /home/hai/tiki-crawl/dbt/target/semantic_manifest.json
[0m19:23:01.338401 [debug] [MainThread]: Wrote artifact OsiDocument to /home/hai/tiki-crawl/dbt/target/osi_document.json
[0m19:23:01.362765 [debug] [MainThread]: Sending event: {'category': 'dbt', 'action': 'resource_counts', 'label': '5c0dd43c-db2e-48c4-953b-d6d0507c1c7f', 'context': [<snowplow_tracker.self_describing_json.SelfDescribingJson object at 0x7db1e395ade0>]}
[0m19:23:01.363389 [info ] [MainThread]: Found 2 models, 1 snapshot, 6 data tests, 1 source, 478 macros
[0m19:23:01.363868 [debug] [MainThread]: Sending event: {'category': 'dbt', 'action': 'runnable_timing', 'label': '5c0dd43c-db2e-48c4-953b-d6d0507c1c7f', 'context': [<snowplow_tracker.self_describing_json.SelfDescribingJson object at 0x7db1e5952c90>]}
[0m19:23:01.365967 [info ] [MainThread]: 
[0m19:23:01.366441 [info ] [MainThread]: Concurrency: 4 threads (target='dev')
[0m19:23:01.366891 [info ] [MainThread]: 
[0m19:23:01.367534 [debug] [MainThread]: Acquiring new postgres connection 'master'
[0m19:23:01.372350 [debug] [ThreadPool]: Acquiring new postgres connection 'list_tiki_staging'
[0m19:23:01.379547 [debug] [ThreadPool]: Acquiring new postgres connection 'list_tiki_gold'
[0m19:23:01.416626 [debug] [ThreadPool]: Using postgres connection "list_tiki_staging"
[0m19:23:01.417147 [debug] [ThreadPool]: Using postgres connection "list_tiki_gold"
[0m19:23:01.417962 [debug] [ThreadPool]: On list_tiki_staging: /* {"app": "dbt", "dbt_version": "1.12.3", "profile_name": "tiki", "target_name": "dev", "connection_name": "list_tiki_staging"} */
select
      'tiki' as database,
      tablename as name,
      schemaname as schema,
      'table' as type
    from pg_tables
    where schemaname ilike 'staging'
    union all
    select
      'tiki' as database,
      viewname as name,
      schemaname as schema,
      'view' as type
    from pg_views
    where schemaname ilike 'staging'
    union all
    select
      'tiki' as database,
      matviewname as name,
      schemaname as schema,
      'materialized_view' as type
    from pg_matviews
    where schemaname ilike 'staging'
    union all
    select distinct
     'tiki' as database,
     proname as name,
     ns.nspname as schema,
     'function' as type
    from pg_proc
     join pg_namespace as ns on pronamespace = ns.oid
    where ns.nspname ilike 'staging'
  
[0m19:23:01.418828 [debug] [ThreadPool]: On list_tiki_gold: /* {"app": "dbt", "dbt_version": "1.12.3", "profile_name": "tiki", "target_name": "dev", "connection_name": "list_tiki_gold"} */
select
      'tiki' as database,
      tablename as name,
      schemaname as schema,
      'table' as type
    from pg_tables
    where schemaname ilike 'gold'
    union all
    select
      'tiki' as database,
      viewname as name,
      schemaname as schema,
      'view' as type
    from pg_views
    where schemaname ilike 'gold'
    union all
    select
      'tiki' as database,
      matviewname as name,
      schemaname as schema,
      'materialized_view' as type
    from pg_matviews
    where schemaname ilike 'gold'
    union all
    select distinct
     'tiki' as database,
     proname as name,
     ns.nspname as schema,
     'function' as type
    from pg_proc
     join pg_namespace as ns on pronamespace = ns.oid
    where ns.nspname ilike 'gold'
  
[0m19:23:01.419497 [debug] [ThreadPool]: Opening a new connection, currently in state init
[0m19:23:01.420090 [debug] [ThreadPool]: Opening a new connection, currently in state init
[0m19:23:01.455611 [debug] [ThreadPool]: SQL status: SELECT 2 in 0.035 seconds
[0m19:23:01.456286 [debug] [ThreadPool]: SQL status: SELECT 1 in 0.037 seconds
[0m19:23:01.458211 [debug] [ThreadPool]: On list_tiki_gold: ROLLBACK
[0m19:23:01.459810 [debug] [ThreadPool]: On list_tiki_staging: ROLLBACK
[0m19:23:01.461095 [debug] [ThreadPool]: On list_tiki_staging: Close
[0m19:23:01.461769 [debug] [ThreadPool]: On list_tiki_gold: Close
[0m19:23:01.468471 [debug] [MainThread]: Using postgres connection "master"
[0m19:23:01.469136 [debug] [MainThread]: On master: /* {"app": "dbt", "dbt_version": "1.12.3", "profile_name": "tiki", "target_name": "dev", "connection_name": "master"} */
select distinct
        dependent_namespace.nspname as dependent_schema,
        dependent_class.relname as dependent_name,
        referenced_namespace.nspname as referenced_schema,
        referenced_class.relname as referenced_name

    -- Query for views: views are entries in pg_class with an entry in pg_rewrite, but we avoid
    -- a seq scan on pg_rewrite by leveraging the fact there is an "internal" row in pg_depend for
    -- the view...
    from pg_class as dependent_class
    join pg_namespace as dependent_namespace on dependent_namespace.oid = dependent_class.relnamespace
    join pg_depend as dependent_depend on dependent_depend.refobjid = dependent_class.oid
        and dependent_depend.classid = 'pg_rewrite'::regclass
        and dependent_depend.refclassid = 'pg_class'::regclass
        and dependent_depend.deptype = 'i'

    -- ... and via pg_depend (that has a row per column, hence the need for "distinct" above, and
    -- making sure to exclude the internal row to avoid a view appearing to depend on itself)...
    join pg_depend as joining_depend on joining_depend.objid = dependent_depend.objid
        and joining_depend.classid = 'pg_rewrite'::regclass
        and joining_depend.refclassid = 'pg_class'::regclass
        and joining_depend.refobjid != dependent_depend.refobjid

    -- ... we can find the tables they query from in pg_class, but excluding system tables. Note we
    -- don't need need to exclude _dependent_ system tables, because they only query from other
    -- system tables, and so are automatically excluded by excluding _referenced_ system tables
    join pg_class as referenced_class on referenced_class.oid = joining_depend.refobjid
    join pg_namespace as referenced_namespace on referenced_namespace.oid = referenced_class.relnamespace
        and referenced_namespace.nspname != 'information_schema'
        and referenced_namespace.nspname not like 'pg\_%'

    order by
        dependent_schema, dependent_name, referenced_schema, referenced_name;
[0m19:23:01.469688 [debug] [MainThread]: Opening a new connection, currently in state init
[0m19:23:01.491432 [debug] [MainThread]: SQL status: SELECT 1 in 0.022 seconds
[0m19:23:01.494165 [debug] [MainThread]: Sending event: {'category': 'dbt', 'action': 'runnable_timing', 'label': '5c0dd43c-db2e-48c4-953b-d6d0507c1c7f', 'context': [<snowplow_tracker.self_describing_json.SelfDescribingJson object at 0x7db1e411cd70>]}
[0m19:23:01.495127 [debug] [MainThread]: On master: ROLLBACK
[0m19:23:01.496618 [debug] [MainThread]: On master: COMMIT
[0m19:23:01.497170 [debug] [MainThread]: Using postgres connection "master"
[0m19:23:01.497785 [debug] [MainThread]: On master: COMMIT
[0m19:23:01.499531 [debug] [MainThread]: SQL status: COMMIT in 0.001 seconds
[0m19:23:01.500176 [debug] [MainThread]: On master: Close
[0m19:23:01.506563 [debug] [Thread-1 (]: Began running node test.tiki_gold.not_null_dim_product_snapshot_dbt_valid_from.80d8aff887
[0m19:23:01.507354 [debug] [Thread-2 (]: Began running node test.tiki_gold.not_null_dim_product_snapshot_product_id.03244eddfd
[0m19:23:01.508441 [debug] [Thread-3 (]: Began running node test.tiki_gold.not_null_fact_price_daily_dt.27e296bb1e
[0m19:23:01.509610 [debug] [Thread-4 (]: Began running node test.tiki_gold.not_null_fact_price_daily_hour.ce7186d378
[0m19:23:01.509032 [info ] [Thread-1 (]: 1 of 6 START test not_null_dim_product_snapshot_dbt_valid_from ................. [RUN]
[0m19:23:01.510736 [info ] [Thread-2 (]: 2 of 6 START test not_null_dim_product_snapshot_product_id ..................... [RUN]
[0m19:23:01.511533 [info ] [Thread-3 (]: 3 of 6 START test not_null_fact_price_daily_dt ................................. [RUN]
[0m19:23:01.512286 [info ] [Thread-4 (]: 4 of 6 START test not_null_fact_price_daily_hour ............................... [RUN]
[0m19:23:01.513149 [debug] [Thread-1 (]: Re-using an available connection from the pool (formerly list_tiki_gold, now test.tiki_gold.not_null_dim_product_snapshot_dbt_valid_from.80d8aff887)
[0m19:23:01.513736 [debug] [Thread-2 (]: Re-using an available connection from the pool (formerly list_tiki_staging, now test.tiki_gold.not_null_dim_product_snapshot_product_id.03244eddfd)
[0m19:23:01.514426 [debug] [Thread-3 (]: Acquiring new postgres connection 'test.tiki_gold.not_null_fact_price_daily_dt.27e296bb1e'
[0m19:23:01.515258 [debug] [Thread-4 (]: Acquiring new postgres connection 'test.tiki_gold.not_null_fact_price_daily_hour.ce7186d378'
[0m19:23:01.516073 [debug] [Thread-1 (]: Began compiling node test.tiki_gold.not_null_dim_product_snapshot_dbt_valid_from.80d8aff887
[0m19:23:01.516737 [debug] [Thread-2 (]: Began compiling node test.tiki_gold.not_null_dim_product_snapshot_product_id.03244eddfd
[0m19:23:01.517334 [debug] [Thread-3 (]: Began compiling node test.tiki_gold.not_null_fact_price_daily_dt.27e296bb1e
[0m19:23:01.517927 [debug] [Thread-4 (]: Began compiling node test.tiki_gold.not_null_fact_price_daily_hour.ce7186d378
[0m19:23:01.549478 [debug] [Thread-2 (]: Writing injected SQL for node "test.tiki_gold.not_null_dim_product_snapshot_product_id.03244eddfd"
[0m19:23:01.550379 [debug] [Thread-1 (]: Writing injected SQL for node "test.tiki_gold.not_null_dim_product_snapshot_dbt_valid_from.80d8aff887"
[0m19:23:01.557472 [debug] [Thread-3 (]: Writing injected SQL for node "test.tiki_gold.not_null_fact_price_daily_dt.27e296bb1e"
[0m19:23:01.564421 [debug] [Thread-4 (]: Writing injected SQL for node "test.tiki_gold.not_null_fact_price_daily_hour.ce7186d378"
[0m19:23:01.567780 [debug] [Thread-2 (]: Began executing node test.tiki_gold.not_null_dim_product_snapshot_product_id.03244eddfd
[0m19:23:01.568488 [debug] [Thread-1 (]: Began executing node test.tiki_gold.not_null_dim_product_snapshot_dbt_valid_from.80d8aff887
[0m19:23:01.569310 [debug] [Thread-4 (]: Began executing node test.tiki_gold.not_null_fact_price_daily_hour.ce7186d378
[0m19:23:01.570115 [debug] [Thread-3 (]: Began executing node test.tiki_gold.not_null_fact_price_daily_dt.27e296bb1e
[0m19:23:01.606486 [debug] [Thread-2 (]: Writing runtime sql for node "test.tiki_gold.not_null_dim_product_snapshot_product_id.03244eddfd"
[0m19:23:01.616789 [debug] [Thread-1 (]: Writing runtime sql for node "test.tiki_gold.not_null_dim_product_snapshot_dbt_valid_from.80d8aff887"
[0m19:23:01.618908 [debug] [Thread-4 (]: Writing runtime sql for node "test.tiki_gold.not_null_fact_price_daily_hour.ce7186d378"
[0m19:23:01.621247 [debug] [Thread-3 (]: Writing runtime sql for node "test.tiki_gold.not_null_fact_price_daily_dt.27e296bb1e"
[0m19:23:01.623585 [debug] [Thread-2 (]: Using postgres connection "test.tiki_gold.not_null_dim_product_snapshot_product_id.03244eddfd"
[0m19:23:01.624593 [debug] [Thread-2 (]: On test.tiki_gold.not_null_dim_product_snapshot_product_id.03244eddfd: /* {"app": "dbt", "dbt_version": "1.12.3", "profile_name": "tiki", "target_name": "dev", "node_id": "test.tiki_gold.not_null_dim_product_snapshot_product_id.03244eddfd"} */

    
    select
      count(*) as failures,
      count(*) != 0 as should_warn,
      count(*) != 0 as should_error
    from (
      
    
  
    
    



select product_id
from "tiki"."gold"."dim_product_snapshot"
where product_id is null



  
  
      
    ) dbt_internal_test
[0m19:23:01.625836 [debug] [Thread-1 (]: Using postgres connection "test.tiki_gold.not_null_dim_product_snapshot_dbt_valid_from.80d8aff887"
[0m19:23:01.626434 [debug] [Thread-2 (]: Opening a new connection, currently in state closed
[0m19:23:01.626934 [debug] [Thread-3 (]: Using postgres connection "test.tiki_gold.not_null_fact_price_daily_dt.27e296bb1e"
[0m19:23:01.627675 [debug] [Thread-4 (]: Using postgres connection "test.tiki_gold.not_null_fact_price_daily_hour.ce7186d378"
[0m19:23:01.628619 [debug] [Thread-1 (]: On test.tiki_gold.not_null_dim_product_snapshot_dbt_valid_from.80d8aff887: /* {"app": "dbt", "dbt_version": "1.12.3", "profile_name": "tiki", "target_name": "dev", "node_id": "test.tiki_gold.not_null_dim_product_snapshot_dbt_valid_from.80d8aff887"} */

    
    select
      count(*) as failures,
      count(*) != 0 as should_warn,
      count(*) != 0 as should_error
    from (
      
    
  
    
    



select dbt_valid_from
from "tiki"."gold"."dim_product_snapshot"
where dbt_valid_from is null



  
  
      
    ) dbt_internal_test
[0m19:23:01.629607 [debug] [Thread-3 (]: On test.tiki_gold.not_null_fact_price_daily_dt.27e296bb1e: /* {"app": "dbt", "dbt_version": "1.12.3", "profile_name": "tiki", "target_name": "dev", "node_id": "test.tiki_gold.not_null_fact_price_daily_dt.27e296bb1e"} */

    
    select
      count(*) as failures,
      count(*) != 0 as should_warn,
      count(*) != 0 as should_error
    from (
      
    
  
    
    



select dt
from "tiki"."gold"."fact_price_daily"
where dt is null



  
  
      
    ) dbt_internal_test
[0m19:23:01.630228 [debug] [Thread-4 (]: On test.tiki_gold.not_null_fact_price_daily_hour.ce7186d378: /* {"app": "dbt", "dbt_version": "1.12.3", "profile_name": "tiki", "target_name": "dev", "node_id": "test.tiki_gold.not_null_fact_price_daily_hour.ce7186d378"} */

    
    select
      count(*) as failures,
      count(*) != 0 as should_warn,
      count(*) != 0 as should_error
    from (
      
    
  
    
    



select hour
from "tiki"."gold"."fact_price_daily"
where hour is null



  
  
      
    ) dbt_internal_test
[0m19:23:01.630865 [debug] [Thread-1 (]: Opening a new connection, currently in state closed
[0m19:23:01.631522 [debug] [Thread-3 (]: Opening a new connection, currently in state init
[0m19:23:01.632114 [debug] [Thread-4 (]: Opening a new connection, currently in state init
[0m19:23:01.683774 [debug] [Thread-4 (]: SQL status: SELECT 1 in 0.052 seconds
[0m19:23:01.684465 [debug] [Thread-3 (]: SQL status: SELECT 1 in 0.053 seconds
[0m19:23:01.689408 [debug] [Thread-4 (]: On test.tiki_gold.not_null_fact_price_daily_hour.ce7186d378: ROLLBACK
[0m19:23:01.691915 [debug] [Thread-3 (]: On test.tiki_gold.not_null_fact_price_daily_dt.27e296bb1e: ROLLBACK
[0m19:23:01.693078 [debug] [Thread-4 (]: On test.tiki_gold.not_null_fact_price_daily_hour.ce7186d378: Close
[0m19:23:01.693549 [debug] [Thread-3 (]: On test.tiki_gold.not_null_fact_price_daily_dt.27e296bb1e: Close
[0m19:23:01.694375 [info ] [Thread-4 (]: 4 of 6 PASS not_null_fact_price_daily_hour ..................................... [[32mPASS[0m in 0.18s]
[0m19:23:01.695114 [info ] [Thread-3 (]: 3 of 6 PASS not_null_fact_price_daily_dt ....................................... [[32mPASS[0m in 0.18s]
[0m19:23:01.696512 [debug] [Thread-4 (]: Finished running node test.tiki_gold.not_null_fact_price_daily_hour.ce7186d378
[0m19:23:01.697417 [debug] [Thread-3 (]: Finished running node test.tiki_gold.not_null_fact_price_daily_dt.27e296bb1e
[0m19:23:01.698080 [debug] [Thread-4 (]: Began running node test.tiki_gold.not_null_fact_price_daily_price.2c974e00ea
[0m19:23:01.699176 [debug] [Thread-3 (]: Began running node test.tiki_gold.not_null_fact_price_daily_product_id.cd0bd632bf
[0m19:23:01.700126 [info ] [Thread-4 (]: 5 of 6 START test not_null_fact_price_daily_price .............................. [RUN]
[0m19:23:01.700822 [info ] [Thread-3 (]: 6 of 6 START test not_null_fact_price_daily_product_id ......................... [RUN]
[0m19:23:01.701726 [debug] [Thread-4 (]: Re-using an available connection from the pool (formerly test.tiki_gold.not_null_fact_price_daily_hour.ce7186d378, now test.tiki_gold.not_null_fact_price_daily_price.2c974e00ea)
[0m19:23:01.702455 [debug] [Thread-3 (]: Re-using an available connection from the pool (formerly test.tiki_gold.not_null_fact_price_daily_dt.27e296bb1e, now test.tiki_gold.not_null_fact_price_daily_product_id.cd0bd632bf)
[0m19:23:01.703030 [debug] [Thread-4 (]: Began compiling node test.tiki_gold.not_null_fact_price_daily_price.2c974e00ea
[0m19:23:01.703530 [debug] [Thread-3 (]: Began compiling node test.tiki_gold.not_null_fact_price_daily_product_id.cd0bd632bf
[0m19:23:01.710806 [debug] [Thread-4 (]: Writing injected SQL for node "test.tiki_gold.not_null_fact_price_daily_price.2c974e00ea"
[0m19:23:01.717198 [debug] [Thread-3 (]: Writing injected SQL for node "test.tiki_gold.not_null_fact_price_daily_product_id.cd0bd632bf"
[0m19:23:01.718293 [debug] [Thread-3 (]: Began executing node test.tiki_gold.not_null_fact_price_daily_product_id.cd0bd632bf
[0m19:23:01.718717 [debug] [Thread-4 (]: Began executing node test.tiki_gold.not_null_fact_price_daily_price.2c974e00ea
[0m19:23:01.720451 [debug] [Thread-3 (]: Writing runtime sql for node "test.tiki_gold.not_null_fact_price_daily_product_id.cd0bd632bf"
[0m19:23:01.722485 [debug] [Thread-4 (]: Writing runtime sql for node "test.tiki_gold.not_null_fact_price_daily_price.2c974e00ea"
[0m19:23:01.723952 [debug] [Thread-3 (]: Using postgres connection "test.tiki_gold.not_null_fact_price_daily_product_id.cd0bd632bf"
[0m19:23:01.724434 [debug] [Thread-3 (]: On test.tiki_gold.not_null_fact_price_daily_product_id.cd0bd632bf: /* {"app": "dbt", "dbt_version": "1.12.3", "profile_name": "tiki", "target_name": "dev", "node_id": "test.tiki_gold.not_null_fact_price_daily_product_id.cd0bd632bf"} */

    
    select
      count(*) as failures,
      count(*) != 0 as should_warn,
      count(*) != 0 as should_error
    from (
      
    
  
    
    



select product_id
from "tiki"."gold"."fact_price_daily"
where product_id is null



  
  
      
    ) dbt_internal_test
[0m19:23:01.724876 [debug] [Thread-3 (]: Opening a new connection, currently in state closed
[0m19:23:01.725512 [debug] [Thread-4 (]: Using postgres connection "test.tiki_gold.not_null_fact_price_daily_price.2c974e00ea"
[0m19:23:01.726000 [debug] [Thread-4 (]: On test.tiki_gold.not_null_fact_price_daily_price.2c974e00ea: /* {"app": "dbt", "dbt_version": "1.12.3", "profile_name": "tiki", "target_name": "dev", "node_id": "test.tiki_gold.not_null_fact_price_daily_price.2c974e00ea"} */

    
    select
      count(*) as failures,
      count(*) != 0 as should_warn,
      count(*) != 0 as should_error
    from (
      
    
  
    
    



select price
from "tiki"."gold"."fact_price_daily"
where price is null



  
  
      
    ) dbt_internal_test
[0m19:23:01.726641 [debug] [Thread-4 (]: Opening a new connection, currently in state closed
[0m19:23:01.731391 [debug] [Thread-2 (]: SQL status: SELECT 1 in 0.105 seconds
[0m19:23:01.732145 [debug] [Thread-1 (]: SQL status: SELECT 1 in 0.101 seconds
[0m19:23:01.733967 [debug] [Thread-2 (]: On test.tiki_gold.not_null_dim_product_snapshot_product_id.03244eddfd: ROLLBACK
[0m19:23:01.735458 [debug] [Thread-1 (]: On test.tiki_gold.not_null_dim_product_snapshot_dbt_valid_from.80d8aff887: ROLLBACK
[0m19:23:01.736726 [debug] [Thread-2 (]: On test.tiki_gold.not_null_dim_product_snapshot_product_id.03244eddfd: Close
[0m19:23:01.737406 [debug] [Thread-1 (]: On test.tiki_gold.not_null_dim_product_snapshot_dbt_valid_from.80d8aff887: Close
[0m19:23:01.738268 [info ] [Thread-2 (]: 2 of 6 PASS not_null_dim_product_snapshot_product_id ........................... [[32mPASS[0m in 0.22s]
[0m19:23:01.739192 [info ] [Thread-1 (]: 1 of 6 PASS not_null_dim_product_snapshot_dbt_valid_from ....................... [[32mPASS[0m in 0.23s]
[0m19:23:01.740107 [debug] [Thread-2 (]: Finished running node test.tiki_gold.not_null_dim_product_snapshot_product_id.03244eddfd
[0m19:23:01.740863 [debug] [Thread-1 (]: Finished running node test.tiki_gold.not_null_dim_product_snapshot_dbt_valid_from.80d8aff887
[0m19:23:01.744199 [debug] [Thread-3 (]: SQL status: SELECT 1 in 0.019 seconds
[0m19:23:01.746108 [debug] [Thread-3 (]: On test.tiki_gold.not_null_fact_price_daily_product_id.cd0bd632bf: ROLLBACK
[0m19:23:01.746675 [debug] [Thread-4 (]: SQL status: SELECT 1 in 0.020 seconds
[0m19:23:01.748843 [debug] [Thread-4 (]: On test.tiki_gold.not_null_fact_price_daily_price.2c974e00ea: ROLLBACK
[0m19:23:01.749262 [debug] [Thread-3 (]: On test.tiki_gold.not_null_fact_price_daily_product_id.cd0bd632bf: Close
[0m19:23:01.751052 [debug] [Thread-4 (]: On test.tiki_gold.not_null_fact_price_daily_price.2c974e00ea: Close
[0m19:23:01.750531 [info ] [Thread-3 (]: 6 of 6 PASS not_null_fact_price_daily_product_id ............................... [[32mPASS[0m in 0.05s]
[0m19:23:01.752166 [info ] [Thread-4 (]: 5 of 6 PASS not_null_fact_price_daily_price .................................... [[32mPASS[0m in 0.05s]
[0m19:23:01.753002 [debug] [Thread-3 (]: Finished running node test.tiki_gold.not_null_fact_price_daily_product_id.cd0bd632bf
[0m19:23:01.753713 [debug] [Thread-4 (]: Finished running node test.tiki_gold.not_null_fact_price_daily_price.2c974e00ea
[0m19:23:01.757005 [debug] [MainThread]: On master: COMMIT
[0m19:23:01.757528 [debug] [MainThread]: Using postgres connection "master"
[0m19:23:01.757901 [debug] [MainThread]: On master: COMMIT
[0m19:23:01.758290 [debug] [MainThread]: Opening a new connection, currently in state closed
[0m19:23:01.771787 [debug] [MainThread]: SQL status: COMMIT in 0.013 seconds
[0m19:23:01.772602 [debug] [MainThread]: On master: Close
[0m19:23:01.773399 [debug] [MainThread]: Connection 'master' was properly closed.
[0m19:23:01.773779 [debug] [MainThread]: Connection 'test.tiki_gold.not_null_dim_product_snapshot_product_id.03244eddfd' was properly closed.
[0m19:23:01.774421 [debug] [MainThread]: Connection 'test.tiki_gold.not_null_dim_product_snapshot_dbt_valid_from.80d8aff887' was properly closed.
[0m19:23:01.774834 [debug] [MainThread]: Connection 'test.tiki_gold.not_null_fact_price_daily_product_id.cd0bd632bf' was properly closed.
[0m19:23:01.775176 [debug] [MainThread]: Connection 'test.tiki_gold.not_null_fact_price_daily_price.2c974e00ea' was properly closed.
[0m19:23:01.775658 [info ] [MainThread]: 
[0m19:23:01.776146 [info ] [MainThread]: Finished running 6 data tests in 0 hours 0 minutes and 0.41 seconds (0.41s).
[0m19:23:01.777604 [debug] [MainThread]: Command end result
[0m19:23:01.815927 [debug] [MainThread]: Wrote artifact WritableManifest to /home/hai/tiki-crawl/dbt/target/manifest.json
[0m19:23:01.818805 [debug] [MainThread]: Wrote artifact SemanticManifest to /home/hai/tiki-crawl/dbt/target/semantic_manifest.json
[0m19:23:01.822584 [debug] [MainThread]: Wrote artifact OsiDocument to /home/hai/tiki-crawl/dbt/target/osi_document.json
[0m19:23:01.833130 [debug] [MainThread]: Wrote artifact RunExecutionResult to /home/hai/tiki-crawl/dbt/target/run_results.json
[0m19:23:01.834136 [info ] [MainThread]: 
[0m19:23:01.834925 [info ] [MainThread]: [32mCompleted successfully[0m
[0m19:23:01.835539 [info ] [MainThread]: 
[0m19:23:01.836565 [info ] [MainThread]: Done. PASS=6 WARN=0 ERROR=0 SKIP=0 NO-OP=0 REUSED=0 TOTAL=6
[0m19:23:01.838297 [debug] [MainThread]: Resource report: {"command_name": "test", "command_success": true, "command_wall_clock_time": 2.3648949, "process_in_blocks": "1640", "process_kernel_time": 0.518825, "process_mem_max_rss": "139132", "process_out_blocks": "3456", "process_user_time": 3.558702}
[0m19:23:01.839044 [debug] [MainThread]: Command `dbt test` succeeded at 19:23:01.838888 after 2.37 seconds
[0m19:23:01.839741 [debug] [MainThread]: Sending event: {'category': 'dbt', 'action': 'invocation', 'label': 'end', 'context': [<snowplow_tracker.self_describing_json.SelfDescribingJson object at 0x7db1e719fec0>, <snowplow_tracker.self_describing_json.SelfDescribingJson object at 0x7db1e4583290>, <snowplow_tracker.self_describing_json.SelfDescribingJson object at 0x7db1e63f8a70>]}
[0m19:23:01.840413 [debug] [MainThread]: Flushing usage events
[0m19:23:02.990364 [debug] [MainThread]: An error was encountered while trying to flush usage events
[0m00:06:51.003426 [debug] [MainThread]: Sending event: {'category': 'dbt', 'action': 'invocation', 'label': 'start', 'context': [<snowplow_tracker.self_describing_json.SelfDescribingJson object at 0x7074d6063aa0>, <snowplow_tracker.self_describing_json.SelfDescribingJson object at 0x7074d72c6bd0>, <snowplow_tracker.self_describing_json.SelfDescribingJson object at 0x7074d6f83650>]}


============================== 00:06:51.013284 | 689dd499-cd5f-4f78-b7ba-f8c7312d494a ==============================
[0m00:06:51.013284 [info ] [MainThread]: Running with dbt=1.12.3
[0m00:06:51.014206 [debug] [MainThread]: running dbt with arguments {'quiet': 'False', 'hints_enabled': 'True', 'use_experimental_parser': 'False', 'printer_width': '80', 'empty': 'False', 'send_anonymous_usage_stats': 'True', 'log_format': 'default', 'static_parser': 'True', 'version_check': 'True', 'warn_error': 'None', 'no_print': 'None', 'warn_error_options': 'WarnErrorOptionsV2(error=[], warn=[], silence=[])', 'cache_selected_only': 'False', 'profiles_dir': '.', 'target_path': 'None', 'indirect_selection': 'eager', 'write_json': 'True', 'maximum_seed_size_mib': '1', 'use_colors': 'True', 'partial_parse': 'True', 'debug': 'False', 'invocation_command': 'dbt run --profiles-dir .', 'log_cache_events': 'False', 'introspect': 'True', 'log_path': '/home/hai/tiki-crawl/dbt/logs', 'fail_fast': 'False'}
[0m00:06:51.265605 [debug] [MainThread]: Sending event: {'category': 'dbt', 'action': 'project_id', 'label': '689dd499-cd5f-4f78-b7ba-f8c7312d494a', 'context': [<snowplow_tracker.self_describing_json.SelfDescribingJson object at 0x7074d60e64e0>]}
[0m00:06:51.354365 [debug] [MainThread]: Sending event: {'category': 'dbt', 'action': 'adapter_info', 'label': '689dd499-cd5f-4f78-b7ba-f8c7312d494a', 'context': [<snowplow_tracker.self_describing_json.SelfDescribingJson object at 0x7074d71a9850>]}
[0m00:06:51.359803 [info ] [MainThread]: Registered adapter: postgres=1.11.0
[0m00:06:51.489818 [debug] [MainThread]: checksum: b11284278684f540b15704c99909c8df3c16bdaf6844ccd0ae0d76372c1b52b6, vars: {}, profile: tiki, target: dev, version: 1.12.3
[0m00:06:51.720067 [debug] [MainThread]: Partial parsing enabled: 0 files deleted, 0 files added, 0 files changed.
[0m00:06:51.720476 [debug] [MainThread]: Nothing changed, skipping partial parsing.
[0m00:06:51.720723 [debug] [MainThread]: Partial parsing enabled, no changes found, skipping parsing
[0m00:06:51.730321 [debug] [MainThread]: Sending event: {'category': 'dbt', 'action': 'load_project', 'label': '689dd499-cd5f-4f78-b7ba-f8c7312d494a', 'context': [<snowplow_tracker.self_describing_json.SelfDescribingJson object at 0x7074d5549df0>]}
[0m00:06:51.908113 [debug] [MainThread]: Wrote artifact WritableManifest to /home/hai/tiki-crawl/dbt/target/manifest.json
[0m00:06:51.911942 [debug] [MainThread]: Wrote artifact SemanticManifest to /home/hai/tiki-crawl/dbt/target/semantic_manifest.json
[0m00:06:51.930479 [debug] [MainThread]: Wrote artifact OsiDocument to /home/hai/tiki-crawl/dbt/target/osi_document.json
[0m00:06:51.947416 [debug] [MainThread]: Sending event: {'category': 'dbt', 'action': 'resource_counts', 'label': '689dd499-cd5f-4f78-b7ba-f8c7312d494a', 'context': [<snowplow_tracker.self_describing_json.SelfDescribingJson object at 0x7074d4927b00>]}
[0m00:06:51.948139 [info ] [MainThread]: Found 2 models, 1 snapshot, 6 data tests, 1 source, 478 macros
[0m00:06:51.948560 [debug] [MainThread]: Sending event: {'category': 'dbt', 'action': 'runnable_timing', 'label': '689dd499-cd5f-4f78-b7ba-f8c7312d494a', 'context': [<snowplow_tracker.self_describing_json.SelfDescribingJson object at 0x7074d414bd40>]}
[0m00:06:51.950646 [info ] [MainThread]: 
[0m00:06:51.951112 [info ] [MainThread]: Concurrency: 4 threads (target='dev')
[0m00:06:51.951369 [info ] [MainThread]: 
[0m00:06:51.951874 [debug] [MainThread]: Acquiring new postgres connection 'master'
[0m00:06:51.956164 [debug] [ThreadPool]: Acquiring new postgres connection 'list_tiki'
[0m00:06:51.964159 [debug] [ThreadPool]: Acquiring new postgres connection 'list_tiki'
[0m00:06:52.025082 [debug] [ThreadPool]: Using postgres connection "list_tiki"
[0m00:06:52.025478 [debug] [ThreadPool]: Using postgres connection "list_tiki"
[0m00:06:52.025971 [debug] [ThreadPool]: On list_tiki: /* {"app": "dbt", "dbt_version": "1.12.3", "profile_name": "tiki", "target_name": "dev", "connection_name": "list_tiki"} */

    select distinct nspname from pg_namespace
  
[0m00:06:52.026424 [debug] [ThreadPool]: On list_tiki: /* {"app": "dbt", "dbt_version": "1.12.3", "profile_name": "tiki", "target_name": "dev", "connection_name": "list_tiki"} */

    select distinct nspname from pg_namespace
  
[0m00:06:52.026765 [debug] [ThreadPool]: Opening a new connection, currently in state init
[0m00:06:52.027089 [debug] [ThreadPool]: Opening a new connection, currently in state init
[0m00:06:52.063624 [debug] [ThreadPool]: SQL status: SELECT 9 in 0.036 seconds
[0m00:06:52.064115 [debug] [ThreadPool]: SQL status: SELECT 9 in 0.037 seconds
[0m00:06:52.065476 [debug] [ThreadPool]: On list_tiki: Close
[0m00:06:52.066633 [debug] [ThreadPool]: On list_tiki: Close
[0m00:06:52.068674 [debug] [ThreadPool]: Re-using an available connection from the pool (formerly list_tiki, now list_tiki_staging)
[0m00:06:52.069386 [debug] [ThreadPool]: Re-using an available connection from the pool (formerly list_tiki, now list_tiki_gold)
[0m00:06:52.075961 [debug] [ThreadPool]: Using postgres connection "list_tiki_staging"
[0m00:06:52.165742 [debug] [ThreadPool]: Using postgres connection "list_tiki_gold"
[0m00:06:52.166386 [debug] [ThreadPool]: On list_tiki_staging: /* {"app": "dbt", "dbt_version": "1.12.3", "profile_name": "tiki", "target_name": "dev", "connection_name": "list_tiki_staging"} */
select
      'tiki' as database,
      tablename as name,
      schemaname as schema,
      'table' as type
    from pg_tables
    where schemaname ilike 'staging'
    union all
    select
      'tiki' as database,
      viewname as name,
      schemaname as schema,
      'view' as type
    from pg_views
    where schemaname ilike 'staging'
    union all
    select
      'tiki' as database,
      matviewname as name,
      schemaname as schema,
      'materialized_view' as type
    from pg_matviews
    where schemaname ilike 'staging'
    union all
    select distinct
     'tiki' as database,
     proname as name,
     ns.nspname as schema,
     'function' as type
    from pg_proc
     join pg_namespace as ns on pronamespace = ns.oid
    where ns.nspname ilike 'staging'
  
[0m00:06:52.166750 [debug] [ThreadPool]: On list_tiki_gold: /* {"app": "dbt", "dbt_version": "1.12.3", "profile_name": "tiki", "target_name": "dev", "connection_name": "list_tiki_gold"} */
select
      'tiki' as database,
      tablename as name,
      schemaname as schema,
      'table' as type
    from pg_tables
    where schemaname ilike 'gold'
    union all
    select
      'tiki' as database,
      viewname as name,
      schemaname as schema,
      'view' as type
    from pg_views
    where schemaname ilike 'gold'
    union all
    select
      'tiki' as database,
      matviewname as name,
      schemaname as schema,
      'materialized_view' as type
    from pg_matviews
    where schemaname ilike 'gold'
    union all
    select distinct
     'tiki' as database,
     proname as name,
     ns.nspname as schema,
     'function' as type
    from pg_proc
     join pg_namespace as ns on pronamespace = ns.oid
    where ns.nspname ilike 'gold'
  
[0m00:06:52.167090 [debug] [ThreadPool]: Opening a new connection, currently in state closed
[0m00:06:52.167375 [debug] [ThreadPool]: Opening a new connection, currently in state closed
[0m00:06:52.188471 [debug] [ThreadPool]: SQL status: SELECT 2 in 0.021 seconds
[0m00:06:52.189046 [debug] [ThreadPool]: SQL status: SELECT 0 in 0.022 seconds
[0m00:06:52.190957 [debug] [ThreadPool]: On list_tiki_gold: ROLLBACK
[0m00:06:52.192110 [debug] [ThreadPool]: On list_tiki_staging: ROLLBACK
[0m00:06:52.193192 [debug] [ThreadPool]: On list_tiki_staging: Close
[0m00:06:52.193536 [debug] [ThreadPool]: On list_tiki_gold: Close
[0m00:06:52.199073 [debug] [MainThread]: Using postgres connection "master"
[0m00:06:52.199737 [debug] [MainThread]: On master: /* {"app": "dbt", "dbt_version": "1.12.3", "profile_name": "tiki", "target_name": "dev", "connection_name": "master"} */
select distinct
        dependent_namespace.nspname as dependent_schema,
        dependent_class.relname as dependent_name,
        referenced_namespace.nspname as referenced_schema,
        referenced_class.relname as referenced_name

    -- Query for views: views are entries in pg_class with an entry in pg_rewrite, but we avoid
    -- a seq scan on pg_rewrite by leveraging the fact there is an "internal" row in pg_depend for
    -- the view...
    from pg_class as dependent_class
    join pg_namespace as dependent_namespace on dependent_namespace.oid = dependent_class.relnamespace
    join pg_depend as dependent_depend on dependent_depend.refobjid = dependent_class.oid
        and dependent_depend.classid = 'pg_rewrite'::regclass
        and dependent_depend.refclassid = 'pg_class'::regclass
        and dependent_depend.deptype = 'i'

    -- ... and via pg_depend (that has a row per column, hence the need for "distinct" above, and
    -- making sure to exclude the internal row to avoid a view appearing to depend on itself)...
    join pg_depend as joining_depend on joining_depend.objid = dependent_depend.objid
        and joining_depend.classid = 'pg_rewrite'::regclass
        and joining_depend.refclassid = 'pg_class'::regclass
        and joining_depend.refobjid != dependent_depend.refobjid

    -- ... we can find the tables they query from in pg_class, but excluding system tables. Note we
    -- don't need need to exclude _dependent_ system tables, because they only query from other
    -- system tables, and so are automatically excluded by excluding _referenced_ system tables
    join pg_class as referenced_class on referenced_class.oid = joining_depend.refobjid
    join pg_namespace as referenced_namespace on referenced_namespace.oid = referenced_class.relnamespace
        and referenced_namespace.nspname != 'information_schema'
        and referenced_namespace.nspname not like 'pg\_%'

    order by
        dependent_schema, dependent_name, referenced_schema, referenced_name;
[0m00:06:52.200205 [debug] [MainThread]: Opening a new connection, currently in state init
[0m00:06:52.215807 [debug] [MainThread]: SQL status: SELECT 0 in 0.015 seconds
[0m00:06:52.217285 [debug] [MainThread]: Sending event: {'category': 'dbt', 'action': 'runnable_timing', 'label': '689dd499-cd5f-4f78-b7ba-f8c7312d494a', 'context': [<snowplow_tracker.self_describing_json.SelfDescribingJson object at 0x7074d3502990>]}
[0m00:06:52.217908 [debug] [MainThread]: On master: ROLLBACK
[0m00:06:52.218664 [debug] [MainThread]: On master: COMMIT
[0m00:06:52.218954 [debug] [MainThread]: Using postgres connection "master"
[0m00:06:52.219222 [debug] [MainThread]: On master: COMMIT
[0m00:06:52.220266 [debug] [MainThread]: SQL status: COMMIT in 0.001 seconds
[0m00:06:52.220540 [debug] [MainThread]: On master: Close
[0m00:06:52.224561 [debug] [Thread-1 (]: Began running node model.tiki_gold.stg_listings
[0m00:06:52.225201 [info ] [Thread-1 (]: 1 of 2 START sql view model staging.stg_listings ............................... [RUN]
[0m00:06:52.225715 [debug] [Thread-1 (]: Re-using an available connection from the pool (formerly list_tiki_gold, now model.tiki_gold.stg_listings)
[0m00:06:52.226098 [debug] [Thread-1 (]: Began compiling node model.tiki_gold.stg_listings
[0m00:06:52.231852 [debug] [Thread-1 (]: Writing injected SQL for node "model.tiki_gold.stg_listings"
[0m00:06:52.233084 [debug] [Thread-1 (]: Began executing node model.tiki_gold.stg_listings
[0m00:06:52.270145 [debug] [Thread-1 (]: Writing runtime sql for node "model.tiki_gold.stg_listings"
[0m00:06:52.271510 [debug] [Thread-1 (]: Using postgres connection "model.tiki_gold.stg_listings"
[0m00:06:52.272086 [debug] [Thread-1 (]: On model.tiki_gold.stg_listings: /* {"app": "dbt", "dbt_version": "1.12.3", "profile_name": "tiki", "target_name": "dev", "node_id": "model.tiki_gold.stg_listings"} */

  create view "tiki"."staging"."stg_listings__dbt_tmp"
    
    
  as (
    select
    product_id::bigint                as product_id,
    sku,
    name,
    url_key,
    url,
    price::bigint                     as price,
    list_price::bigint                as list_price,
    discount::bigint                  as discount,
    discount_rate::int                as discount_rate,
    rating_average::double precision  as rating_average,
    review_count::int                 as review_count,
    quantity_sold::int                as quantity_sold,
    brand_id::int                     as brand_id,
    brand_name,
    seller_id::bigint                 as seller_id,
    seller_name,
    category_id::bigint               as category_id,
    primary_category_name             as category_name,
    inventory_status,
    is_authentic::boolean             as is_authentic,
    thumbnail_url,
    badge_count::int                  as badge_count,
    page::int                         as page,
    crawled_at::timestamp             as crawled_at,
    dt::date                          as dt,
    hour::int                         as hour,
    category                          as category_slug

from "tiki"."raw"."listings"
  );
[0m00:06:52.272516 [debug] [Thread-1 (]: Opening a new connection, currently in state closed
[0m00:06:52.288381 [debug] [Thread-1 (]: SQL status: CREATE VIEW in 0.016 seconds
[0m00:06:52.294437 [debug] [Thread-1 (]: Using postgres connection "model.tiki_gold.stg_listings"
[0m00:06:52.294886 [debug] [Thread-1 (]: On model.tiki_gold.stg_listings: /* {"app": "dbt", "dbt_version": "1.12.3", "profile_name": "tiki", "target_name": "dev", "node_id": "model.tiki_gold.stg_listings"} */
alter table "tiki"."staging"."stg_listings__dbt_tmp" rename to "stg_listings"
[0m00:06:52.296457 [debug] [Thread-1 (]: SQL status: ALTER TABLE in 0.001 seconds
[0m00:06:52.312643 [debug] [Thread-1 (]: On model.tiki_gold.stg_listings: COMMIT
[0m00:06:52.313159 [debug] [Thread-1 (]: Using postgres connection "model.tiki_gold.stg_listings"
[0m00:06:52.313433 [debug] [Thread-1 (]: On model.tiki_gold.stg_listings: COMMIT
[0m00:06:52.316693 [debug] [Thread-1 (]: SQL status: COMMIT in 0.003 seconds
[0m00:06:52.323519 [debug] [Thread-1 (]: Applying DROP to: "tiki"."staging"."stg_listings__dbt_backup"
[0m00:06:52.329168 [debug] [Thread-1 (]: Using postgres connection "model.tiki_gold.stg_listings"
[0m00:06:52.329793 [debug] [Thread-1 (]: On model.tiki_gold.stg_listings: /* {"app": "dbt", "dbt_version": "1.12.3", "profile_name": "tiki", "target_name": "dev", "node_id": "model.tiki_gold.stg_listings"} */
drop view if exists "tiki"."staging"."stg_listings__dbt_backup" cascade
[0m00:06:52.331948 [debug] [Thread-1 (]: SQL status: DROP VIEW in 0.001 seconds
[0m00:06:52.335489 [debug] [Thread-1 (]: On model.tiki_gold.stg_listings: Close
[0m00:06:52.338665 [debug] [Thread-1 (]: Sending event: {'category': 'dbt', 'action': 'run_model', 'label': '689dd499-cd5f-4f78-b7ba-f8c7312d494a', 'context': [<snowplow_tracker.self_describing_json.SelfDescribingJson object at 0x7074d72c5460>]}
[0m00:06:52.339405 [info ] [Thread-1 (]: 1 of 2 OK created sql view model staging.stg_listings .......................... [[32mCREATE VIEW[0m in 0.11s]
[0m00:06:52.340213 [debug] [Thread-1 (]: Finished running node model.tiki_gold.stg_listings
[0m00:06:52.341818 [debug] [Thread-3 (]: Began running node model.tiki_gold.fact_price_daily
[0m00:06:52.342436 [info ] [Thread-3 (]: 2 of 2 START sql table model gold.fact_price_daily ............................. [RUN]
[0m00:06:52.342971 [debug] [Thread-3 (]: Acquiring new postgres connection 'model.tiki_gold.fact_price_daily'
[0m00:06:52.343258 [debug] [Thread-3 (]: Began compiling node model.tiki_gold.fact_price_daily
[0m00:06:52.345570 [debug] [Thread-3 (]: Writing injected SQL for node "model.tiki_gold.fact_price_daily"
[0m00:06:52.346469 [debug] [Thread-3 (]: Began executing node model.tiki_gold.fact_price_daily
[0m00:06:52.367548 [debug] [Thread-3 (]: Writing runtime sql for node "model.tiki_gold.fact_price_daily"
[0m00:06:52.368528 [debug] [Thread-3 (]: Using postgres connection "model.tiki_gold.fact_price_daily"
[0m00:06:52.368864 [debug] [Thread-3 (]: On model.tiki_gold.fact_price_daily: /* {"app": "dbt", "dbt_version": "1.12.3", "profile_name": "tiki", "target_name": "dev", "node_id": "model.tiki_gold.fact_price_daily"} */

  
    

  create  table "tiki"."gold"."fact_price_daily__dbt_tmp"
  
  
    as
  
  (
    select distinct on (product_id, dt, hour)
    product_id,
    dt,
    hour,
    price,
    list_price,
    discount,
    discount_rate,
    rating_average,
    review_count,
    quantity_sold,
    inventory_status,
    badge_count,
    page,
    crawled_at
from "tiki"."staging"."stg_listings"
order by product_id, dt, hour, category_slug
  );
  
[0m00:06:52.369170 [debug] [Thread-3 (]: Opening a new connection, currently in state init
[0m00:06:52.825387 [debug] [Thread-3 (]: SQL status: SELECT 76188 in 0.456 seconds
[0m00:06:52.832829 [debug] [Thread-3 (]: Using postgres connection "model.tiki_gold.fact_price_daily"
[0m00:06:52.833338 [debug] [Thread-3 (]: On model.tiki_gold.fact_price_daily: /* {"app": "dbt", "dbt_version": "1.12.3", "profile_name": "tiki", "target_name": "dev", "node_id": "model.tiki_gold.fact_price_daily"} */
alter table "tiki"."gold"."fact_price_daily" rename to "fact_price_daily__dbt_backup"
[0m00:06:52.834622 [debug] [Thread-3 (]: SQL status: ALTER TABLE in 0.001 seconds
[0m00:06:52.837388 [debug] [Thread-3 (]: Using postgres connection "model.tiki_gold.fact_price_daily"
[0m00:06:52.837768 [debug] [Thread-3 (]: On model.tiki_gold.fact_price_daily: /* {"app": "dbt", "dbt_version": "1.12.3", "profile_name": "tiki", "target_name": "dev", "node_id": "model.tiki_gold.fact_price_daily"} */
alter table "tiki"."gold"."fact_price_daily__dbt_tmp" rename to "fact_price_daily"
[0m00:06:52.839028 [debug] [Thread-3 (]: SQL status: ALTER TABLE in 0.001 seconds
[0m00:06:52.844080 [debug] [Thread-3 (]: On model.tiki_gold.fact_price_daily: COMMIT
[0m00:06:52.844645 [debug] [Thread-3 (]: Using postgres connection "model.tiki_gold.fact_price_daily"
[0m00:06:52.845038 [debug] [Thread-3 (]: On model.tiki_gold.fact_price_daily: COMMIT
[0m00:06:52.863549 [debug] [Thread-3 (]: SQL status: COMMIT in 0.018 seconds
[0m00:06:52.865637 [debug] [Thread-3 (]: Applying DROP to: "tiki"."gold"."fact_price_daily__dbt_backup"
[0m00:06:52.869261 [debug] [Thread-3 (]: Using postgres connection "model.tiki_gold.fact_price_daily"
[0m00:06:52.869722 [debug] [Thread-3 (]: On model.tiki_gold.fact_price_daily: /* {"app": "dbt", "dbt_version": "1.12.3", "profile_name": "tiki", "target_name": "dev", "node_id": "model.tiki_gold.fact_price_daily"} */
drop table if exists "tiki"."gold"."fact_price_daily__dbt_backup" cascade
[0m00:06:52.878963 [debug] [Thread-3 (]: SQL status: DROP TABLE in 0.009 seconds
[0m00:06:52.880550 [debug] [Thread-3 (]: On model.tiki_gold.fact_price_daily: Close
[0m00:06:52.881219 [debug] [Thread-3 (]: Sending event: {'category': 'dbt', 'action': 'run_model', 'label': '689dd499-cd5f-4f78-b7ba-f8c7312d494a', 'context': [<snowplow_tracker.self_describing_json.SelfDescribingJson object at 0x7074d6c1bdd0>]}
[0m00:06:52.881822 [info ] [Thread-3 (]: 2 of 2 OK created sql table model gold.fact_price_daily ........................ [[32mSELECT 76188[0m in 0.54s]
[0m00:06:52.882476 [debug] [Thread-3 (]: Finished running node model.tiki_gold.fact_price_daily
[0m00:06:52.884874 [debug] [MainThread]: On master: COMMIT
[0m00:06:52.885302 [debug] [MainThread]: Using postgres connection "master"
[0m00:06:52.885603 [debug] [MainThread]: On master: COMMIT
[0m00:06:52.885924 [debug] [MainThread]: Opening a new connection, currently in state closed
[0m00:06:52.911460 [debug] [MainThread]: SQL status: COMMIT in 0.025 seconds
[0m00:06:52.911946 [debug] [MainThread]: On master: Close
[0m00:06:52.912587 [debug] [MainThread]: Connection 'master' was properly closed.
[0m00:06:52.912901 [debug] [MainThread]: Connection 'list_tiki_staging' was properly closed.
[0m00:06:52.913151 [debug] [MainThread]: Connection 'model.tiki_gold.stg_listings' was properly closed.
[0m00:06:52.913411 [debug] [MainThread]: Connection 'model.tiki_gold.fact_price_daily' was properly closed.
[0m00:06:52.913741 [info ] [MainThread]: 
[0m00:06:52.914190 [info ] [MainThread]: Finished running 1 table model, 1 view model in 0 hours 0 minutes and 0.96 seconds (0.96s).
[0m00:06:52.915076 [debug] [MainThread]: Command end result
[0m00:06:52.960297 [debug] [MainThread]: Wrote artifact WritableManifest to /home/hai/tiki-crawl/dbt/target/manifest.json
[0m00:06:52.962996 [debug] [MainThread]: Wrote artifact SemanticManifest to /home/hai/tiki-crawl/dbt/target/semantic_manifest.json
[0m00:06:52.965339 [debug] [MainThread]: Wrote artifact OsiDocument to /home/hai/tiki-crawl/dbt/target/osi_document.json
[0m00:06:52.974891 [debug] [MainThread]: Wrote artifact RunExecutionResult to /home/hai/tiki-crawl/dbt/target/run_results.json
[0m00:06:52.975280 [info ] [MainThread]: 
[0m00:06:52.975715 [info ] [MainThread]: [32mCompleted successfully[0m
[0m00:06:52.976598 [info ] [MainThread]: 
[0m00:06:52.976999 [info ] [MainThread]: Done. PASS=2 WARN=0 ERROR=0 SKIP=0 NO-OP=0 REUSED=0 TOTAL=2
[0m00:06:52.979427 [debug] [MainThread]: Resource report: {"command_name": "run", "command_success": true, "command_wall_clock_time": 2.0958855, "process_in_blocks": "2904", "process_kernel_time": 1.042861, "process_mem_max_rss": "133604", "process_out_blocks": "2368", "process_user_time": 2.782259}
[0m00:06:52.980038 [debug] [MainThread]: Command `dbt run` succeeded at 00:06:52.979924 after 2.10 seconds
[0m00:06:52.980403 [debug] [MainThread]: Sending event: {'category': 'dbt', 'action': 'invocation', 'label': 'end', 'context': [<snowplow_tracker.self_describing_json.SelfDescribingJson object at 0x7074da902f00>, <snowplow_tracker.self_describing_json.SelfDescribingJson object at 0x7074d861be00>, <snowplow_tracker.self_describing_json.SelfDescribingJson object at 0x7074d39907d0>]}
[0m00:06:52.980784 [debug] [MainThread]: Flushing usage events
[0m00:06:54.076291 [debug] [MainThread]: An error was encountered while trying to flush usage events
[0m00:06:55.624158 [debug] [MainThread]: Sending event: {'category': 'dbt', 'action': 'invocation', 'label': 'start', 'context': [<snowplow_tracker.self_describing_json.SelfDescribingJson object at 0x727e4202ddc0>, <snowplow_tracker.self_describing_json.SelfDescribingJson object at 0x727e41eb5f70>, <snowplow_tracker.self_describing_json.SelfDescribingJson object at 0x727e4378bb00>]}


============================== 00:06:55.627301 | 428bdd8f-8350-4ca0-a1fc-dc4775490166 ==============================
[0m00:06:55.627301 [info ] [MainThread]: Running with dbt=1.12.3
[0m00:06:55.627869 [debug] [MainThread]: running dbt with arguments {'introspect': 'True', 'warn_error_options': 'WarnErrorOptionsV2(error=[], warn=[], silence=[])', 'invocation_command': 'dbt snapshot --profiles-dir .', 'debug': 'False', 'indirect_selection': 'eager', 'hints_enabled': 'True', 'send_anonymous_usage_stats': 'True', 'maximum_seed_size_mib': '1', 'use_experimental_parser': 'False', 'version_check': 'True', 'cache_selected_only': 'False', 'warn_error': 'None', 'log_format': 'default', 'fail_fast': 'False', 'write_json': 'True', 'profiles_dir': '.', 'printer_width': '80', 'log_cache_events': 'False', 'use_colors': 'True', 'target_path': 'None', 'partial_parse': 'True', 'no_print': 'None', 'empty': 'False', 'log_path': '/home/hai/tiki-crawl/dbt/logs', 'quiet': 'False', 'static_parser': 'True'}
[0m00:06:55.800623 [debug] [MainThread]: Sending event: {'category': 'dbt', 'action': 'project_id', 'label': '428bdd8f-8350-4ca0-a1fc-dc4775490166', 'context': [<snowplow_tracker.self_describing_json.SelfDescribingJson object at 0x727e401283b0>]}
[0m00:06:55.869065 [debug] [MainThread]: Sending event: {'category': 'dbt', 'action': 'adapter_info', 'label': '428bdd8f-8350-4ca0-a1fc-dc4775490166', 'context': [<snowplow_tracker.self_describing_json.SelfDescribingJson object at 0x727e40abaa50>]}
[0m00:06:55.870194 [info ] [MainThread]: Registered adapter: postgres=1.11.0
[0m00:06:55.972199 [debug] [MainThread]: checksum: b11284278684f540b15704c99909c8df3c16bdaf6844ccd0ae0d76372c1b52b6, vars: {}, profile: tiki, target: dev, version: 1.12.3
[0m00:06:56.124735 [debug] [MainThread]: Partial parsing enabled: 0 files deleted, 0 files added, 0 files changed.
[0m00:06:56.125165 [debug] [MainThread]: Nothing changed, skipping partial parsing.
[0m00:06:56.125427 [debug] [MainThread]: Partial parsing enabled, no changes found, skipping parsing
[0m00:06:56.136663 [debug] [MainThread]: Sending event: {'category': 'dbt', 'action': 'load_project', 'label': '428bdd8f-8350-4ca0-a1fc-dc4775490166', 'context': [<snowplow_tracker.self_describing_json.SelfDescribingJson object at 0x727e4012a9c0>]}
[0m00:06:56.320727 [debug] [MainThread]: Wrote artifact WritableManifest to /home/hai/tiki-crawl/dbt/target/manifest.json
[0m00:06:56.324482 [debug] [MainThread]: Wrote artifact SemanticManifest to /home/hai/tiki-crawl/dbt/target/semantic_manifest.json
[0m00:06:56.337679 [debug] [MainThread]: Wrote artifact OsiDocument to /home/hai/tiki-crawl/dbt/target/osi_document.json
[0m00:06:56.347427 [debug] [MainThread]: Sending event: {'category': 'dbt', 'action': 'resource_counts', 'label': '428bdd8f-8350-4ca0-a1fc-dc4775490166', 'context': [<snowplow_tracker.self_describing_json.SelfDescribingJson object at 0x727e3f537890>]}
[0m00:06:56.347902 [info ] [MainThread]: Found 2 models, 1 snapshot, 6 data tests, 1 source, 478 macros
[0m00:06:56.348232 [debug] [MainThread]: Sending event: {'category': 'dbt', 'action': 'runnable_timing', 'label': '428bdd8f-8350-4ca0-a1fc-dc4775490166', 'context': [<snowplow_tracker.self_describing_json.SelfDescribingJson object at 0x727e3ed67fb0>]}
[0m00:06:56.350347 [info ] [MainThread]: 
[0m00:06:56.350750 [info ] [MainThread]: Concurrency: 4 threads (target='dev')
[0m00:06:56.351025 [info ] [MainThread]: 
[0m00:06:56.351629 [debug] [MainThread]: Acquiring new postgres connection 'master'
[0m00:06:56.352776 [debug] [ThreadPool]: Acquiring new postgres connection 'list_tiki'
[0m00:06:56.393130 [debug] [ThreadPool]: Using postgres connection "list_tiki"
[0m00:06:56.393783 [debug] [ThreadPool]: On list_tiki: /* {"app": "dbt", "dbt_version": "1.12.3", "profile_name": "tiki", "target_name": "dev", "connection_name": "list_tiki"} */

    select distinct nspname from pg_namespace
  
[0m00:06:56.394084 [debug] [ThreadPool]: Opening a new connection, currently in state init
[0m00:06:56.408497 [debug] [ThreadPool]: SQL status: SELECT 9 in 0.014 seconds
[0m00:06:56.410080 [debug] [ThreadPool]: On list_tiki: Close
[0m00:06:56.414171 [debug] [ThreadPool]: Re-using an available connection from the pool (formerly list_tiki, now list_tiki_staging)
[0m00:06:56.420864 [debug] [ThreadPool]: Acquiring new postgres connection 'list_tiki_gold'
[0m00:06:56.512524 [debug] [ThreadPool]: Using postgres connection "list_tiki_staging"
[0m00:06:56.513999 [debug] [ThreadPool]: Using postgres connection "list_tiki_gold"
[0m00:06:56.514475 [debug] [ThreadPool]: On list_tiki_staging: /* {"app": "dbt", "dbt_version": "1.12.3", "profile_name": "tiki", "target_name": "dev", "connection_name": "list_tiki_staging"} */
select
      'tiki' as database,
      tablename as name,
      schemaname as schema,
      'table' as type
    from pg_tables
    where schemaname ilike 'staging'
    union all
    select
      'tiki' as database,
      viewname as name,
      schemaname as schema,
      'view' as type
    from pg_views
    where schemaname ilike 'staging'
    union all
    select
      'tiki' as database,
      matviewname as name,
      schemaname as schema,
      'materialized_view' as type
    from pg_matviews
    where schemaname ilike 'staging'
    union all
    select distinct
     'tiki' as database,
     proname as name,
     ns.nspname as schema,
     'function' as type
    from pg_proc
     join pg_namespace as ns on pronamespace = ns.oid
    where ns.nspname ilike 'staging'
  
[0m00:06:56.514856 [debug] [ThreadPool]: On list_tiki_gold: /* {"app": "dbt", "dbt_version": "1.12.3", "profile_name": "tiki", "target_name": "dev", "connection_name": "list_tiki_gold"} */
select
      'tiki' as database,
      tablename as name,
      schemaname as schema,
      'table' as type
    from pg_tables
    where schemaname ilike 'gold'
    union all
    select
      'tiki' as database,
      viewname as name,
      schemaname as schema,
      'view' as type
    from pg_views
    where schemaname ilike 'gold'
    union all
    select
      'tiki' as database,
      matviewname as name,
      schemaname as schema,
      'materialized_view' as type
    from pg_matviews
    where schemaname ilike 'gold'
    union all
    select distinct
     'tiki' as database,
     proname as name,
     ns.nspname as schema,
     'function' as type
    from pg_proc
     join pg_namespace as ns on pronamespace = ns.oid
    where ns.nspname ilike 'gold'
  
[0m00:06:56.515341 [debug] [ThreadPool]: Opening a new connection, currently in state closed
[0m00:06:56.515646 [debug] [ThreadPool]: Opening a new connection, currently in state init
[0m00:06:56.530374 [debug] [ThreadPool]: SQL status: SELECT 2 in 0.015 seconds
[0m00:06:56.532894 [debug] [ThreadPool]: On list_tiki_gold: ROLLBACK
[0m00:06:56.533392 [debug] [ThreadPool]: SQL status: SELECT 1 in 0.018 seconds
[0m00:06:56.534581 [debug] [ThreadPool]: On list_tiki_staging: ROLLBACK
[0m00:06:56.534864 [debug] [ThreadPool]: On list_tiki_gold: Close
[0m00:06:56.535593 [debug] [ThreadPool]: On list_tiki_staging: Close
[0m00:06:56.541399 [debug] [MainThread]: Using postgres connection "master"
[0m00:06:56.541982 [debug] [MainThread]: On master: /* {"app": "dbt", "dbt_version": "1.12.3", "profile_name": "tiki", "target_name": "dev", "connection_name": "master"} */
select distinct
        dependent_namespace.nspname as dependent_schema,
        dependent_class.relname as dependent_name,
        referenced_namespace.nspname as referenced_schema,
        referenced_class.relname as referenced_name

    -- Query for views: views are entries in pg_class with an entry in pg_rewrite, but we avoid
    -- a seq scan on pg_rewrite by leveraging the fact there is an "internal" row in pg_depend for
    -- the view...
    from pg_class as dependent_class
    join pg_namespace as dependent_namespace on dependent_namespace.oid = dependent_class.relnamespace
    join pg_depend as dependent_depend on dependent_depend.refobjid = dependent_class.oid
        and dependent_depend.classid = 'pg_rewrite'::regclass
        and dependent_depend.refclassid = 'pg_class'::regclass
        and dependent_depend.deptype = 'i'

    -- ... and via pg_depend (that has a row per column, hence the need for "distinct" above, and
    -- making sure to exclude the internal row to avoid a view appearing to depend on itself)...
    join pg_depend as joining_depend on joining_depend.objid = dependent_depend.objid
        and joining_depend.classid = 'pg_rewrite'::regclass
        and joining_depend.refclassid = 'pg_class'::regclass
        and joining_depend.refobjid != dependent_depend.refobjid

    -- ... we can find the tables they query from in pg_class, but excluding system tables. Note we
    -- don't need need to exclude _dependent_ system tables, because they only query from other
    -- system tables, and so are automatically excluded by excluding _referenced_ system tables
    join pg_class as referenced_class on referenced_class.oid = joining_depend.refobjid
    join pg_namespace as referenced_namespace on referenced_namespace.oid = referenced_class.relnamespace
        and referenced_namespace.nspname != 'information_schema'
        and referenced_namespace.nspname not like 'pg\_%'

    order by
        dependent_schema, dependent_name, referenced_schema, referenced_name;
[0m00:06:56.542303 [debug] [MainThread]: Opening a new connection, currently in state init
[0m00:06:56.556268 [debug] [MainThread]: SQL status: SELECT 1 in 0.014 seconds
[0m00:06:56.557649 [debug] [MainThread]: Sending event: {'category': 'dbt', 'action': 'runnable_timing', 'label': '428bdd8f-8350-4ca0-a1fc-dc4775490166', 'context': [<snowplow_tracker.self_describing_json.SelfDescribingJson object at 0x727e3e586780>]}
[0m00:06:56.558132 [debug] [MainThread]: On master: ROLLBACK
[0m00:06:56.558777 [debug] [MainThread]: On master: COMMIT
[0m00:06:56.559173 [debug] [MainThread]: Using postgres connection "master"
[0m00:06:56.559496 [debug] [MainThread]: On master: COMMIT
[0m00:06:56.560518 [debug] [MainThread]: SQL status: COMMIT in 0.001 seconds
[0m00:06:56.560899 [debug] [MainThread]: On master: Close
[0m00:06:56.565306 [debug] [Thread-1 (]: Began running node snapshot.tiki_gold.dim_product_snapshot
[0m00:06:56.566131 [info ] [Thread-1 (]: 1 of 1 START snapshot gold.dim_product_snapshot ................................ [RUN]
[0m00:06:56.566855 [debug] [Thread-1 (]: Re-using an available connection from the pool (formerly list_tiki_staging, now snapshot.tiki_gold.dim_product_snapshot)
[0m00:06:56.567260 [debug] [Thread-1 (]: Began compiling node snapshot.tiki_gold.dim_product_snapshot
[0m00:06:56.574604 [debug] [Thread-1 (]: Writing injected SQL for node "snapshot.tiki_gold.dim_product_snapshot"
[0m00:06:56.575767 [debug] [Thread-1 (]: Began executing node snapshot.tiki_gold.dim_product_snapshot
[0m00:06:56.638561 [debug] [Thread-1 (]: Using postgres connection "snapshot.tiki_gold.dim_product_snapshot"
[0m00:06:56.639296 [debug] [Thread-1 (]: On snapshot.tiki_gold.dim_product_snapshot: /* {"app": "dbt", "dbt_version": "1.12.3", "profile_name": "tiki", "target_name": "dev", "node_id": "snapshot.tiki_gold.dim_product_snapshot"} */
select * from (
        select name, brand_id, brand_name, seller_id, seller_name, category_id, category_name, is_authentic, thumbnail_url, url, url_key from (
                



-- Moi lan snapshot chay: lay ban ghi MOI NHAT cua tung product_id trong lan
-- crawl vua nap (co the co nhieu dong trung product_id do trung category).
--
-- Tie-break bang category_slug (khong chi crawled_at): 1 san pham co the
-- xuat hien o 2 category CUNG luc, CUNG crawled_at (vd sach nam ca trong
-- "nha-sach-tiki" va "sach-tieng-viet") - neu khong co tie-break on dinh,
-- Postgres chon dong nao trong 2 dong tie la KHONG XAC DINH, khien
-- category_id doi qua doi lai giua cac lan chay va lam SCD2 tuong nham
-- la san pham doi category that (da gap bug nay that khi test lai).
select distinct on (product_id)
    product_id,
    sku,
    name,
    url_key,
    url,
    brand_id,
    brand_name,
    seller_id,
    seller_name,
    category_id,
    category_name,
    is_authentic,
    thumbnail_url
from "tiki"."staging"."stg_listings"
order by product_id, crawled_at desc, category_slug

            ) subq
    ) as __dbt_sbq
    where false
    limit 0

    
[0m00:06:56.639916 [debug] [Thread-1 (]: Opening a new connection, currently in state closed
[0m00:06:56.651713 [debug] [Thread-1 (]: SQL status: SELECT 0 in 0.012 seconds
[0m00:06:56.665410 [debug] [Thread-1 (]: Using postgres connection "snapshot.tiki_gold.dim_product_snapshot"
[0m00:06:56.666136 [debug] [Thread-1 (]: On snapshot.tiki_gold.dim_product_snapshot: /* {"app": "dbt", "dbt_version": "1.12.3", "profile_name": "tiki", "target_name": "dev", "node_id": "snapshot.tiki_gold.dim_product_snapshot"} */

      select
          column_name,
          data_type,
          character_maximum_length,
          numeric_precision,
          numeric_scale

      from "tiki".INFORMATION_SCHEMA.columns
      where table_name = 'dim_product_snapshot'
        
        and table_schema = 'gold'
        
      order by ordinal_position

  
[0m00:06:56.678777 [debug] [Thread-1 (]: SQL status: SELECT 17 in 0.012 seconds
[0m00:06:56.686545 [debug] [Thread-1 (]: Using postgres connection "snapshot.tiki_gold.dim_product_snapshot"
[0m00:06:56.687938 [debug] [Thread-1 (]: On snapshot.tiki_gold.dim_product_snapshot: /* {"app": "dbt", "dbt_version": "1.12.3", "profile_name": "tiki", "target_name": "dev", "node_id": "snapshot.tiki_gold.dim_product_snapshot"} */

      select
          column_name,
          data_type,
          character_maximum_length,
          numeric_precision,
          numeric_scale

      from "tiki".INFORMATION_SCHEMA.columns
      where table_name = 'dim_product_snapshot'
        
        and table_schema = 'gold'
        
      order by ordinal_position

  
[0m00:06:56.692159 [debug] [Thread-1 (]: SQL status: SELECT 17 in 0.004 seconds
[0m00:06:56.746963 [debug] [Thread-1 (]: Using postgres connection "snapshot.tiki_gold.dim_product_snapshot"
[0m00:06:56.747791 [debug] [Thread-1 (]: On snapshot.tiki_gold.dim_product_snapshot: /* {"app": "dbt", "dbt_version": "1.12.3", "profile_name": "tiki", "target_name": "dev", "node_id": "snapshot.tiki_gold.dim_product_snapshot"} */

        
  
    

  create temporary table "dim_product_snapshot__dbt_tmp000656739055"
  
  
    as
  
  (
    
    
    with snapshot_query as (

        



-- Moi lan snapshot chay: lay ban ghi MOI NHAT cua tung product_id trong lan
-- crawl vua nap (co the co nhieu dong trung product_id do trung category).
--
-- Tie-break bang category_slug (khong chi crawled_at): 1 san pham co the
-- xuat hien o 2 category CUNG luc, CUNG crawled_at (vd sach nam ca trong
-- "nha-sach-tiki" va "sach-tieng-viet") - neu khong co tie-break on dinh,
-- Postgres chon dong nao trong 2 dong tie la KHONG XAC DINH, khien
-- category_id doi qua doi lai giua cac lan chay va lam SCD2 tuong nham
-- la san pham doi category that (da gap bug nay that khi test lai).
select distinct on (product_id)
    product_id,
    sku,
    name,
    url_key,
    url,
    brand_id,
    brand_name,
    seller_id,
    seller_name,
    category_id,
    category_name,
    is_authentic,
    thumbnail_url
from "tiki"."staging"."stg_listings"
order by product_id, crawled_at desc, category_slug


    ),

    snapshotted_data as (

        select *, 
    
        product_id as dbt_unique_key
    

        from "tiki"."gold"."dim_product_snapshot"
        where
            
                dbt_valid_to is null
            

    ),

    insertions_source_data as (

        select *, 
    
        product_id as dbt_unique_key
    
,
            now()::timestamp without time zone as dbt_updated_at,
            now()::timestamp without time zone as dbt_valid_from,
            
  
  coalesce(nullif(now()::timestamp without time zone, now()::timestamp without time zone), null)
  as dbt_valid_to
,
            md5(coalesce(cast(product_id as varchar ), '')
         || '|' || coalesce(cast(now()::timestamp without time zone as varchar ), '')
        ) as dbt_scd_id

        from snapshot_query
    ),

    updates_source_data as (

        select *, 
    
        product_id as dbt_unique_key
    
,
            now()::timestamp without time zone as dbt_updated_at,
            now()::timestamp without time zone as dbt_valid_from,
            now()::timestamp without time zone as dbt_valid_to

        from snapshot_query
    ),

    insertions as (

        select
            'insert' as dbt_change_type,
            source_data.*

        from insertions_source_data as source_data
        left outer join snapshotted_data
            on 
    
        snapshotted_data.dbt_unique_key = source_data.dbt_unique_key
    

            where 
    
        snapshotted_data.dbt_unique_key is null
    

            or (
    
        snapshotted_data.dbt_unique_key is not null
    
 and (
               (snapshotted_data."name" != source_data."name"
        or
        (
            ((snapshotted_data."name" is null) and not (source_data."name" is null))
            or
            ((not snapshotted_data."name" is null) and (source_data."name" is null))
        ) or snapshotted_data."brand_id" != source_data."brand_id"
        or
        (
            ((snapshotted_data."brand_id" is null) and not (source_data."brand_id" is null))
            or
            ((not snapshotted_data."brand_id" is null) and (source_data."brand_id" is null))
        ) or snapshotted_data."brand_name" != source_data."brand_name"
        or
        (
            ((snapshotted_data."brand_name" is null) and not (source_data."brand_name" is null))
            or
            ((not snapshotted_data."brand_name" is null) and (source_data."brand_name" is null))
        ) or snapshotted_data."seller_id" != source_data."seller_id"
        or
        (
            ((snapshotted_data."seller_id" is null) and not (source_data."seller_id" is null))
            or
            ((not snapshotted_data."seller_id" is null) and (source_data."seller_id" is null))
        ) or snapshotted_data."seller_name" != source_data."seller_name"
        or
        (
            ((snapshotted_data."seller_name" is null) and not (source_data."seller_name" is null))
            or
            ((not snapshotted_data."seller_name" is null) and (source_data."seller_name" is null))
        ) or snapshotted_data."category_id" != source_data."category_id"
        or
        (
            ((snapshotted_data."category_id" is null) and not (source_data."category_id" is null))
            or
            ((not snapshotted_data."category_id" is null) and (source_data."category_id" is null))
        ) or snapshotted_data."category_name" != source_data."category_name"
        or
        (
            ((snapshotted_data."category_name" is null) and not (source_data."category_name" is null))
            or
            ((not snapshotted_data."category_name" is null) and (source_data."category_name" is null))
        ) or snapshotted_data."is_authentic" != source_data."is_authentic"
        or
        (
            ((snapshotted_data."is_authentic" is null) and not (source_data."is_authentic" is null))
            or
            ((not snapshotted_data."is_authentic" is null) and (source_data."is_authentic" is null))
        ) or snapshotted_data."thumbnail_url" != source_data."thumbnail_url"
        or
        (
            ((snapshotted_data."thumbnail_url" is null) and not (source_data."thumbnail_url" is null))
            or
            ((not snapshotted_data."thumbnail_url" is null) and (source_data."thumbnail_url" is null))
        ) or snapshotted_data."url" != source_data."url"
        or
        (
            ((snapshotted_data."url" is null) and not (source_data."url" is null))
            or
            ((not snapshotted_data."url" is null) and (source_data."url" is null))
        ) or snapshotted_data."url_key" != source_data."url_key"
        or
        (
            ((snapshotted_data."url_key" is null) and not (source_data."url_key" is null))
            or
            ((not snapshotted_data."url_key" is null) and (source_data."url_key" is null))
        ))
            )

        )

    ),

    updates as (

        select
            'update' as dbt_change_type,
            source_data.*,
            snapshotted_data.dbt_scd_id

        from updates_source_data as source_data
        join snapshotted_data
            on 
    
        snapshotted_data.dbt_unique_key = source_data.dbt_unique_key
    

        where (
            (snapshotted_data."name" != source_data."name"
        or
        (
            ((snapshotted_data."name" is null) and not (source_data."name" is null))
            or
            ((not snapshotted_data."name" is null) and (source_data."name" is null))
        ) or snapshotted_data."brand_id" != source_data."brand_id"
        or
        (
            ((snapshotted_data."brand_id" is null) and not (source_data."brand_id" is null))
            or
            ((not snapshotted_data."brand_id" is null) and (source_data."brand_id" is null))
        ) or snapshotted_data."brand_name" != source_data."brand_name"
        or
        (
            ((snapshotted_data."brand_name" is null) and not (source_data."brand_name" is null))
            or
            ((not snapshotted_data."brand_name" is null) and (source_data."brand_name" is null))
        ) or snapshotted_data."seller_id" != source_data."seller_id"
        or
        (
            ((snapshotted_data."seller_id" is null) and not (source_data."seller_id" is null))
            or
            ((not snapshotted_data."seller_id" is null) and (source_data."seller_id" is null))
        ) or snapshotted_data."seller_name" != source_data."seller_name"
        or
        (
            ((snapshotted_data."seller_name" is null) and not (source_data."seller_name" is null))
            or
            ((not snapshotted_data."seller_name" is null) and (source_data."seller_name" is null))
        ) or snapshotted_data."category_id" != source_data."category_id"
        or
        (
            ((snapshotted_data."category_id" is null) and not (source_data."category_id" is null))
            or
            ((not snapshotted_data."category_id" is null) and (source_data."category_id" is null))
        ) or snapshotted_data."category_name" != source_data."category_name"
        or
        (
            ((snapshotted_data."category_name" is null) and not (source_data."category_name" is null))
            or
            ((not snapshotted_data."category_name" is null) and (source_data."category_name" is null))
        ) or snapshotted_data."is_authentic" != source_data."is_authentic"
        or
        (
            ((snapshotted_data."is_authentic" is null) and not (source_data."is_authentic" is null))
            or
            ((not snapshotted_data."is_authentic" is null) and (source_data."is_authentic" is null))
        ) or snapshotted_data."thumbnail_url" != source_data."thumbnail_url"
        or
        (
            ((snapshotted_data."thumbnail_url" is null) and not (source_data."thumbnail_url" is null))
            or
            ((not snapshotted_data."thumbnail_url" is null) and (source_data."thumbnail_url" is null))
        ) or snapshotted_data."url" != source_data."url"
        or
        (
            ((snapshotted_data."url" is null) and not (source_data."url" is null))
            or
            ((not snapshotted_data."url" is null) and (source_data."url" is null))
        ) or snapshotted_data."url_key" != source_data."url_key"
        or
        (
            ((snapshotted_data."url_key" is null) and not (source_data."url_key" is null))
            or
            ((not snapshotted_data."url_key" is null) and (source_data."url_key" is null))
        ))
        )
    )

    select * from insertions
    union all
    select * from updates

  );
  
    
[0m00:06:57.681619 [debug] [Thread-1 (]: SQL status: SELECT 141 in 0.932 seconds
[0m00:06:57.685879 [debug] [Thread-1 (]: Using postgres connection "snapshot.tiki_gold.dim_product_snapshot"
[0m00:06:57.686469 [debug] [Thread-1 (]: On snapshot.tiki_gold.dim_product_snapshot: /* {"app": "dbt", "dbt_version": "1.12.3", "profile_name": "tiki", "target_name": "dev", "node_id": "snapshot.tiki_gold.dim_product_snapshot"} */

      select
          column_name,
          data_type,
          character_maximum_length,
          numeric_precision,
          numeric_scale

      from INFORMATION_SCHEMA.columns
      where table_name = 'dim_product_snapshot__dbt_tmp000656739055'
        
      order by ordinal_position

  
[0m00:06:57.689752 [debug] [Thread-1 (]: SQL status: SELECT 19 in 0.003 seconds
[0m00:06:57.693298 [debug] [Thread-1 (]: Using postgres connection "snapshot.tiki_gold.dim_product_snapshot"
[0m00:06:57.693930 [debug] [Thread-1 (]: On snapshot.tiki_gold.dim_product_snapshot: /* {"app": "dbt", "dbt_version": "1.12.3", "profile_name": "tiki", "target_name": "dev", "node_id": "snapshot.tiki_gold.dim_product_snapshot"} */

      select
          column_name,
          data_type,
          character_maximum_length,
          numeric_precision,
          numeric_scale

      from "tiki".INFORMATION_SCHEMA.columns
      where table_name = 'dim_product_snapshot'
        
        and table_schema = 'gold'
        
      order by ordinal_position

  
[0m00:06:57.697041 [debug] [Thread-1 (]: SQL status: SELECT 17 in 0.003 seconds
[0m00:06:57.700036 [debug] [Thread-1 (]: Using postgres connection "snapshot.tiki_gold.dim_product_snapshot"
[0m00:06:57.700525 [debug] [Thread-1 (]: On snapshot.tiki_gold.dim_product_snapshot: /* {"app": "dbt", "dbt_version": "1.12.3", "profile_name": "tiki", "target_name": "dev", "node_id": "snapshot.tiki_gold.dim_product_snapshot"} */

      select
          column_name,
          data_type,
          character_maximum_length,
          numeric_precision,
          numeric_scale

      from INFORMATION_SCHEMA.columns
      where table_name = 'dim_product_snapshot__dbt_tmp000656739055'
        
      order by ordinal_position

  
[0m00:06:57.703847 [debug] [Thread-1 (]: SQL status: SELECT 19 in 0.003 seconds
[0m00:06:57.707294 [debug] [Thread-1 (]: Using postgres connection "snapshot.tiki_gold.dim_product_snapshot"
[0m00:06:57.707793 [debug] [Thread-1 (]: On snapshot.tiki_gold.dim_product_snapshot: /* {"app": "dbt", "dbt_version": "1.12.3", "profile_name": "tiki", "target_name": "dev", "node_id": "snapshot.tiki_gold.dim_product_snapshot"} */

      select
          column_name,
          data_type,
          character_maximum_length,
          numeric_precision,
          numeric_scale

      from "tiki".INFORMATION_SCHEMA.columns
      where table_name = 'dim_product_snapshot'
        
        and table_schema = 'gold'
        
      order by ordinal_position

  
[0m00:06:57.710737 [debug] [Thread-1 (]: SQL status: SELECT 17 in 0.003 seconds
[0m00:06:57.718759 [debug] [Thread-1 (]: Using postgres connection "snapshot.tiki_gold.dim_product_snapshot"
[0m00:06:57.719236 [debug] [Thread-1 (]: On snapshot.tiki_gold.dim_product_snapshot: /* {"app": "dbt", "dbt_version": "1.12.3", "profile_name": "tiki", "target_name": "dev", "node_id": "snapshot.tiki_gold.dim_product_snapshot"} */

      select
          column_name,
          data_type,
          character_maximum_length,
          numeric_precision,
          numeric_scale

      from INFORMATION_SCHEMA.columns
      where table_name = 'dim_product_snapshot__dbt_tmp000656739055'
        
      order by ordinal_position

  
[0m00:06:57.721798 [debug] [Thread-1 (]: SQL status: SELECT 19 in 0.002 seconds
[0m00:06:57.739091 [debug] [Thread-1 (]: Using postgres connection "snapshot.tiki_gold.dim_product_snapshot"
[0m00:06:57.740240 [debug] [Thread-1 (]: On snapshot.tiki_gold.dim_product_snapshot: /* {"app": "dbt", "dbt_version": "1.12.3", "profile_name": "tiki", "target_name": "dev", "node_id": "snapshot.tiki_gold.dim_product_snapshot"} */
select * from (
        
    
    with snapshot_query as (

        



-- Moi lan snapshot chay: lay ban ghi MOI NHAT cua tung product_id trong lan
-- crawl vua nap (co the co nhieu dong trung product_id do trung category).
--
-- Tie-break bang category_slug (khong chi crawled_at): 1 san pham co the
-- xuat hien o 2 category CUNG luc, CUNG crawled_at (vd sach nam ca trong
-- "nha-sach-tiki" va "sach-tieng-viet") - neu khong co tie-break on dinh,
-- Postgres chon dong nao trong 2 dong tie la KHONG XAC DINH, khien
-- category_id doi qua doi lai giua cac lan chay va lam SCD2 tuong nham
-- la san pham doi category that (da gap bug nay that khi test lai).
select distinct on (product_id)
    product_id,
    sku,
    name,
    url_key,
    url,
    brand_id,
    brand_name,
    seller_id,
    seller_name,
    category_id,
    category_name,
    is_authentic,
    thumbnail_url
from "tiki"."staging"."stg_listings"
order by product_id, crawled_at desc, category_slug


    ),

    snapshotted_data as (

        select *, 
    
        product_id as dbt_unique_key
    

        from "tiki"."gold"."dim_product_snapshot"
        where
            
                dbt_valid_to is null
            

    ),

    insertions_source_data as (

        select *, 
    
        product_id as dbt_unique_key
    
,
            now()::timestamp without time zone as dbt_updated_at,
            now()::timestamp without time zone as dbt_valid_from,
            
  
  coalesce(nullif(now()::timestamp without time zone, now()::timestamp without time zone), null)
  as dbt_valid_to
,
            md5(coalesce(cast(product_id as varchar ), '')
         || '|' || coalesce(cast(now()::timestamp without time zone as varchar ), '')
        ) as dbt_scd_id

        from snapshot_query
    ),

    updates_source_data as (

        select *, 
    
        product_id as dbt_unique_key
    
,
            now()::timestamp without time zone as dbt_updated_at,
            now()::timestamp without time zone as dbt_valid_from,
            now()::timestamp without time zone as dbt_valid_to

        from snapshot_query
    ),

    insertions as (

        select
            'insert' as dbt_change_type,
            source_data.*

        from insertions_source_data as source_data
        left outer join snapshotted_data
            on 
    
        snapshotted_data.dbt_unique_key = source_data.dbt_unique_key
    

            where 
    
        snapshotted_data.dbt_unique_key is null
    

            or (
    
        snapshotted_data.dbt_unique_key is not null
    
 and (
               (snapshotted_data."name" != source_data."name"
        or
        (
            ((snapshotted_data."name" is null) and not (source_data."name" is null))
            or
            ((not snapshotted_data."name" is null) and (source_data."name" is null))
        ) or snapshotted_data."brand_id" != source_data."brand_id"
        or
        (
            ((snapshotted_data."brand_id" is null) and not (source_data."brand_id" is null))
            or
            ((not snapshotted_data."brand_id" is null) and (source_data."brand_id" is null))
        ) or snapshotted_data."brand_name" != source_data."brand_name"
        or
        (
            ((snapshotted_data."brand_name" is null) and not (source_data."brand_name" is null))
            or
            ((not snapshotted_data."brand_name" is null) and (source_data."brand_name" is null))
        ) or snapshotted_data."seller_id" != source_data."seller_id"
        or
        (
            ((snapshotted_data."seller_id" is null) and not (source_data."seller_id" is null))
            or
            ((not snapshotted_data."seller_id" is null) and (source_data."seller_id" is null))
        ) or snapshotted_data."seller_name" != source_data."seller_name"
        or
        (
            ((snapshotted_data."seller_name" is null) and not (source_data."seller_name" is null))
            or
            ((not snapshotted_data."seller_name" is null) and (source_data."seller_name" is null))
        ) or snapshotted_data."category_id" != source_data."category_id"
        or
        (
            ((snapshotted_data."category_id" is null) and not (source_data."category_id" is null))
            or
            ((not snapshotted_data."category_id" is null) and (source_data."category_id" is null))
        ) or snapshotted_data."category_name" != source_data."category_name"
        or
        (
            ((snapshotted_data."category_name" is null) and not (source_data."category_name" is null))
            or
            ((not snapshotted_data."category_name" is null) and (source_data."category_name" is null))
        ) or snapshotted_data."is_authentic" != source_data."is_authentic"
        or
        (
            ((snapshotted_data."is_authentic" is null) and not (source_data."is_authentic" is null))
            or
            ((not snapshotted_data."is_authentic" is null) and (source_data."is_authentic" is null))
        ) or snapshotted_data."thumbnail_url" != source_data."thumbnail_url"
        or
        (
            ((snapshotted_data."thumbnail_url" is null) and not (source_data."thumbnail_url" is null))
            or
            ((not snapshotted_data."thumbnail_url" is null) and (source_data."thumbnail_url" is null))
        ) or snapshotted_data."url" != source_data."url"
        or
        (
            ((snapshotted_data."url" is null) and not (source_data."url" is null))
            or
            ((not snapshotted_data."url" is null) and (source_data."url" is null))
        ) or snapshotted_data."url_key" != source_data."url_key"
        or
        (
            ((snapshotted_data."url_key" is null) and not (source_data."url_key" is null))
            or
            ((not snapshotted_data."url_key" is null) and (source_data."url_key" is null))
        ))
            )

        )

    ),

    updates as (

        select
            'update' as dbt_change_type,
            source_data.*,
            snapshotted_data.dbt_scd_id

        from updates_source_data as source_data
        join snapshotted_data
            on 
    
        snapshotted_data.dbt_unique_key = source_data.dbt_unique_key
    

        where (
            (snapshotted_data."name" != source_data."name"
        or
        (
            ((snapshotted_data."name" is null) and not (source_data."name" is null))
            or
            ((not snapshotted_data."name" is null) and (source_data."name" is null))
        ) or snapshotted_data."brand_id" != source_data."brand_id"
        or
        (
            ((snapshotted_data."brand_id" is null) and not (source_data."brand_id" is null))
            or
            ((not snapshotted_data."brand_id" is null) and (source_data."brand_id" is null))
        ) or snapshotted_data."brand_name" != source_data."brand_name"
        or
        (
            ((snapshotted_data."brand_name" is null) and not (source_data."brand_name" is null))
            or
            ((not snapshotted_data."brand_name" is null) and (source_data."brand_name" is null))
        ) or snapshotted_data."seller_id" != source_data."seller_id"
        or
        (
            ((snapshotted_data."seller_id" is null) and not (source_data."seller_id" is null))
            or
            ((not snapshotted_data."seller_id" is null) and (source_data."seller_id" is null))
        ) or snapshotted_data."seller_name" != source_data."seller_name"
        or
        (
            ((snapshotted_data."seller_name" is null) and not (source_data."seller_name" is null))
            or
            ((not snapshotted_data."seller_name" is null) and (source_data."seller_name" is null))
        ) or snapshotted_data."category_id" != source_data."category_id"
        or
        (
            ((snapshotted_data."category_id" is null) and not (source_data."category_id" is null))
            or
            ((not snapshotted_data."category_id" is null) and (source_data."category_id" is null))
        ) or snapshotted_data."category_name" != source_data."category_name"
        or
        (
            ((snapshotted_data."category_name" is null) and not (source_data."category_name" is null))
            or
            ((not snapshotted_data."category_name" is null) and (source_data."category_name" is null))
        ) or snapshotted_data."is_authentic" != source_data."is_authentic"
        or
        (
            ((snapshotted_data."is_authentic" is null) and not (source_data."is_authentic" is null))
            or
            ((not snapshotted_data."is_authentic" is null) and (source_data."is_authentic" is null))
        ) or snapshotted_data."thumbnail_url" != source_data."thumbnail_url"
        or
        (
            ((snapshotted_data."thumbnail_url" is null) and not (source_data."thumbnail_url" is null))
            or
            ((not snapshotted_data."thumbnail_url" is null) and (source_data."thumbnail_url" is null))
        ) or snapshotted_data."url" != source_data."url"
        or
        (
            ((snapshotted_data."url" is null) and not (source_data."url" is null))
            or
            ((not snapshotted_data."url" is null) and (source_data."url" is null))
        ) or snapshotted_data."url_key" != source_data."url_key"
        or
        (
            ((snapshotted_data."url_key" is null) and not (source_data."url_key" is null))
            or
            ((not snapshotted_data."url_key" is null) and (source_data."url_key" is null))
        ))
        )
    )

    select * from insertions
    union all
    select * from updates

    ) as __dbt_sbq
    where false
    limit 0

[0m00:06:57.741921 [debug] [Thread-1 (]: SQL status: SELECT 0 in 0.001 seconds
[0m00:06:57.745164 [debug] [Thread-1 (]: Using postgres connection "snapshot.tiki_gold.dim_product_snapshot"
[0m00:06:57.745770 [debug] [Thread-1 (]: On snapshot.tiki_gold.dim_product_snapshot: /* {"app": "dbt", "dbt_version": "1.12.3", "profile_name": "tiki", "target_name": "dev", "node_id": "snapshot.tiki_gold.dim_product_snapshot"} */
select * from (
        select now()::timestamp without time zone as dbt_snapshot_time
    ) as __dbt_sbq
    where false
    limit 0

[0m00:06:57.746756 [debug] [Thread-1 (]: SQL status: SELECT 0 in 0.001 seconds
[0m00:06:57.747355 [debug] [Thread-1 (]: Writing runtime sql for node "snapshot.tiki_gold.dim_product_snapshot"
[0m00:06:57.748854 [debug] [Thread-1 (]: Using postgres connection "snapshot.tiki_gold.dim_product_snapshot"
[0m00:06:57.749245 [debug] [Thread-1 (]: On snapshot.tiki_gold.dim_product_snapshot: /* {"app": "dbt", "dbt_version": "1.12.3", "profile_name": "tiki", "target_name": "dev", "node_id": "snapshot.tiki_gold.dim_product_snapshot"} */

      update "tiki"."gold"."dim_product_snapshot"
    set dbt_valid_to = DBT_INTERNAL_SOURCE.dbt_valid_to
    from "dim_product_snapshot__dbt_tmp000656739055" as DBT_INTERNAL_SOURCE
    where DBT_INTERNAL_SOURCE.dbt_scd_id::text = "tiki"."gold"."dim_product_snapshot".dbt_scd_id::text
      and DBT_INTERNAL_SOURCE.dbt_change_type::text in ('update'::text, 'delete'::text)
      
        and "tiki"."gold"."dim_product_snapshot".dbt_valid_to is null;
      


    insert into "tiki"."gold"."dim_product_snapshot" ("product_id", "sku", "name", "url_key", "url", "brand_id", "brand_name", "seller_id", "seller_name", "category_id", "category_name", "is_authentic", "thumbnail_url", "dbt_updated_at", "dbt_valid_from", "dbt_valid_to", "dbt_scd_id")
    select DBT_INTERNAL_SOURCE."product_id",DBT_INTERNAL_SOURCE."sku",DBT_INTERNAL_SOURCE."name",DBT_INTERNAL_SOURCE."url_key",DBT_INTERNAL_SOURCE."url",DBT_INTERNAL_SOURCE."brand_id",DBT_INTERNAL_SOURCE."brand_name",DBT_INTERNAL_SOURCE."seller_id",DBT_INTERNAL_SOURCE."seller_name",DBT_INTERNAL_SOURCE."category_id",DBT_INTERNAL_SOURCE."category_name",DBT_INTERNAL_SOURCE."is_authentic",DBT_INTERNAL_SOURCE."thumbnail_url",DBT_INTERNAL_SOURCE."dbt_updated_at",DBT_INTERNAL_SOURCE."dbt_valid_from",DBT_INTERNAL_SOURCE."dbt_valid_to",DBT_INTERNAL_SOURCE."dbt_scd_id"
    from "dim_product_snapshot__dbt_tmp000656739055" as DBT_INTERNAL_SOURCE
    where DBT_INTERNAL_SOURCE.dbt_change_type::text = 'insert'::text;

  
[0m00:06:57.763168 [debug] [Thread-1 (]: SQL status: INSERT 0 76 in 0.013 seconds
[0m00:06:57.782211 [debug] [Thread-1 (]: On snapshot.tiki_gold.dim_product_snapshot: COMMIT
[0m00:06:57.782891 [debug] [Thread-1 (]: Using postgres connection "snapshot.tiki_gold.dim_product_snapshot"
[0m00:06:57.783379 [debug] [Thread-1 (]: On snapshot.tiki_gold.dim_product_snapshot: COMMIT
[0m00:06:57.800106 [debug] [Thread-1 (]: SQL status: COMMIT in 0.016 seconds
[0m00:06:57.804193 [debug] [Thread-1 (]: On snapshot.tiki_gold.dim_product_snapshot: Close
[0m00:06:57.806008 [debug] [Thread-1 (]: Sending event: {'category': 'dbt', 'action': 'run_model', 'label': '428bdd8f-8350-4ca0-a1fc-dc4775490166', 'context': [<snowplow_tracker.self_describing_json.SelfDescribingJson object at 0x727e40a69fd0>]}
[0m00:06:57.806826 [info ] [Thread-1 (]: 1 of 1 OK snapshotted gold.dim_product_snapshot ................................ [[32mINSERT 0 76[0m in 1.24s]
[0m00:06:57.807601 [debug] [Thread-1 (]: Finished running node snapshot.tiki_gold.dim_product_snapshot
[0m00:06:57.809793 [debug] [MainThread]: On master: COMMIT
[0m00:06:57.810209 [debug] [MainThread]: Using postgres connection "master"
[0m00:06:57.810464 [debug] [MainThread]: On master: COMMIT
[0m00:06:57.810788 [debug] [MainThread]: Opening a new connection, currently in state closed
[0m00:06:57.820657 [debug] [MainThread]: SQL status: COMMIT in 0.010 seconds
[0m00:06:57.821203 [debug] [MainThread]: On master: Close
[0m00:06:57.821780 [debug] [MainThread]: Connection 'master' was properly closed.
[0m00:06:57.822030 [debug] [MainThread]: Connection 'snapshot.tiki_gold.dim_product_snapshot' was properly closed.
[0m00:06:57.822276 [debug] [MainThread]: Connection 'list_tiki_gold' was properly closed.
[0m00:06:57.822591 [info ] [MainThread]: 
[0m00:06:57.822921 [info ] [MainThread]: Finished running 1 snapshot in 0 hours 0 minutes and 1.47 seconds (1.47s).
[0m00:06:57.823543 [debug] [MainThread]: Command end result
[0m00:06:57.857643 [debug] [MainThread]: Wrote artifact WritableManifest to /home/hai/tiki-crawl/dbt/target/manifest.json
[0m00:06:57.861756 [debug] [MainThread]: Wrote artifact SemanticManifest to /home/hai/tiki-crawl/dbt/target/semantic_manifest.json
[0m00:06:57.864088 [debug] [MainThread]: Wrote artifact OsiDocument to /home/hai/tiki-crawl/dbt/target/osi_document.json
[0m00:06:57.872396 [debug] [MainThread]: Wrote artifact RunExecutionResult to /home/hai/tiki-crawl/dbt/target/run_results.json
[0m00:06:57.872830 [info ] [MainThread]: 
[0m00:06:57.873311 [info ] [MainThread]: [32mCompleted successfully[0m
[0m00:06:57.873712 [info ] [MainThread]: 
[0m00:06:57.874146 [info ] [MainThread]: Done. PASS=1 WARN=0 ERROR=0 SKIP=0 NO-OP=0 REUSED=0 TOTAL=1
[0m00:06:57.875792 [debug] [MainThread]: Resource report: {"command_name": "snapshot", "command_success": true, "command_wall_clock_time": 2.3314655, "process_in_blocks": "1648", "process_kernel_time": 0.527692, "process_mem_max_rss": "134244", "process_out_blocks": "2368", "process_user_time": 2.58802}
[0m00:06:57.876375 [debug] [MainThread]: Command `dbt snapshot` succeeded at 00:06:57.876249 after 2.33 seconds
[0m00:06:57.876863 [debug] [MainThread]: Sending event: {'category': 'dbt', 'action': 'invocation', 'label': 'end', 'context': [<snowplow_tracker.self_describing_json.SelfDescribingJson object at 0x727e4575ae70>, <snowplow_tracker.self_describing_json.SelfDescribingJson object at 0x727e40c451c0>, <snowplow_tracker.self_describing_json.SelfDescribingJson object at 0x727e428cbf80>]}
[0m00:06:57.877295 [debug] [MainThread]: Flushing usage events
[0m00:06:58.941877 [debug] [MainThread]: An error was encountered while trying to flush usage events
